,game_pk,home_team,home_sp,np,ip,er,k,bb,h
0,718767,SEA,622491,76,6.0,0.0,6,0,1
1,718782,BOS,446372,80,3.33,5.0,4,4,6
2,718780,WSH,571578,85,3.0,2.0,3,3,7
3,718779,TEX,594798,73,3.67,5.0,7,0,6
4,718778,SD,605483,93,4.33,3.0,9,1,6
5,718777,CHC,573186,90,6.0,0.0,8,3,3
6,718776,TB,663556,87,6.0,0.0,6,1,4
7,718781,NYY,543037,95,6.0,0.0,11,2,3
8,718774,MIA,645261,96,5.67,3.0,2,4,3
9,718773,CIN,668881,83,3.33,3.0,8,3,5
10,718772,STL,571945,90,3.33,5.0,6,0,10
11,718770,LAD,628711,79,6.0,2.0,6,0,4
12,718769,OAK,666205,72,5.0,1.0,3,1,4
13,718768,HOU,664285,85,5.0,0.0,4,0,6
14,718775,KC,425844,80,5.33,2.0,4,1,7
15,718771,MIA,666200,91,5.67,0.0,5,4,2
16,718766,SD,607259,101,7.0,4.0,5,2,6
17,718765,LAD,669160,84,7.0,0.0,4,1,3
18,718763,SEA,592662,91,3.33,3.0,3,5,4
19,718764,HOU,664299,82,5.0,3.0,6,1,8
20,718757,OAK,660261,55,2.33,8.0,4,3,5
21,718762,NYY,657376,76,3.33,3.0,5,1,5
22,718761,BOS,519242,74,3.0,7.0,6,2,7
23,718760,HOU,664353,82,4.0,3.0,5,1,7
24,718759,STL,656427,95,5.0,0.0,4,7,0
25,718758,CHC,657006,84,6.0,0.0,8,1,3
26,718756,CIN,666157,109,5.0,2.0,9,2,7
27,718746,SEA,669302,85,6.0,1.0,7,1,4
28,718754,TB,621107,74,5.0,1.0,5,1,3
29,718753,WSH,680686,87,5.0,5.0,4,2,7
30,718752,TEX,543135,82,5.0,3.0,6,2,6
31,718751,KC,543475,86,5.33,1.0,2,2,5
32,718750,SD,608379,83,6.0,4.0,2,3,6
33,718749,LAD,477132,76,6.0,1.0,9,0,4
34,718755,MIA,665795,85,4.0,2.0,2,6,2
35,718742,TB,605488,81,6.0,0.0,12,1,0
36,718748,BOS,656557,70,5.0,3.0,5,1,5
37,718747,NYY,666745,76,5.0,0.0,6,1,2
38,718745,KC,641745,88,4.67,2.0,6,4,5
39,718744,CIN,668933,95,7.0,1.0,6,1,4
40,718743,WSH,669022,93,5.33,1.0,6,4,3
41,718741,MIA,669432,84,4.33,3.0,4,2,4
42,718733,SD,607625,93,7.0,1.0,7,0,4
43,718739,TEX,527048,98,5.67,1.0,7,3,8
44,718738,CHC,592791,63,4.0,3.0,2,1,7
45,718737,STL,656756,91,5.0,3.0,3,1,6
46,718736,LAD,592789,78,6.0,1.0,6,0,4
47,718735,SEA,594835,69,5.0,4.0,1,2,6
48,718734,OAK,686610,96,5.67,6.0,4,1,9
49,718740,HOU,677651,91,5.0,3.0,4,2,7
50,718732,WSH,592866,93,5.0,3.0,3,1,6
51,718731,MIL,642547,85,6.0,0.0,7,3,2
52,718730,CWS,656629,91,4.67,7.0,5,3,8
53,718729,MIA,456501,30,1.0,4.0,0,1,3
54,718728,CIN,656818,80,4.0,5.0,5,1,8
55,718727,STL,663765,95,4.33,6.0,3,3,7
56,718726,TEX,592351,97,6.33,2.0,7,2,4
57,718724,BOS,676710,93,4.0,7.0,6,2,8
58,718723,HOU,686613,93,4.67,4.0,5,3,6
59,718722,SD,677960,90,5.0,2.0,2,1,5
60,718721,OAK,621076,89,5.0,5.0,5,2,7
61,718720,SEA,669923,84,4.33,4.0,5,1,9
62,718719,KC,663903,76,5.0,1.0,3,3,2
63,718718,LAD,675627,63,4.0,3.0,4,2,2
64,718725,NYY,641482,80,5.0,1.0,3,0,7
65,718713,BOS,601713,87,5.0,1.0,6,3,3
66,718717,SD,506433,91,5.0,1.0,3,4,3
67,718716,CIN,570666,83,5.33,2.0,2,3,4
68,718715,WSH,641771,81,5.0,4.0,4,1,4
69,718714,MIA,645261,100,9.0,0.0,5,1,3
70,718711,STL,571927,94,5.33,4.0,7,1,10
71,718712,MIL,489119,79,6.0,0.0,3,0,5
72,718709,TEX,571760,69,2.67,7.0,2,2,7
73,718710,NYY,593334,75,4.67,4.0,8,0,4
74,718708,KC,663460,88,5.0,2.0,4,1,7
75,718707,OAK,676664,98,4.67,3.0,5,1,8
76,718706,SEA,622491,99,5.67,0.0,6,2,2
77,718705,HOU,664285,103,7.0,2.0,9,1,8
78,718703,LAD,628711,87,6.0,0.0,6,0,5
79,718704,WSH,571578,92,6.0,6.0,3,0,10
80,718702,BOS,446372,67,5.0,1.0,2,1,3
81,718701,MIA,666200,99,7.0,1.0,10,1,5
82,718698,MIL,669203,93,4.33,6.0,3,2,7
83,718697,STL,571945,98,6.0,5.0,6,1,9
84,718699,NYY,543037,103,6.33,1.0,8,3,3
85,718695,CWS,656302,99,5.0,1.0,8,5,1
86,718694,TEX,594798,92,6.0,1.0,11,2,2
87,718692,KC,425844,77,6.0,1.0,4,1,7
88,718691,SEA,623167,91,5.0,2.0,4,2,2
89,718689,OAK,666205,95,5.67,2.0,5,3,4
90,718696,HOU,664299,99,6.0,1.0,5,0,5
91,718690,DET,605513,72,5.67,5.0,1,2,5
92,718687,CWS,458681,99,4.33,8.0,5,3,9
93,718686,KC,543475,106,5.67,5.0,9,0,8
94,718683,AZ,518876,99,5.67,2.0,4,4,6
95,718681,ATL,675911,101,5.0,3.0,9,3,4
96,718682,COL,607536,86,6.67,0.0,5,2,4
97,718679,PIT,448179,65,4.0,7.0,1,0,8
98,718693,NYM,656731,88,6.0,0.0,3,2,3
99,718685,PHI,554430,92,5.33,2.0,5,3,5
100,718684,MIN,543243,98,7.0,1.0,13,1,4
101,718680,SF,502171,97,7.0,2.0,6,0,7
102,718678,TB,621107,82,6.0,3.0,7,0,9
103,718688,BAL,665152,87,5.0,4.0,4,3,5
104,718676,ATL,694363,91,4.0,4.0,4,4,6
105,718675,CHC,573186,89,6.0,0.0,6,3,2
106,718674,MIL,605540,84,5.33,0.0,4,2,4
107,718673,COL,570632,71,2.67,4.0,1,3,7
108,718671,AZ,518516,103,4.67,2.0,5,6,5
109,718670,LAA,663776,89,6.0,1.0,2,1,6
110,718677,CLE,650644,103,5.67,4.0,5,1,9
111,718669,CHC,657006,96,6.0,1.0,3,4,4
112,718668,PHI,663559,86,5.0,1.0,2,0,4
113,718667,DET,666214,47,1.67,5.0,0,4,1
114,718666,MIN,657746,81,6.0,4.0,10,1,3
115,718665,TB,605488,89,7.0,0.0,7,3,3
116,718664,BAL,608344,101,4.67,3.0,5,4,4
117,718663,CLE,615698,93,5.0,3.0,3,1,7
118,718672,SF,640455,76,6.0,1.0,8,1,3
119,718661,NYM,673540,90,6.0,1.0,6,3,3
120,718660,MIL,641778,93,4.0,6.0,4,3,7
121,718659,ATL,450203,104,5.0,2.0,6,3,6
122,718658,COL,596295,82,4.67,5.0,5,1,7
123,718657,LAA,542881,88,4.67,5.0,4,2,7
124,718656,AZ,605200,86,4.33,5.0,3,4,5
125,718662,PIT,592826,75,2.67,5.0,1,4,6
126,718655,TB,656876,83,7.0,0.0,8,0,1
127,718654,DET,571510,75,4.67,2.0,4,4,5
128,718653,PIT,670912,89,6.67,0.0,5,0,5
129,718652,PHI,592836,105,4.67,2.0,5,5,3
130,718651,BAL,669330,89,6.0,4.0,6,0,6
131,718650,MIL,642547,102,6.0,1.0,7,3,4
132,718649,MIN,641816,90,6.0,4.0,6,1,8
133,718647,NYM,471911,83,4.67,6.0,1,3,6
134,718646,CLE,668676,91,7.0,2.0,6,1,5
135,718645,COL,663372,90,5.0,3.0,3,3,6
136,718644,LAA,672282,89,5.0,4.0,5,2,5
137,718643,SF,543101,88,6.33,1.0,7,0,3
138,718642,CHC,592791,83,5.0,4.0,7,1,6
139,718639,AZ,669194,96,6.0,3.0,3,2,4
140,718648,ATL,689266,84,4.33,7.0,3,1,10
141,718635,BAL,502043,92,6.33,1.0,4,3,5
142,718641,SF,657277,94,6.0,1.0,6,1,5
143,718638,TB,656222,27,2.0,0.0,2,0,1
144,718637,CLE,669456,99,7.0,2.0,4,3,5
145,718636,ATL,693821,103,6.33,0.0,7,1,6
146,718634,NYM,453286,97,5.0,0.0,6,3,1
147,718640,MIN,628317,83,6.0,4.0,3,0,8
148,718632,PIT,672710,83,3.33,7.0,3,4,9
149,718627,AZ,668678,96,7.0,0.0,11,1,3
150,718628,CHC,592767,76,5.0,1.0,7,1,2
151,718633,PHI,621381,59,5.0,0.0,6,1,4
152,718630,TEX,571760,93,5.0,0.0,10,2,2
153,718629,COL,608566,62,5.0,2.0,4,0,3
154,718631,LAA,660761,80,4.0,4.0,2,1,10
155,718625,TB,663556,95,5.0,1.0,9,4,2
156,718623,PIT,656605,94,6.0,2.0,7,2,6
157,718622,TOR,666201,94,4.33,3.0,3,5,4
158,718621,NYM,656849,89,5.67,2.0,6,2,6
159,718620,ATL,657140,75,3.0,4.0,3,4,4
160,718619,PHI,605400,100,5.67,4.0,6,0,9
161,718626,CLE,683769,67,3.0,8.0,3,2,8
162,718617,CHC,669713,64,1.33,5.0,0,4,6
163,718618,BAL,680570,99,4.33,5.0,6,4,6
164,718611,AZ,518876,98,6.0,3.0,7,4,1
165,718613,COL,607536,83,6.0,2.0,5,2,6
166,718624,SF,622072,75,4.67,0.0,5,3,1
167,718615,TEX,594798,98,7.0,2.0,9,0,7
168,718616,MIN,641154,98,7.67,2.0,10,1,3
169,718614,LAA,660271,92,7.0,0.0,6,5,1
170,718604,CLE,685410,66,4.67,1.0,3,0,4
171,718612,SF,502171,77,3.67,2.0,2,1,8
172,718610,NYM,656731,81,5.0,2.0,3,3,3
173,718609,PHI,554430,95,6.0,1.0,6,3,3
174,718608,PIT,448179,95,6.0,2.0,0,2,5
175,718607,COL,570632,77,5.0,3.0,6,1,5
176,718606,CHC,573186,98,6.0,2.0,6,2,5
177,718605,MIN,543243,78,5.0,0.0,5,2,3
178,718601,ATL,675911,98,5.0,3.0,9,2,4
179,718602,LAA,656288,69,5.0,2.0,4,0,5
180,718600,TB,671737,78,5.0,3.0,8,1,5
181,718599,BAL,665152,90,4.33,4.0,1,2,5
182,718598,AZ,686753,54,4.0,0.0,4,0,3
183,718595,TEX,543135,91,5.0,6.0,7,0,10
184,718603,TOR,592332,103,8.0,3.0,11,0,5
185,718597,CIN,666157,97,5.0,2.0,6,2,8
186,718596,BAL,608344,80,4.0,6.0,4,2,5
187,718594,TB,605488,41,3.0,1.0,5,0,1
188,718593,TOR,605135,107,6.0,2.0,7,3,4
189,718590,NYY,666745,34,0.67,7.0,0,1,6
190,718589,SD,607259,92,6.0,3.0,2,3,5
191,718591,STL,656756,96,6.33,2.0,5,2,6
192,718592,WSH,592866,95,5.0,1.0,2,2,4
193,718588,NYY,641482,93,7.0,2.0,7,0,5
194,718587,TOR,621244,77,5.0,1.0,6,0,4
195,718586,CIN,656818,55,3.0,5.0,0,3,5
196,718585,DET,666214,94,5.67,1.0,7,1,6
197,718583,CWS,605182,92,6.0,0.0,5,5,1
198,718582,STL,663765,81,5.33,0.0,3,1,7
199,718584,MIA,669432,96,6.0,1.0,7,1,5
200,718580,BOS,656557,90,4.0,2.0,6,4,4
201,718579,KC,663903,85,5.0,8.0,8,0,10
202,718578,OAK,621076,95,3.67,6.0,4,7,4
203,718577,SEA,543548,82,4.67,1.0,3,2,3
204,718575,LAD,592789,92,6.0,3.0,9,2,6
205,718574,SD,608379,93,4.33,7.0,3,1,11
206,718581,HOU,677651,91,5.0,5.0,7,2,6
207,718569,TOR,579328,94,6.0,1.0,9,1,4
208,718573,WSH,641771,96,4.67,5.0,2,3,7
209,718576,BOS,601713,99,4.0,6.0,4,3,5
210,718572,NYY,593334,78,6.33,1.0,11,0,3
211,718571,DET,547179,79,4.0,6.0,6,2,8
212,718570,CWS,656629,97,5.0,3.0,4,4,6
213,718568,STL,571927,110,5.67,2.0,6,5,3
214,718561,SEA,669923,90,6.33,2.0,3,0,6
215,718566,CIN,668933,89,6.0,0.0,4,4,4
216,718565,OAK,660261,92,6.0,3.0,5,2,4
217,718564,LAD,675627,79,5.67,1.0,6,2,2
218,718563,KC,663460,100,5.0,5.0,3,1,10
219,718562,HOU,686613,99,7.0,0.0,5,1,5
220,718560,SD,607625,93,3.67,3.0,5,1,8
221,718567,MIA,666129,81,5.67,1.0,5,1,4
222,718559,BOS,676477,99,7.0,1.0,5,2,3
223,718557,NYY,543037,109,9.0,0.0,10,1,2
224,718556,TOR,666201,101,4.67,7.0,5,4,9
225,718555,WSH,571578,94,6.0,2.0,4,0,5
226,718554,CIN,570666,88,3.0,11.0,0,3,14
227,718553,CWS,656302,113,6.0,2.0,5,5,6
228,718552,HOU,664285,95,6.0,1.0,7,2,4
229,718550,MIA,645261,82,6.0,3.0,9,0,6
230,718549,SD,506433,100,7.0,1.0,12,2,4
231,718548,STL,571945,92,5.67,2.0,4,2,7
232,718547,LAD,628711,100,5.67,2.0,6,1,8
233,718546,OAK,676664,88,6.0,2.0,3,0,4
234,718545,SEA,622491,91,7.0,0.0,9,0,2
235,718551,KC,425844,88,6.0,4.0,6,1,4
236,718544,MIA,666200,100,4.33,3.0,6,2,6
237,718542,CIN,668881,47,3.0,0.0,1,0,3
238,718540,BOS,678394,72,2.67,5.0,5,1,8
239,718539,KC,543475,95,8.0,3.0,3,3,4
240,718537,HOU,664299,97,5.0,1.0,5,2,3
241,718538,STL,656427,90,6.0,4.0,4,3,4
242,718535,COL,607536,61,2.67,7.0,1,1,8
243,718534,SEA,623167,78,6.0,4.0,5,1,6
244,718533,SD,677960,94,6.0,2.0,5,2,6
245,718532,LAD,669160,87,5.67,5.0,1,0,8
246,718536,OAK,666205,98,4.0,6.0,3,2,13
247,718527,STL,656756,79,4.0,7.0,2,0,10
248,718543,CWS,608337,102,6.0,0.0,7,1,0
249,718541,DET,593958,99,8.0,0.0,10,0,4
250,718531,WSH,680686,98,5.0,1.0,3,4,4
251,718530,DET,571510,82,5.0,3.0,4,2,5
252,718529,NYY,657376,68,3.67,4.0,5,0,6
253,718528,MIA,665795,92,6.0,2.0,8,2,6
254,718526,CIN,666157,101,4.67,8.0,4,1,12
255,718520,HOU,664353,81,4.33,4.0,4,2,7
256,718524,BOS,519242,94,6.0,1.0,11,2,3
257,718523,OAK,686610,102,5.0,0.0,5,3,5
258,718522,KC,641745,81,4.0,3.0,2,5,3
259,718521,COL,570632,70,4.67,5.0,2,2,7
260,718519,SD,605483,95,5.0,2.0,5,3,3
261,718517,SEA,669302,99,6.0,4.0,8,0,5
262,718516,LAD,477132,105,7.0,0.0,9,0,3
263,718525,CWS,458681,107,5.33,5.0,7,3,10
264,718511,MIA,669432,58,3.0,1.0,3,1,3
265,718515,CIN,686651,84,4.0,7.0,3,1,9
266,718514,KC,663903,97,5.0,5.0,4,3,6
267,718513,DET,605513,82,5.33,3.0,3,3,3
268,718512,STL,663765,82,5.0,4.0,1,1,7
269,718518,WSH,669022,103,6.0,3.0,7,4,3
270,718510,CWS,605182,75,3.0,3.0,1,1,6
271,718506,OAK,695243,81,4.33,2.0,5,1,4
272,718508,LAD,592789,74,6.0,2.0,2,2,5
273,718507,SD,607259,97,7.0,0.0,6,2,3
274,718505,BOS,446372,103,5.0,7.0,4,2,6
275,718504,NYY,666745,84,4.33,1.0,3,3,3
276,718502,SEA,594835,90,6.0,2.0,9,1,4
277,718501,HOU,677651,92,7.0,0.0,9,1,2
278,718509,COL,596295,59,2.0,9.0,1,3,9
279,718503,SF,640455,88,3.67,5.0,3,3,4
280,718500,PIT,672710,93,6.67,1.0,8,2,5
281,718499,CHC,665871,62,3.0,2.0,3,2,3
282,718498,PHI,621381,82,5.33,3.0,11,2,3
283,718497,BOS,656557,96,7.0,3.0,7,1,6
284,718496,NYY,641482,94,6.0,3.0,7,2,4
285,718494,AZ,669194,85,5.0,5.0,4,3,3
286,718493,PHI,605400,94,7.0,3.0,3,3,4
287,718492,PIT,656605,89,6.0,2.0,5,1,4
288,718491,CHC,592767,103,7.67,0.0,10,0,1
289,718495,BAL,669330,95,7.0,0.0,5,1,3
290,718490,TEX,592351,92,5.33,3.0,2,5,6
291,718489,ATL,693821,98,6.0,0.0,6,1,5
292,718487,NYY,593334,91,6.0,4.0,6,2,5
293,718483,MIL,642547,99,5.67,4.0,4,2,5
294,718485,LAA,660271,102,7.0,0.0,11,2,2
295,718484,AZ,668678,96,7.0,0.0,11,0,2
296,718482,MIN,641816,92,6.33,1.0,4,0,3
297,718481,SEA,669923,86,6.0,2.0,5,0,3
298,718480,SF,543101,80,5.0,4.0,5,2,7
299,718486,TB,676534,46,2.0,3.0,3,0,5
300,718474,PIT,448179,96,5.0,0.0,7,3,6
301,718488,CLE,668676,90,5.0,3.0,5,2,10
302,718479,CHC,669713,64,4.33,3.0,1,1,5
303,718478,SF,657277,98,7.0,2.0,8,1,5
304,718477,TB,663556,88,6.0,2.0,10,1,3
305,718476,NYY,543037,96,5.67,0.0,4,2,4
306,718475,PHI,650911,73,4.33,3.0,5,2,5
307,718473,CLE,669456,103,5.67,3.0,4,4,4
308,718464,SEA,622491,100,5.0,3.0,8,2,7
309,718471,ATL,657140,95,5.0,3.0,2,1,7
310,718466,LAA,542881,64,5.33,5.0,1,0,7
311,718467,AZ,518876,94,5.0,4.0,7,5,3
312,718472,BAL,502043,96,6.33,1.0,11,3,2
313,718469,TEX,571760,97,6.0,2.0,4,2,5
314,718470,MIL,489119,80,5.0,2.0,3,1,4
315,718468,MIN,641154,83,4.0,5.0,6,2,8
316,718463,PIT,592826,100,7.0,0.0,10,2,2
317,718462,ATL,608331,107,6.67,0.0,5,3,3
318,718461,MIL,669203,91,5.0,2.0,5,3,5
319,718460,CLE,671106,86,6.0,1.0,8,1,5
320,718459,BAL,680570,92,5.0,0.0,6,3,5
321,718458,PHI,554430,111,6.0,3.0,11,3,3
322,718457,TB,621107,67,5.0,1.0,4,0,3
323,718465,NYY,657376,76,5.67,0.0,8,1,3
324,718455,SF,548389,67,3.33,2.0,1,1,6
325,718454,MIN,641927,89,5.67,1.0,4,3,3
326,718453,TEX,594798,80,6.0,1.0,11,0,3
327,718452,LAA,672282,90,5.67,2.0,6,1,7
328,718451,CHC,573186,95,5.0,5.0,5,1,6
329,718450,SEA,623167,84,4.0,6.0,3,3,9
330,718456,AZ,686753,43,1.0,3.0,1,3,3
331,718449,TB,671737,82,5.0,3.0,6,0,4
332,718448,CLE,615698,80,3.33,5.0,2,2,8
333,718447,BAL,665152,87,5.67,4.0,5,1,7
334,718446,SF,502171,109,9.0,0.0,4,1,6
335,718445,CIN,666157,86,4.0,6.0,6,2,9
336,718444,TOR,605135,98,6.33,2.0,4,3,3
337,718442,MIN,543243,107,7.0,0.0,8,2,3
338,718441,MIL,607067,79,5.0,4.0,1,4,5
339,718438,AZ,674072,73,4.33,3.0,1,4,4
340,718437,LAA,660761,80,5.0,7.0,5,2,8
341,718443,ATL,675911,101,8.0,0.0,13,0,2
342,718433,TOR,621244,103,7.0,0.0,9,1,4
343,718440,CLE,685410,97,4.67,4.0,4,4,6
344,718439,SF,605154,24,1.33,0.0,2,0,1
345,718436,TB,656876,94,4.67,5.0,5,2,9
346,718435,BAL,680694,81,2.33,7.0,1,4,8
347,718434,CIN,596133,99,5.67,6.0,8,2,8
348,718432,PIT,670912,94,5.33,4.0,4,2,6
349,718426,CHC,657006,98,5.33,0.0,5,2,3
350,718430,PHI,663559,98,6.0,3.0,7,0,6
351,718429,ATL,450203,108,7.0,1.0,9,2,3
352,718428,MIL,641778,85,3.0,4.0,4,2,8
353,718427,MIN,657746,91,7.0,1.0,7,0,7
354,718425,LAA,656288,88,5.0,3.0,7,2,4
355,718422,AZ,669194,83,5.0,4.0,3,0,11
356,718431,NYM,676130,93,4.67,2.0,1,6,4
357,718424,CIN,668933,101,6.0,2.0,3,4,3
358,718423,SF,543101,96,6.0,2.0,6,1,6
359,718421,CLE,676440,91,5.67,1.0,8,0,6
360,718420,TOR,579328,89,5.67,0.0,8,1,4
361,718419,MIL,642547,98,6.0,2.0,8,0,5
362,718418,AZ,668678,97,6.33,0.0,12,0,4
363,718417,MIN,628317,72,3.0,10.0,2,2,11
364,718415,PHI,592836,68,4.0,5.0,6,2,5
365,718414,TB,676534,43,2.0,1.0,1,2,1
366,718413,PIT,672710,87,6.0,0.0,5,2,2
367,718412,NYM,673540,94,5.0,2.0,7,4,5
368,718411,ATL,693821,96,5.33,4.0,3,2,5
369,718408,LAA,663776,105,7.0,2.0,5,0,6
370,718407,CHC,592767,89,5.0,2.0,4,1,4
371,718416,BAL,669330,102,5.67,2.0,7,1,4
372,718404,PHI,621381,60,5.33,0.0,5,0,2
373,718410,ATL,657140,45,3.0,0.0,6,1,2
374,718406,CHC,669713,74,5.0,1.0,3,1,4
375,718405,DET,666214,86,5.67,2.0,6,1,4
376,718403,PIT,656605,97,6.0,2.0,10,1,5
377,718409,SF,657277,102,6.67,2.0,7,1,7
378,718400,MIN,641816,66,4.0,1.0,6,0,2
379,718398,NYM,664192,90,5.33,3.0,3,2,5
380,718397,TEX,571760,97,6.0,3.0,6,1,4
381,718402,LAA,660271,93,6.0,5.0,8,2,3
382,718396,CWS,656302,99,4.0,6.0,3,2,9
383,718395,BOS,601713,100,5.0,4.0,5,2,5
384,718394,NYM,656849,73,5.0,4.0,6,1,5
385,718393,CWS,608337,97,6.67,2.0,6,0,8
386,718392,TOR,666201,100,5.0,2.0,7,4,6
387,718391,MIA,666200,96,6.33,2.0,6,2,5
388,718390,COL,607536,94,6.0,3.0,3,1,5
389,718380,OAK,607968,89,5.67,3.0,1,1,11
390,718388,TEX,594798,50,3.67,0.0,2,1,1
391,718387,MIN,641154,92,6.0,6.0,7,1,8
392,718386,MIL,489119,84,6.0,1.0,2,0,7
393,718382,LAD,669160,104,5.0,2.0,4,4,3
394,718389,HOU,664285,109,7.0,3.0,3,0,8
395,718401,DET,571510,102,5.67,6.0,3,1,8
396,718399,WSH,641771,100,3.67,8.0,4,4,7
397,718385,BOS,678394,84,5.0,1.0,6,2,5
398,718384,SD,605397,73,3.33,7.0,3,1,6
399,718383,WSH,571578,91,5.33,3.0,2,1,7
400,718381,DET,593958,98,5.67,1.0,5,2,4
401,718379,TOR,592332,108,7.0,0.0,13,1,6
402,718378,MIN,641927,88,5.67,1.0,6,2,4
403,718376,MIL,669203,91,6.0,1.0,5,1,5
404,718375,MIA,665795,109,5.0,2.0,12,5,3
405,718374,TEX,543135,113,9.0,0.0,8,0,3
406,718373,CWS,458681,103,6.33,4.0,10,2,3
407,718372,HOU,664299,97,5.67,3.0,6,1,7
408,718369,LAD,477132,88,7.0,0.0,9,0,2
409,718366,COL,663562,54,2.0,7.0,2,2,7
410,718377,OAK,666205,80,5.0,1.0,3,2,5
411,718363,TOR,605135,96,5.0,4.0,7,4,2
412,718368,SD,506433,97,6.0,4.0,9,0,9
413,718367,WSH,680686,105,6.0,1.0,6,3,3
414,718370,BOS,519242,98,6.33,1.0,5,0,3
415,718364,MIA,663773,87,5.0,2.0,4,1,5
416,718362,MIN,543243,95,6.0,1.0,7,1,5
417,718365,MIL,607067,86,5.0,2.0,9,1,3
418,718359,LAD,592789,73,5.33,3.0,0,0,8
419,718360,DET,605513,83,4.0,2.0,3,2,5
420,718354,HOU,664353,84,5.33,2.0,3,1,3
421,718355,CWS,605182,90,5.0,2.0,8,1,7
422,718358,COL,596295,89,6.0,1.0,4,2,3
423,718357,OAK,686610,91,5.67,3.0,7,1,6
424,718356,TEX,527048,70,6.0,1.0,2,1,6
425,718361,NYM,656731,87,5.67,3.0,4,3,4
426,718352,NYM,660593,37,1.0,5.0,1,1,5
427,718351,NYY,593334,88,8.33,1.0,6,1,2
428,718353,BOS,446372,104,5.33,3.0,7,4,5
429,718349,WSH,669022,102,4.0,4.0,4,2,7
430,718345,SD,605483,101,6.0,3.0,7,0,8
431,718343,LAD,664062,80,4.67,3.0,3,2,5
432,718350,HOU,677651,8,0.0,0.0,0,0,1
433,718347,TB,642770,19,0.67,0.0,0,2,0
434,718346,MIA,645261,103,5.0,3.0,5,3,6
435,718344,WSH,592866,87,5.33,0.0,4,1,4
436,718342,TEX,592351,90,5.33,4.0,2,1,8
437,718341,BOS,656557,96,6.0,6.0,5,3,6
438,718340,CWS,656629,89,6.0,1.0,7,5,1
439,718339,NYY,543037,108,6.0,2.0,8,3,5
440,718337,HOU,686613,96,4.33,2.0,4,5,4
441,718336,KC,642232,80,3.67,5.0,5,3,5
442,718335,SD,608379,100,6.0,0.0,3,2,2
443,718332,OAK,695243,100,7.0,0.0,6,4,0
444,718331,LAD,628711,95,7.0,1.0,10,1,1
445,718338,STL,571927,93,5.0,4.0,4,2,6
446,718334,COL,663372,74,5.33,2.0,3,1,6
447,718326,HOU,664285,90,6.0,2.0,8,2,5
448,718348,DET,666214,83,6.0,5.0,2,1,9
449,718333,WSH,663623,81,4.33,1.0,3,4,2
450,718330,SD,607625,97,6.0,1.0,5,2,7
451,718329,DET,547179,96,7.0,1.0,1,2,4
452,718328,TB,663556,93,6.0,1.0,9,2,5
453,718327,LAD,694813,77,4.0,4.0,1,2,8
454,718325,TEX,571760,92,4.67,6.0,5,4,4
455,718323,BOS,601713,94,6.0,3.0,6,1,6
456,718322,CWS,656302,98,5.0,4.0,6,4,5
457,718321,MIA,666129,85,4.33,11.0,3,2,14
458,718320,STL,571945,103,5.67,3.0,5,0,8
459,718319,OAK,676664,97,6.0,0.0,7,2,4
460,718315,COL,607536,62,5.0,0.0,5,0,3
461,718314,KC,425844,44,5.0,0.0,3,0,3
462,718324,NYY,657376,79,4.33,0.0,4,2,6
463,718318,DET,593958,102,8.0,0.0,9,1,2
464,718317,WSH,571578,80,7.0,2.0,6,0,3
465,718316,BOS,678394,87,5.0,2.0,5,1,6
466,718313,COL,657756,75,5.0,3.0,1,0,7
467,718312,KC,543475,102,5.0,6.0,3,2,6
468,718311,STL,656427,74,2.33,10.0,3,1,9
469,718310,CWS,608337,101,7.0,1.0,7,3,2
470,718309,TB,621107,80,7.0,0.0,10,0,3
471,718308,MIA,666200,106,5.67,3.0,5,3,7
472,718304,OAK,607968,77,3.67,5.0,3,5,4
473,718307,PIT,448179,89,5.33,4.0,5,2,8
474,718306,CLE,685410,91,7.0,2.0,7,0,2
475,718305,CIN,668881,102,5.67,5.0,7,1,7
476,718303,CHC,657006,86,7.0,1.0,4,0,6
477,718302,NYM,673540,101,6.0,0.0,4,4,2
478,718301,PHI,554430,97,5.33,4.0,5,0,7
479,718300,TB,630023,77,5.33,3.0,0,4,3
480,718293,SF,640455,91,5.0,3.0,6,2,6
481,718298,ATL,608331,104,6.0,5.0,7,2,8
482,718297,SEA,622491,96,7.0,4.0,5,1,5
483,718296,AZ,518876,92,7.0,1.0,10,1,4
484,718295,SD,506433,94,6.67,1.0,6,1,4
485,718294,LAA,542881,103,5.0,2.0,6,5,5
486,718292,STL,656756,89,6.0,2.0,6,1,6
487,718299,KC,641745,95,4.33,6.0,1,4,11
488,718286,PIT,670912,89,5.0,6.0,3,3,10
489,718291,TB,656876,87,5.67,0.0,6,2,2
490,718290,NYM,656731,96,4.67,3.0,4,3,6
491,718289,CHC,592767,83,3.33,2.0,5,3,3
492,718288,STL,425794,90,5.0,4.0,5,0,8
493,718287,SF,502171,107,7.0,0.0,5,2,5
494,718285,CLE,671106,92,5.67,2.0,3,2,7
495,718274,SEA,594835,84,6.0,3.0,4,3,6
496,718283,ATL,675911,95,5.0,2.0,10,0,4
497,718282,AZ,674072,75,6.0,2.0,3,2,6
498,718281,CIN,666157,77,3.67,3.0,3,1,6
499,718280,KC,663903,96,4.0,5.0,4,3,6
500,718279,SD,605483,97,6.0,2.0,6,3,1
501,718275,LAA,672282,94,4.0,3.0,7,2,7
502,718284,PHI,663559,69,3.67,5.0,4,1,6
503,718278,PIT,672710,94,5.0,5.0,4,3,9
504,718277,ATL,693821,96,5.33,1.0,4,4,4
505,718276,NYM,664192,70,4.0,3.0,4,3,4
506,718273,CLE,615698,95,7.0,0.0,4,3,1
507,718272,STL,571927,84,5.33,1.0,2,0,5
508,718271,TB,642770,18,1.0,0.0,1,1,1
509,718270,PHI,592836,85,6.0,1.0,6,0,3
510,718268,KC,642232,66,5.67,1.0,2,0,3
511,718267,SF,548389,90,5.0,5.0,3,2,7
512,718266,SD,605397,81,5.0,0.0,5,3,2
513,718265,SEA,682243,85,6.0,0.0,5,1,2
514,718264,LAA,660761,74,2.67,7.0,3,3,6
515,718263,AZ,669194,90,5.0,2.0,3,1,7
516,718262,CIN,668933,52,1.67,8.0,3,2,6
517,718269,CHC,669713,84,6.0,1.0,6,0,5
518,718257,MIL,642547,94,6.0,1.0,5,2,3
519,718260,SF,543101,92,7.0,5.0,3,1,10
520,718259,BAL,502043,93,6.0,2.0,4,2,6
521,718258,PIT,656605,103,9.0,0.0,8,1,4
522,718256,CHC,573186,89,6.0,2.0,6,1,4
523,718261,CLE,676440,67,3.67,4.0,2,4,7
524,718254,LAA,663776,92,6.33,4.0,2,0,7
525,718249,AZ,668678,90,7.0,1.0,7,1,5
526,718255,NYY,641482,89,5.0,2.0,4,2,6
527,718253,KC,425844,81,5.67,3.0,2,1,6
528,718251,SEA,669302,91,6.67,2.0,10,1,3
529,718248,CLE,669456,101,6.0,0.0,9,1,7
530,718247,NYY,657376,93,6.0,2.0,7,2,5
531,718246,BAL,680570,101,5.67,2.0,4,2,7
532,718245,ATL,450203,100,6.0,2.0,7,2,5
533,718244,PHI,605400,86,6.0,2.0,6,2,5
534,718243,CIN,596133,82,6.0,4.0,2,1,4
535,718252,PIT,682847,74,5.0,2.0,1,1,7
536,718241,MIL,641778,67,3.67,3.0,4,2,4
537,718242,MIN,686973,95,6.0,1.0,6,2,5
538,718236,AZ,694297,88,5.0,6.0,3,2,7
539,718237,LAA,660271,103,7.0,3.0,7,2,6
540,718250,SF,657277,105,7.0,1.0,7,1,9
541,718239,SEA,669923,101,7.0,0.0,9,0,6
542,718240,CHC,592791,69,2.67,4.0,5,2,5
543,718238,KC,543475,112,9.0,4.0,6,0,6
544,718235,LAA,656288,64,3.67,5.0,3,1,5
545,718234,CLE,685410,90,6.0,4.0,4,0,7
546,718233,PHI,554430,107,7.0,1.0,7,1,3
547,718232,NYY,666745,77,4.33,2.0,3,2,5
548,718231,PIT,448179,75,3.67,1.0,4,2,4
549,718230,SF,640455,74,2.67,4.0,4,3,5
550,718229,SEA,622491,98,5.0,3.0,9,0,8
551,718227,BAL,665152,95,6.0,0.0,4,2,4
552,718226,AZ,518876,97,6.0,4.0,6,1,4
553,718224,MIN,641154,98,6.33,1.0,8,4,2
554,718222,KC,641745,88,5.0,1.0,4,4,3
555,718221,CHC,657006,91,6.0,3.0,3,3,7
556,718220,ATL,669276,31,2.67,0.0,3,1,0
557,718228,MIL,489119,94,5.0,7.0,3,2,6
558,718225,CIN,668881,105,5.33,2.0,4,4,6
559,718223,CIN,571882,20,1.33,0.0,1,1,0
560,718219,NYY,593334,87,5.67,1.0,3,3,3
561,718218,KC,663903,80,6.0,1.0,4,2,5
562,718216,MIN,641927,96,6.0,3.0,6,0,6
563,718215,AZ,674072,97,6.67,2.0,2,2,5
564,718217,OAK,665622,87,6.0,3.0,3,0,5
565,718214,WSH,669022,96,4.0,0.0,3,2,5
566,718213,BAL,680694,89,6.0,0.0,6,1,3
567,718212,MIA,691587,88,4.67,2.0,7,2,4
568,718211,BOS,572020,87,5.0,2.0,9,1,4
569,718210,NYY,543037,95,5.0,2.0,4,2,5
570,718208,DET,571510,55,1.33,5.0,1,4,5
571,718207,CWS,656629,94,4.67,2.0,5,6,1
572,718209,MIN,543243,94,5.33,1.0,9,1,4
573,718205,CLE,671106,96,4.33,3.0,5,2,8
574,718204,MIL,669203,104,6.0,0.0,7,4,2
575,718202,COL,596295,77,6.67,3.0,6,0,5
576,718201,LAD,669160,90,6.67,2.0,3,1,5
577,718200,OAK,686610,93,5.0,3.0,5,5,7
578,718199,AZ,669194,93,4.67,4.0,4,1,7
579,718206,TOR,605135,103,9.0,0.0,8,2,2
580,718194,DET,656412,86,6.0,3.0,7,1,4
581,718198,MIA,645261,106,7.67,6.0,9,2,7
582,718203,WSH,592866,35,2.33,1.0,1,0,2
583,718197,NYY,641482,78,4.33,6.0,3,2,7
584,718196,BOS,519242,110,8.0,1.0,9,1,3
585,718195,MIN,657746,102,6.0,0.0,10,1,4
586,718193,BAL,669330,96,7.0,0.0,8,2,1
587,718184,AZ,668678,97,7.67,2.0,6,2,5
588,718191,CLE,615698,107,6.0,3.0,2,3,6
589,718190,OAK,621076,104,7.0,3.0,7,1,6
590,718189,CWS,656302,97,6.0,0.0,5,2,4
591,718188,COL,663372,53,1.67,4.0,0,4,4
592,718185,LAD,628711,86,7.0,2.0,4,0,3
593,718183,MIL,605288,88,4.0,3.0,2,1,8
594,718192,TOR,621244,101,5.67,2.0,3,3,6
595,718178,MIA,666129,82,5.0,1.0,8,1,3
596,718187,BOS,446372,105,5.0,4.0,5,3,7
597,718186,WSH,663623,90,4.67,6.0,6,1,6
598,718182,CLE,676440,98,7.67,1.0,7,0,2
599,718181,TOR,579328,85,4.0,4.0,7,0,9
600,718180,NYY,657376,86,4.67,7.0,5,3,6
601,718177,MIL,607067,81,3.67,4.0,3,2,6
602,718179,BAL,502043,95,5.0,4.0,5,3,7
603,718175,MIN,686973,97,6.33,3.0,7,1,4
604,718176,CWS,608337,88,6.0,4.0,6,0,7
605,718174,COL,607536,88,6.0,0.0,8,1,4
606,718173,DET,666214,59,2.67,3.0,3,1,6
607,718172,OAK,676664,101,5.33,2.0,6,1,5
608,718169,AZ,694297,86,5.0,1.0,5,3,1
609,718168,LAD,664062,85,5.0,0.0,6,1,2
610,718171,BAL,680570,79,3.33,8.0,3,3,9
611,718170,SF,622072,72,4.67,2.0,4,1,4
612,718167,WSH,571578,97,6.0,2.0,1,1,8
613,718166,STL,656427,105,7.0,0.0,10,2,3
614,718165,TEX,674003,90,5.0,6.0,3,2,7
615,718164,TOR,666201,92,4.0,5.0,3,7,6
616,718163,BOS,656557,75,5.0,4.0,5,1,5
617,718162,SD,608379,103,7.0,0.0,11,1,1
618,718161,COL,657756,80,4.33,4.0,3,3,8
619,718160,OAK,607968,89,3.67,5.0,0,5,6
620,718159,LAD,592789,59,4.0,2.0,5,0,4
621,718158,HOU,664285,91,4.0,4.0,8,2,7
622,718157,TOR,592332,102,7.0,2.0,10,2,5
623,718156,SF,502171,86,3.33,2.0,3,5,5
624,718155,DET,547179,99,6.0,0.0,7,2,5
625,718154,BAL,665152,95,5.67,3.0,4,0,6
626,718153,MIA,666200,93,6.0,1.0,7,1,5
627,718152,HOU,664299,88,6.0,1.0,5,2,2
628,718151,STL,656756,98,5.33,3.0,7,1,8
629,718144,SD,607625,42,2.0,5.0,2,2,4
630,718149,BOS,601713,98,5.33,4.0,6,4,6
631,718148,TEX,641540,92,6.0,1.0,4,0,6
632,718147,CWS,458681,97,7.0,1.0,7,0,7
633,718146,OAK,666205,72,4.0,5.0,3,0,8
634,718145,COL,502624,59,5.0,0.0,3,1,1
635,718141,LAD,477132,90,4.0,2.0,7,1,7
636,718150,NYM,434378,96,5.0,6.0,3,2,8
637,718137,BAL,680694,94,6.67,1.0,5,0,4
638,718143,SF,548389,50,3.33,3.0,2,1,4
639,718142,DET,593958,98,5.0,4.0,5,2,6
640,718140,SD,506433,90,5.33,4.0,6,2,6
641,718139,OAK,665622,96,6.0,3.0,6,2,3
642,718138,COL,596295,84,4.33,5.0,1,2,8
643,718136,LAD,669160,16,1.0,0.0,2,0,1
644,718132,MIA,665795,79,5.0,2.0,6,0,5
645,718134,TOR,605135,97,7.0,0.0,7,1,3
646,718133,BOS,678394,107,5.0,1.0,7,5,3
647,718135,NYM,673540,104,6.0,1.0,12,3,3
648,718131,STL,669461,95,5.0,0.0,6,3,3
649,718129,CWS,605182,95,6.0,2.0,5,4,6
650,718127,HOU,641585,72,3.67,6.0,2,2,9
651,718126,TEX,543135,93,7.0,3.0,5,2,5
652,718130,MIA,691587,78,5.0,1.0,6,1,3
653,718128,BAL,669330,95,5.0,3.0,7,1,6
654,718125,CWS,656302,91,6.33,3.0,3,1,5
655,718124,STL,425794,96,5.67,2.0,1,3,5
656,718122,NYM,656731,79,6.0,2.0,4,1,4
657,718121,TOR,621244,96,6.67,3.0,8,1,6
658,718120,CIN,594902,83,5.67,2.0,8,1,2
659,718119,NYM,471911,80,5.0,5.0,3,2,5
660,718118,PIT,670912,96,6.0,1.0,7,3,2
661,718117,TB,663556,83,7.0,0.0,7,1,6
662,718123,WSH,663623,75,2.67,4.0,1,4,5
663,718116,PHI,624133,66,2.0,4.0,4,3,5
664,718115,TOR,579328,81,4.67,3.0,3,4,3
665,718111,CWS,656629,98,8.0,0.0,10,0,1
666,718113,STL,571927,103,4.67,0.0,6,2,6
667,718112,HOU,656232,88,5.0,1.0,9,3,5
668,718110,ATL,693821,87,6.0,2.0,6,1,7
669,718107,SD,605483,87,4.0,6.0,5,2,5
670,718106,LAA,672282,105,5.67,3.0,12,3,2
671,718105,SF,543101,84,5.33,2.0,6,2,5
672,718114,TEX,527048,104,7.0,2.0,7,0,7
673,718101,PIT,656605,84,6.0,2.0,8,0,3
674,718109,STL,571945,100,7.0,3.0,2,0,6
675,718108,WSH,571578,74,6.0,2.0,3,0,6
676,718104,CWS,608337,89,6.0,1.0,4,1,6
677,718103,SF,657277,91,6.0,0.0,7,2,4
678,718102,TOR,666201,85,5.67,2.0,5,1,6
679,718100,TEX,592351,93,5.0,1.0,6,2,5
680,718094,ATL,445926,42,2.33,0.0,3,1,1
681,718097,PHI,605400,98,7.0,2.0,10,1,4
682,718096,LAA,663776,104,4.67,3.0,3,4,5
683,718095,CIN,596133,73,4.33,4.0,4,0,8
684,718098,HOU,686613,97,6.0,1.0,9,0,5
685,718093,TB,621107,85,7.0,3.0,8,0,4
686,718092,SD,605397,97,5.0,4.0,6,1,6
687,718099,NYM,453286,86,6.0,0.0,5,1,3
688,718091,PIT,672710,83,5.0,3.0,3,3,3
689,718090,ATL,694363,85,6.0,1.0,7,1,1
690,718089,WSH,680686,88,5.0,1.0,2,6,3
691,718088,PHI,592836,87,5.33,0.0,3,3,2
692,718087,TOR,592332,115,8.0,2.0,4,2,6
693,718086,HOU,664285,104,9.0,0.0,7,0,4
694,718085,CIN,668881,106,7.0,4.0,10,3,4
695,718084,CWS,458681,100,6.0,2.0,6,2,4
696,718083,STL,656427,103,4.67,3.0,5,4,4
697,718082,NYM,434378,98,8.0,1.0,5,0,3
698,718081,TB,656222,37,2.0,1.0,3,2,1
699,718080,LAA,660271,99,6.0,1.0,9,3,2
700,718079,SD,608379,88,6.0,0.0,4,1,5
701,718078,SF,622072,74,4.33,4.0,5,0,6
702,718076,TEX,571760,95,6.0,0.0,5,2,6
703,718075,PIT,682847,93,7.67,2.0,4,2,5
704,718074,ATL,450203,99,5.0,6.0,5,2,7
705,718073,PHI,554430,108,6.0,3.0,3,1,8
706,718072,CLE,683769,90,6.0,0.0,4,1,2
707,718071,CIN,682227,84,4.33,3.0,3,4,4
708,718077,TB,665001,30,2.0,0.0,0,0,2
709,718069,COL,502624,70,5.67,2.0,1,2,8
710,718068,MIL,669203,91,5.0,5.0,5,2,7
711,718067,MIN,641927,76,5.0,4.0,2,3,3
712,718066,KC,663903,87,3.67,5.0,3,4,7
713,718062,SEA,622491,101,6.0,0.0,8,2,4
714,718070,LAA,642545,64,5.0,0.0,6,0,2
715,718065,PIT,448179,98,5.33,5.0,9,2,7
716,718063,CLE,671106,85,6.0,3.0,4,1,7
717,718061,TB,671737,80,4.0,4.0,7,0,9
718,718060,PHI,621381,28,2.0,2.0,3,0,3
719,718059,CIN,668933,91,5.0,7.0,5,0,10
720,718058,NYY,543037,99,5.0,5.0,2,3,6
721,718057,ATL,675911,104,6.0,2.0,11,3,5
722,718064,WSH,669022,103,4.67,3.0,5,4,7
723,718055,CHC,592767,85,5.0,2.0,5,2,4
724,718054,MIN,543243,105,5.0,2.0,6,2,6
725,718053,LAA,656288,91,7.0,0.0,5,3,2
726,718051,COL,596295,75,5.67,3.0,2,1,4
727,718050,SEA,594835,88,6.0,2.0,4,1,5
728,718049,KC,594577,84,4.67,1.0,8,1,6
729,718056,MIL,607067,82,5.33,0.0,4,2,4
730,718052,WSH,592866,94,5.67,3.0,5,3,3
731,718048,CLE,615698,64,4.0,6.0,2,3,4
732,718047,MIN,657746,107,5.0,1.0,4,2,6
733,718046,MIL,605288,73,5.33,0.0,3,1,2
734,718045,PIT,670912,95,5.67,3.0,5,2,6
735,718044,TB,663556,82,7.0,1.0,7,0,4
736,718043,PHI,624133,85,5.0,5.0,5,1,5
737,718040,NYY,641482,89,6.0,4.0,5,2,5
738,718041,CIN,594902,103,6.0,2.0,8,2,5
739,718039,KC,425844,91,5.0,1.0,5,1,4
740,718038,CHC,573186,88,8.0,2.0,3,2,4
741,718037,SEA,682243,90,6.0,0.0,6,1,2
742,718036,COL,666154,82,4.33,5.0,2,3,6
743,718034,LAA,542881,102,6.0,1.0,3,2,5
744,718042,ATL,693821,101,6.0,1.0,6,1,7
745,718031,DET,656412,94,6.0,2.0,10,0,3
746,718033,COL,607536,91,5.0,2.0,4,2,7
747,718032,TB,621107,94,7.0,1.0,0,2,6
748,718030,CIN,596133,86,6.33,0.0,6,1,3
749,718035,WSH,663623,76,4.0,2.0,4,4,2
750,718028,MIL,527054,83,5.0,1.0,5,1,4
751,718026,ATL,689266,83,5.0,4.0,3,1,7
752,718025,SEA,669302,77,8.0,2.0,6,0,3
753,718024,CHC,543294,86,4.33,3.0,5,2,6
754,718029,NYY,657376,97,5.0,1.0,4,2,5
755,718027,CHC,657006,70,3.67,5.0,4,0,10
756,718023,NYY,681190,84,4.67,2.0,6,3,4
757,718022,CLE,669456,108,6.67,2.0,2,4,5
758,718021,DET,666214,80,4.0,5.0,4,2,6
759,718020,BAL,680570,83,3.33,8.0,6,3,6
760,718019,ATL,694363,89,5.67,3.0,5,3,3
761,718017,MIL,642547,78,2.33,4.0,4,1,8
762,718018,TB,656222,31,1.67,1.0,2,1,3
763,718015,LAA,672282,95,5.0,3.0,5,2,10
764,718014,KC,543475,98,5.0,5.0,2,3,6
765,718013,MIN,686973,100,6.0,3.0,3,0,7
766,718012,SEA,669923,92,4.67,7.0,4,1,9
767,718010,AZ,694297,87,3.67,5.0,4,0,8
768,718009,OAK,621076,93,5.0,4.0,4,2,8
769,718016,COL,657756,90,4.67,3.0,2,2,4
770,718004,SEA,622491,99,6.0,0.0,10,2,1
771,718011,COL,502624,86,5.0,1.0,4,1,4
772,718008,MIN,641154,88,5.67,4.0,6,3,5
773,718007,CHC,592791,80,4.67,4.0,5,1,6
774,718006,NYY,622663,82,6.67,1.0,5,3,1
775,718005,DET,547179,95,6.67,0.0,4,1,2
776,718003,OAK,643493,29,1.0,2.0,1,0,3
777,717991,AZ,605200,75,3.33,2.0,3,2,5
778,718001,BAL,665152,97,6.33,3.0,5,2,5
779,718000,KC,663903,90,5.0,2.0,6,3,4
780,717999,MIL,669203,110,7.0,1.0,8,3,4
781,717998,LAA,660271,109,6.0,1.0,10,3,6
782,717997,ATL,450203,95,5.33,2.0,9,4,7
783,717996,CLE,676440,98,6.0,1.0,9,1,2
784,718002,TB,607192,83,4.33,3.0,8,1,5
785,717989,DET,593958,100,6.0,1.0,6,2,5
786,717995,NYY,543037,100,6.0,5.0,9,3,4
787,717994,TB,676596,86,6.0,8.0,3,2,12
788,717993,CLE,683769,76,4.67,3.0,3,2,5
789,717992,ATL,675911,102,6.0,2.0,9,1,2
790,717990,BAL,680694,85,6.67,1.0,4,1,4
791,717988,MIN,641927,95,5.0,2.0,7,1,5
792,717986,MIL,607067,90,6.0,4.0,6,0,5
793,717985,KC,663738,95,5.33,2.0,6,3,5
794,717984,LAA,663776,89,6.0,2.0,2,2,8
795,717983,SEA,594835,90,5.67,1.0,4,3,3
796,717982,COL,596295,69,4.0,6.0,3,3,8
797,717981,AZ,518876,108,6.33,1.0,10,2,4
798,717980,OAK,686610,16,1.0,1.0,2,0,1
799,717987,CHC,592767,92,4.67,5.0,2,2,7
800,717979,DET,571510,87,6.0,5.0,5,4,5
801,717978,SF,543101,74,7.0,3.0,2,0,8
802,717977,AZ,669194,87,5.0,5.0,1,3,8
803,717976,CHC,573186,105,9.0,0.0,8,1,1
804,717975,STL,425794,105,5.0,3.0,6,2,9
805,717974,BAL,669330,101,6.0,1.0,7,0,4
806,717973,LAD,676272,87,6.0,1.0,4,1,4
807,717971,CWS,656629,102,4.33,4.0,10,2,5
808,717970,OAK,621112,81,4.0,1.0,6,2,4
809,717969,SEA,682243,86,4.67,8.0,3,0,11
810,717968,HOU,641585,97,6.0,4.0,8,3,7
811,717972,SF,605154,15,0.67,1.0,1,0,1
812,717967,BAL,502043,95,5.67,3.0,3,1,7
813,717966,BOS,678394,97,4.0,1.0,4,2,5
814,717965,TOR,579328,98,5.0,2.0,4,5,3
815,717964,DET,656412,73,4.33,6.0,4,1,7
816,717963,MIA,645261,93,6.33,4.0,3,5,5
817,717962,NYM,673540,100,7.0,0.0,9,0,1
818,717955,AZ,668678,90,6.0,0.0,7,2,5
819,717960,STL,571945,102,8.0,0.0,10,1,3
820,717959,CWS,608337,97,5.0,3.0,5,2,4
821,717958,OAK,676664,90,6.0,1.0,2,1,4
822,717957,LAD,664062,70,6.0,1.0,2,2,3
823,717956,HOU,656232,91,5.67,1.0,6,3,4
824,717952,SEA,669302,90,4.0,5.0,4,1,7
825,717961,CHC,543294,75,5.0,1.0,3,3,6
826,717949,OAK,621076,77,4.67,3.0,4,1,5
827,717950,CHC,657006,29,3.0,0.0,1,0,0
828,717948,BOS,572020,100,5.0,1.0,8,1,4
829,717951,DET,666214,82,4.33,1.0,5,1,7
830,717953,SF,622072,94,4.33,6.0,4,3,8
831,717954,LAD,592789,96,5.0,5.0,2,2,7
832,717947,TOR,666201,89,4.0,2.0,2,3,3
833,717940,AZ,674072,95,7.0,0.0,7,2,2
834,717945,MIA,666129,79,5.33,1.0,7,1,2
835,717944,NYM,471911,82,6.0,1.0,4,1,6
836,717943,CWS,458681,89,4.0,8.0,4,2,8
837,717939,SEA,669923,95,8.0,0.0,7,0,3
838,717938,HOU,686613,102,4.67,5.0,8,2,6
839,717946,BAL,669211,25,1.0,1.0,1,0,2
840,717942,TOR,592332,115,6.67,0.0,11,2,5
841,717941,MIA,666200,93,5.33,5.0,8,1,4
842,717937,MIN,641154,88,5.67,6.0,5,1,8
843,717936,HOU,669854,94,5.33,2.0,5,3,7
844,717934,NYM,453286,101,7.0,1.0,9,1,5
845,717933,AZ,605200,96,5.67,3.0,4,1,7
846,717932,BOS,519242,59,3.67,1.0,6,1,5
847,717931,CIN,682227,90,6.67,2.0,6,2,5
848,717930,PIT,672710,83,4.0,5.0,6,0,7
849,717929,NYM,434378,117,6.0,1.0,8,3,5
850,717935,WSH,680686,94,5.33,4.0,4,2,6
851,717927,MIA,665795,95,6.0,0.0,10,1,4
852,717926,HOU,664285,92,7.0,0.0,7,1,5
853,717925,CWS,605182,73,5.0,0.0,6,1,3
854,717921,SD,608379,102,4.67,2.0,8,5,3
855,717923,KC,543475,74,5.0,1.0,8,1,2
856,717922,TEX,592351,82,7.0,0.0,5,1,2
857,717920,SF,657277,97,7.0,3.0,6,1,4
858,717919,AZ,518876,100,7.0,2.0,8,3,5
859,717917,LAD,477132,96,7.0,2.0,9,1,4
860,717924,MIN,641927,78,6.0,0.0,3,0,4
861,717918,BOS,676477,97,4.67,4.0,5,2,6
862,717916,SF,502171,103,7.67,0.0,7,0,5
863,717915,CWS,656302,99,5.33,1.0,6,3,2
864,717914,WSH,669022,101,6.0,3.0,6,0,9
865,717913,MIN,543243,90,6.67,3.0,2,0,10
866,717912,TEX,571760,78,3.0,3.0,5,4,6
867,717910,NYM,656731,103,5.33,1.0,5,5,5
868,717911,MIA,691587,88,5.0,0.0,5,1,4
869,717908,HOU,664299,102,6.0,1.0,5,0,6
870,717907,PIT,682847,32,2.0,1.0,1,2,1
871,717906,CIN,668933,86,4.0,10.0,2,4,9
872,717905,LAD,675627,83,5.0,4.0,7,0,4
873,717903,SD,506433,115,7.0,0.0,9,1,2
874,717901,AZ,669194,98,4.67,3.0,0,4,6
875,717885,BOS,676710,40,3.0,1.0,3,0,2
876,717909,KC,663738,97,5.0,3.0,7,1,6
877,717904,BOS,656557,92,5.0,4.0,6,4,5
878,717902,WSH,592866,101,5.67,4.0,6,4,6
879,717900,NYM,673540,68,2.67,3.0,3,5,4
880,717899,HOU,641585,90,7.0,1.0,3,1,3
881,717897,CIN,594902,104,7.0,5.0,5,3,6
882,717896,MIA,645261,89,7.0,5.0,7,0,6
883,717895,MIN,657746,88,6.67,2.0,4,1,2
884,717898,PIT,448179,96,6.67,1.0,6,3,4
885,717893,KC,663903,95,5.67,0.0,7,0,5
886,717892,AZ,668678,110,6.0,2.0,6,1,9
887,717891,CWS,656629,92,7.0,2.0,9,1,3
888,717890,SF,543101,68,3.0,5.0,2,3,5
889,717889,SD,677960,44,1.67,4.0,1,1,7
890,717888,LAD,676272,86,6.0,0.0,7,2,1
891,717894,TEX,543135,87,6.0,0.0,7,0,1
892,717928,BOS,678394,100,6.0,3.0,5,1,6
893,717887,MIA,666129,75,5.0,4.0,6,0,6
894,717886,PHI,605400,108,7.0,0.0,12,3,1
895,717884,PIT,670912,100,7.0,2.0,5,2,4
896,717883,CIN,671096,105,6.0,0.0,6,4,1
897,717879,TEX,527048,88,7.0,0.0,5,1,3
898,717878,TOR,666201,38,0.33,6.0,0,1,7
899,717880,SD,605483,109,6.0,0.0,8,3,2
900,717882,TB,621107,101,6.67,0.0,9,1,3
901,717881,WSH,663623,83,4.0,3.0,1,3,5
902,717877,NYY,657376,79,6.0,3.0,1,0,6
903,717876,MIA,666200,86,7.0,1.0,8,0,2
904,717875,PHI,592836,91,7.0,0.0,8,3,2
905,717874,PIT,656605,101,5.33,5.0,1,4,8
906,717873,CLE,669456,95,5.67,1.0,2,1,5
907,717870,CIN,596133,86,3.67,7.0,4,2,6
908,717871,TOR,592332,101,7.0,1.0,13,0,4
909,717869,COL,659275,83,3.0,3.0,4,2,6
910,717868,TEX,641540,98,5.67,4.0,1,2,7
911,717867,MIL,642547,98,5.0,2.0,9,0,6
912,717864,SD,605397,102,5.0,1.0,8,1,4
913,717861,LAA,542881,94,5.0,4.0,5,3,5
914,717872,ATL,693821,101,6.0,4.0,8,2,4
915,717866,WSH,571578,98,6.0,3.0,4,1,11
916,717863,SD,608379,82,6.0,0.0,7,1,2
917,717860,MIA,665795,65,5.0,1.0,4,2,2
918,717859,TB,542888,24,2.0,0.0,1,0,1
919,717858,CLE,676440,90,5.0,1.0,2,2,4
920,717856,TOR,605135,81,8.0,2.0,5,0,4
921,717865,PIT,672710,38,0.33,7.0,1,2,6
922,717854,TEX,592351,100,9.0,1.0,12,0,4
923,717853,CIN,682227,96,5.67,6.0,3,2,8
924,717852,COL,657756,87,6.0,2.0,4,2,2
925,717851,MIL,669203,96,8.0,0.0,9,0,2
926,717850,ATL,450203,107,4.67,4.0,5,4,4
927,717855,LAA,642545,76,5.0,2.0,3,1,3
928,717862,PHI,554430,108,7.33,1.0,8,1,2
929,717857,NYY,681190,86,5.67,0.0,3,1,2
930,717849,MIL,607067,84,5.0,0.0,8,1,3
931,717848,NYY,622663,86,5.0,4.0,6,2,6
932,717846,COL,502624,92,5.33,3.0,7,1,6
933,717845,TB,630023,65,5.67,1.0,4,0,5
934,717843,TOR,621244,89,6.0,2.0,2,2,4
935,717842,CLE,650644,93,5.67,2.0,3,2,4
936,717840,ATL,675911,87,4.0,8.0,8,2,8
937,717838,LAA,672282,99,5.67,1.0,8,2,5
938,717844,CIN,668933,46,2.67,3.0,1,2,3
939,717834,DET,547179,86,6.67,6.0,3,1,7
940,717841,NYY,543037,101,6.0,2.0,6,1,7
941,717839,BAL,669330,92,6.67,2.0,4,1,5
942,717837,PHI,624133,103,6.0,1.0,8,2,4
943,717836,PIT,448179,119,7.0,2.0,6,2,7
944,717835,TOR,579328,82,5.0,2.0,4,1,4
945,717833,CLE,671106,85,6.0,5.0,4,2,9
946,717827,TB,607192,84,6.0,1.0,6,3,1
947,717831,MIL,605288,93,4.0,5.0,4,4,6
948,717830,COL,596295,85,4.0,7.0,1,2,11
949,717829,ATL,700363,86,5.33,0.0,2,2,3
950,717828,CWS,656302,95,6.0,1.0,7,2,4
951,717824,LAA,660271,97,5.0,3.0,6,5,3
952,717823,SF,543101,93,6.0,2.0,2,4,3
953,717832,STL,656756,97,6.0,0.0,6,1,3
954,717826,SF,605154,19,2.0,0.0,1,0,0
955,717825,NYY,593334,86,6.0,1.0,5,2,6
956,717822,TOR,670950,53,3.0,0.0,7,1,1
957,717821,DET,571510,88,5.0,5.0,3,2,6
958,717820,CWS,656629,100,5.0,0.0,6,1,5
959,717819,COL,607536,90,5.0,1.0,5,2,6
960,717818,BAL,608344,72,5.33,1.0,5,0,6
961,717817,STL,571945,98,6.0,5.0,2,2,7
962,717815,CLE,663474,92,5.0,5.0,5,3,7
963,717814,MIL,527054,98,7.0,1.0,6,1,6
964,717813,TB,671737,75,3.67,4.0,4,4,4
965,717812,PIT,670912,90,6.33,2.0,5,2,4
966,717811,PHI,605400,102,6.33,6.0,7,2,7
967,717809,LAA,663776,102,5.0,5.0,8,0,10
968,717816,ATL,694363,81,5.0,3.0,0,0,8
969,717803,PIT,656605,106,7.0,1.0,7,2,2
970,717810,NYY,657376,82,5.33,1.0,4,0,4
971,717808,BAL,502043,90,6.33,3.0,4,0,7
972,717807,ATL,693821,98,5.33,5.0,1,1,8
973,717805,TOR,592332,101,4.67,6.0,4,4,7
974,717804,DET,676684,11,1.0,0.0,0,0,1
975,717802,CLE,669456,104,7.0,0.0,9,1,3
976,717806,PHI,592836,83,5.0,0.0,5,2,2
977,717800,MIL,642547,95,5.0,4.0,5,2,3
978,717795,CWS,608337,101,7.0,1.0,8,1,6
979,717796,SF,605154,22,1.0,0.0,1,1,1
980,717797,STL,425794,98,5.67,3.0,2,1,8
981,717801,TB,663556,96,7.0,3.0,5,1,4
982,717798,COL,659275,91,5.0,2.0,5,3,6
983,717799,LAA,656288,101,5.0,3.0,7,0,7
984,717794,BOS,572020,98,6.0,0.0,8,1,4
985,717792,TEX,641540,90,5.0,3.0,3,5,6
986,717791,STL,669461,86,6.0,2.0,5,2,7
987,717793,KC,425844,81,5.0,3.0,4,0,6
988,717789,OAK,621076,93,6.0,3.0,4,3,5
989,717786,SEA,682243,89,6.0,1.0,6,3,1
990,717785,AZ,674072,85,4.67,5.0,6,1,9
991,717790,DET,669438,45,2.67,1.0,1,1,3
992,717780,TEX,674003,64,4.33,1.0,3,1,2
993,717788,BOS,676710,80,4.0,4.0,5,3,5
994,717787,BAL,665152,95,6.0,2.0,6,0,8
995,717783,MIN,641154,97,6.0,3.0,9,1,4
996,717782,CHC,592791,95,6.0,3.0,4,2,6
997,717781,STL,656427,101,4.33,6.0,3,3,10
998,717779,NYM,453286,76,3.33,6.0,2,0,7
999,717777,KC,543475,94,6.0,5.0,4,3,5
1000,717776,LAD,664062,90,6.0,0.0,6,2,2
1001,717775,AZ,605200,85,3.0,4.0,4,3,6
1002,717773,SEA,669923,92,6.0,0.0,10,0,3
1003,717772,SD,605397,90,6.0,3.0,5,1,7
1004,717778,HOU,686613,99,7.0,0.0,4,3,4
1005,717774,OAK,660261,16,1.0,0.0,1,0,1
1006,717784,DET,547179,94,6.0,6.0,3,2,9
1007,717766,NYM,434378,107,6.0,1.0,6,0,3
1008,717771,MIN,641927,93,6.0,2.0,7,1,6
1009,717770,DET,681857,89,3.33,6.0,2,2,5
1010,717769,BAL,680694,98,7.0,1.0,1,0,4
1011,717768,BOS,676477,92,7.0,2.0,7,1,6
1012,717767,STL,656756,98,6.33,3.0,7,2,7
1013,717765,TEX,571760,95,3.67,1.0,5,4,5
1014,717763,CHC,592767,83,6.0,5.0,4,1,9
1015,717762,HOU,664285,95,7.0,1.0,6,0,5
1016,717761,OAK,665622,79,4.67,4.0,5,1,8
1017,717760,LAD,477132,97,6.0,2.0,5,2,6
1018,717759,SEA,622491,101,5.67,2.0,6,6,2
1019,717758,SD,608379,94,6.67,0.0,5,1,4
1020,717757,AZ,518876,102,6.0,3.0,7,4,3
1021,717764,KC,663738,102,7.0,7.0,3,2,7
1022,717756,OAK,621112,104,5.67,2.0,9,1,7
1023,717755,AZ,669194,82,4.0,5.0,5,2,10
1024,717754,ATL,700363,99,5.67,3.0,6,1,6
1025,717753,BAL,669330,90,6.67,2.0,8,1,5
1026,717752,MIN,543243,79,4.0,2.0,3,4,3
1027,717751,TEX,543135,105,7.0,3.0,9,2,5
1028,717750,SD,677960,43,1.67,6.0,2,0,7
1029,717748,LAD,675627,92,5.0,4.0,7,1,7
1030,717747,CHC,573186,96,6.0,2.0,5,2,4
1031,717746,HOU,664299,92,6.0,0.0,2,0,5
1032,717745,ATL,694363,93,5.67,1.0,2,3,5
1033,717749,WSH,592866,86,4.33,5.0,2,3,7
1034,717744,CHC,543294,88,5.0,2.0,1,0,5
1035,717743,NYM,656731,90,6.0,1.0,7,0,4
1036,717742,BOS,656557,59,4.0,1.0,2,1,4
1037,717741,TEX,527048,95,6.0,2.0,3,2,3
1038,717740,MIL,527054,85,6.0,2.0,4,1,1
1039,717732,SD,506433,88,5.0,6.0,5,1,8
1040,717738,MIN,657746,99,7.0,6.0,7,0,7
1041,717737,HOU,641585,92,6.67,2.0,3,1,4
1042,717736,KC,663903,90,5.33,2.0,5,2,8
1043,717735,OAK,676664,95,7.0,4.0,7,0,4
1044,717733,SEA,693433,91,5.67,2.0,9,0,3
1045,717731,LAD,686218,89,6.0,0.0,3,2,0
1046,717739,AZ,668678,95,7.0,1.0,7,0,6
1047,717725,OAK,621076,83,5.33,1.0,6,0,5
1048,717729,CHC,657006,74,5.0,2.0,4,1,5
1049,717734,WSH,663623,88,5.0,1.0,4,2,4
1050,717727,HOU,656232,99,4.67,4.0,3,3,5
1051,717726,KC,594577,76,5.0,6.0,1,1,8
1052,717724,ATL,693821,92,6.0,1.0,4,0,4
1053,717728,MIN,592254,24,2.0,0.0,2,0,0
1054,717722,SEA,669302,80,5.33,2.0,3,3,6
1055,717717,SD,605483,102,6.0,0.0,12,3,2
1056,717718,NYM,673540,99,6.67,4.0,8,1,5
1057,717723,TEX,641540,89,6.0,2.0,3,1,6
1058,717720,MIL,489119,77,5.0,0.0,4,2,2
1059,717719,AZ,674072,88,6.0,2.0,3,2,7
1060,717721,LAD,676272,92,5.67,7.0,5,3,7
1061,717730,BOS,672391,32,2.33,2.0,4,1,2
1062,717715,BOS,678394,102,7.0,1.0,8,3,4
1063,717714,WSH,571578,102,6.0,3.0,3,2,11
1064,717713,NYM,471911,61,3.0,5.0,4,3,5
1065,717712,KC,425844,89,5.0,4.0,4,1,8
1066,717711,MIN,686973,99,4.33,6.0,4,2,9
1067,717710,MIL,642547,103,6.0,2.0,9,3,2
1068,717716,ATL,450203,98,5.0,3.0,8,3,5
1069,717708,CHC,592791,81,5.33,4.0,1,2,8
1070,717707,HOU,669854,94,5.67,5.0,5,2,7
1071,717706,AZ,605200,74,3.67,8.0,2,1,9
1072,717705,OAK,663687,96,6.0,2.0,7,0,4
1073,717704,SEA,682243,85,7.0,1.0,6,0,4
1074,717703,SD,605397,85,6.0,2.0,1,1,6
1075,717702,LAD,664062,90,5.67,7.0,7,3,6
1076,717709,TEX,592351,56,2.33,6.0,2,3,6
1077,717701,CIN,682227,86,5.0,3.0,5,0,6
1078,717700,MIA,663773,54,4.0,0.0,5,0,3
1079,717699,WSH,680686,102,5.0,6.0,6,1,9
1080,717698,PIT,674370,96,6.0,3.0,7,2,5
1081,717697,SF,676254,28,1.67,1.0,0,1,3
1082,717696,MIL,669203,86,5.0,7.0,3,2,8
1083,717694,HOU,686613,98,5.67,6.0,7,2,7
1084,717693,MIN,641154,104,5.67,4.0,9,3,6
1085,717692,DET,681857,100,6.0,3.0,8,1,6
1086,717695,CWS,621383,63,3.67,3.0,3,0,5
1087,717685,CIN,594902,80,4.0,2.0,4,4,3
1088,717690,MIA,691587,80,6.0,0.0,9,0,3
1089,717689,PHI,624133,99,6.0,1.0,7,2,4
1090,717688,SF,543101,88,5.0,3.0,6,1,8
1091,717687,TB,607192,85,4.33,6.0,7,2,6
1092,717686,PIT,670912,101,6.0,2.0,3,0,5
1093,717691,WSH,669022,98,6.0,5.0,8,2,9
1094,717683,MIN,641927,95,6.0,3.0,4,0,8
1095,717682,HOU,664285,94,8.0,2.0,9,1,4
1096,717684,NYY,543037,105,7.33,1.0,8,1,4
1097,717675,CWS,656302,101,6.0,2.0,9,2,5
1098,717678,LAA,672282,98,7.0,0.0,8,1,2
1099,717681,DET,547179,93,6.0,1.0,7,3,5
1100,717680,MIL,607067,74,5.33,4.0,2,1,7
1101,717679,CLE,650644,100,6.67,2.0,6,3,5
1102,717677,TB,671737,83,6.0,1.0,8,0,3
1103,717674,SF,676254,16,1.0,0.0,1,2,0
1104,717672,MIL,527054,88,5.0,0.0,3,4,2
1105,717671,PIT,448179,97,5.67,3.0,4,2,4
1106,717670,HOU,664299,82,2.33,4.0,1,5,4
1107,717669,CIN,671096,88,6.0,3.0,10,0,4
1108,717676,MIA,645261,96,7.0,5.0,6,2,10
1109,717667,CWS,656629,86,4.0,3.0,5,3,4
1110,717668,DET,571510,81,6.0,2.0,7,0,6
1111,717662,LAA,660271,101,7.0,1.0,12,2,5
1112,717663,CLE,668909,84,5.67,4.0,4,3,4
1113,717673,WSH,592866,75,6.0,0.0,4,0,5
1114,717665,MIN,543243,92,5.0,3.0,5,2,6
1115,717666,NYY,666745,81,5.67,0.0,3,1,2
1116,717652,NYY,593334,93,3.33,8.0,4,2,8
1117,717654,MIA,666129,88,7.0,1.0,13,0,3
1118,717657,PHI,605400,103,6.0,0.0,5,2,2
1119,717659,TB,663556,66,3.67,2.0,3,2,4
1120,717660,CLE,671106,89,4.0,0.0,5,3,2
1121,717661,SF,622072,76,3.33,6.0,2,4,4
1122,717847,WSH,663623,87,6.0,1.0,6,1,5
1123,717658,MIN,657746,112,9.0,0.0,9,0,3
1124,717656,PHI,592836,91,6.0,1.0,5,1,3
1125,717655,NYY,657376,91,5.33,0.0,3,1,6
1126,717653,MIA,666200,96,7.0,0.0,9,1,2
1127,717651,BAL,502043,86,3.0,5.0,4,3,7
1128,717650,CIN,596133,82,3.33,5.0,3,1,7
1129,717649,TB,621107,98,6.0,3.0,7,2,7
1130,717648,CLE,669456,82,5.0,4.0,8,2,5
1131,717646,TOR,605135,83,5.0,4.0,4,2,5
1132,717645,CWS,608337,105,6.0,1.0,10,1,3
1133,717644,COL,607536,88,5.0,3.0,3,2,9
1134,717643,LAD,686218,87,6.0,2.0,4,2,3
1135,717642,SD,605397,90,7.0,1.0,7,0,6
1136,717641,SF,657277,98,7.0,3.0,5,2,5
1137,717647,DET,666214,96,5.0,3.0,4,4,5
1138,717640,COL,502624,57,2.67,9.0,1,2,10
1139,717639,SF,676254,27,1.0,1.0,2,1,2
1140,717637,STL,425794,72,3.0,7.0,0,1,11
1141,717636,NYY,622663,95,6.0,0.0,4,2,5
1142,717635,PHI,650911,75,5.0,3.0,4,0,5
1143,717634,TOR,621244,96,6.0,2.0,8,2,6
1144,717633,DET,681857,88,5.33,1.0,9,1,4
1145,717638,SD,663362,62,4.67,2.0,2,1,4
1146,717631,CIN,668933,87,4.0,6.0,2,0,10
1147,717630,MIA,663773,65,5.0,0.0,2,3,0
1148,717629,CWS,458681,105,5.67,3.0,7,1,6
1149,717628,BAL,665152,87,7.0,3.0,5,1,5
1150,717626,LAD,676272,80,4.0,6.0,3,3,10
1151,717625,CLE,676440,105,6.0,1.0,7,4,3
1152,717632,TB,630023,96,5.33,8.0,3,2,9
1153,717627,BAL,680694,103,7.0,2.0,7,2,2
1154,717624,PHI,554430,107,5.33,5.0,8,2,9
1155,717623,STL,669461,56,2.33,0.0,3,2,4
1156,717622,NYY,543037,107,4.67,3.0,7,1,9
1157,717621,DET,547179,86,5.0,2.0,4,1,7
1158,717620,MIA,691587,83,6.0,0.0,9,1,4
1159,717619,TB,607192,89,5.0,1.0,12,1,4
1160,717616,COL,596295,71,5.0,2.0,3,1,5
1161,717617,TOR,579328,101,7.0,1.0,8,2,2
1162,717615,LAD,664062,61,5.0,4.0,3,1,5
1163,717614,CWS,621383,63,2.67,1.0,4,2,3
1164,717613,CLE,650644,94,6.0,4.0,5,2,6
1165,717612,SF,543101,78,6.0,2.0,3,0,5
1166,717610,SD,607625,84,5.0,3.0,4,0,7
1167,717618,CIN,686651,71,3.0,3.0,2,3,4
1168,717611,BAL,608344,45,3.0,1.0,3,0,3
1169,717609,ATL,675911,100,7.0,1.0,10,2,3
1170,717608,LAA,672282,105,7.0,1.0,10,2,2
1171,717606,TEX,571760,101,5.67,6.0,5,3,6
1172,717602,SEA,622491,103,7.0,2.0,7,1,7
1173,717607,NYM,434378,100,5.0,0.0,5,2,5
1174,717605,BOS,676477,92,4.67,6.0,7,0,11
1175,717604,TOR,592332,106,6.0,1.0,12,1,3
1176,717603,PIT,448179,101,6.0,4.0,4,2,9
1177,717601,BAL,669330,99,6.0,2.0,7,1,4
1178,717600,ATL,693821,98,6.0,2.0,4,4,4
1179,717598,STL,656756,91,6.67,1.0,6,1,6
1180,717597,NYM,656849,110,6.0,0.0,5,3,5
1181,717599,TEX,527048,88,6.0,2.0,4,2,4
1182,717595,OAK,621112,90,5.33,1.0,5,1,4
1183,717594,COL,657756,93,5.0,4.0,3,1,5
1184,717593,AZ,668678,96,6.0,4.0,4,2,5
1185,717592,LAA,660271,102,6.33,1.0,10,2,4
1186,717591,KC,663903,95,6.0,0.0,3,2,4
1187,717590,SEA,693433,88,5.0,1.0,7,1,6
1188,717596,CHC,592791,90,5.0,5.0,8,1,7
1189,717584,CHC,592767,86,3.67,7.0,2,1,9
1190,717588,ATL,663465,71,4.67,0.0,8,1,3
1191,717589,BAL,502043,95,4.67,6.0,5,1,9
1192,717587,SEA,669302,100,6.0,4.0,4,2,8
1193,717586,TOR,670950,40,3.0,0.0,5,1,1
1194,717585,PIT,656605,104,6.0,1.0,5,2,4
1195,717583,BOS,672391,24,2.0,1.0,1,0,2
1196,717576,LAA,642545,59,3.0,5.0,0,2,7
1197,717581,NYM,673540,102,5.0,2.0,8,2,5
1198,717580,TEX,641540,100,8.67,2.0,10,0,4
1199,717579,OAK,676664,92,4.0,5.0,5,3,5
1200,717578,COL,607536,100,5.0,6.0,7,5,4
1201,717577,KC,680735,68,3.67,4.0,2,4,4
1202,717575,AZ,605200,84,7.0,0.0,3,2,2
1203,717582,STL,571945,86,5.67,5.0,4,3,7
1204,717570,TEX,674003,90,4.33,3.0,8,3,4
1205,717574,OAK,663687,91,5.33,4.0,2,2,9
1206,717572,COL,502624,87,3.67,6.0,6,2,6
1207,717571,PIT,682847,69,4.67,4.0,0,3,6
1208,717569,BOS,678394,99,7.0,1.0,5,1,2
1209,717573,KC,425844,82,6.0,2.0,0,2,11
1210,717567,CHC,543294,85,7.0,3.0,4,0,6
1211,717566,STL,425794,58,1.67,6.0,1,3,6
1212,717565,NYM,453286,102,6.0,2.0,9,2,7
1213,717564,TOR,605135,104,6.0,0.0,12,3,3
1214,717568,AZ,694297,69,2.0,6.0,3,2,7
1215,717560,LAA,663776,96,5.0,7.0,8,2,8
1216,717563,PHI,650911,87,6.0,1.0,6,1,7
1217,717562,PIT,674370,73,3.33,4.0,0,1,4
1218,717561,BAL,665152,89,3.0,7.0,5,2,7
1219,717559,CHC,657006,96,6.33,0.0,6,1,3
1220,717558,ATL,647336,98,6.0,3.0,7,0,6
1221,717557,CIN,668933,94,6.67,1.0,7,2,3
1222,717556,NYM,471911,92,5.0,2.0,6,3,5
1223,717554,TEX,592351,97,6.0,5.0,4,2,7
1224,717553,KC,679525,95,4.0,5.0,5,4,6
1225,717552,COL,596295,84,7.0,2.0,7,1,6
1226,717551,OAK,665622,100,5.0,1.0,4,5,4
1227,717549,LAA,656288,112,6.0,5.0,9,4,3
1228,717548,SEA,682243,61,3.33,2.0,6,1,1
1229,717555,TOR,621244,98,6.0,4.0,8,0,5
1230,717542,TEX,543135,97,7.0,0.0,5,4,2
1231,717550,STL,669461,56,4.33,3.0,1,1,7
1232,717547,TOR,579328,86,4.33,5.0,7,2,7
1233,717546,CHC,573186,94,5.67,5.0,7,2,5
1234,717545,STL,656427,96,6.0,0.0,4,2,4
1235,717544,COL,663567,45,3.0,0.0,2,1,2
1236,717543,PHI,554430,85,5.0,4.0,6,0,7
1237,717541,BAL,680694,94,6.0,1.0,7,1,7
1238,717534,SEA,669923,101,7.0,2.0,7,2,2
1239,717539,CIN,682227,86,5.0,2.0,5,1,3
1240,717538,OAK,666205,86,5.0,3.0,4,4,6
1241,717537,KC,663738,108,5.0,3.0,4,3,5
1242,717536,ATL,450203,106,5.67,0.0,5,1,4
1243,717535,NYM,434378,102,7.0,0.0,6,1,5
1244,717533,LAA,542881,92,5.0,0.0,3,2,5
1245,717540,PIT,670912,97,5.0,8.0,1,3,9
1246,717527,KC,663903,108,7.0,1.0,4,3,4
1247,717532,ATL,675911,109,6.67,2.0,9,1,6
1248,717531,PIT,448179,102,5.0,3.0,8,2,3
1249,717530,TOR,592332,98,5.0,2.0,7,1,5
1250,717529,BAL,608344,82,5.0,1.0,1,3,6
1251,717528,PHI,624133,93,5.33,5.0,5,3,7
1252,717526,CIN,671096,101,7.67,1.0,12,1,4
1253,717523,COL,657756,69,5.0,8.0,4,1,7
1254,717524,STL,656756,96,6.67,0.0,6,3,2
1255,717525,NYM,656849,61,4.0,1.0,3,3,3
1256,717522,LAA,672282,97,6.0,2.0,9,2,3
1257,717521,CHC,592791,95,5.0,4.0,6,0,6
1258,717520,TEX,571760,85,5.0,0.0,8,1,3
1259,717519,SEA,622491,95,6.0,4.0,6,0,7
1260,717518,OAK,621112,97,5.0,5.0,5,4,6
1261,717517,WSH,663623,89,6.0,3.0,3,1,6
1262,717516,SF,657277,100,6.67,2.0,11,2,7
1263,717515,MIA,666129,90,5.67,3.0,6,0,7
1264,717514,TEX,527048,57,1.33,6.0,0,2,6
1265,717513,NYY,593334,86,4.33,2.0,5,0,9
1266,717512,CLE,668909,91,6.33,4.0,2,2,7
1267,717511,MIL,527054,93,6.0,6.0,7,1,9
1268,717510,MIN,657746,94,6.0,2.0,9,1,6
1269,717506,LAD,675627,79,4.0,1.0,3,2,5
1270,717505,SD,605483,100,5.0,0.0,7,4,7
1271,717508,NYY,657376,80,5.0,3.0,7,0,5
1272,717507,WSH,571578,93,5.0,6.0,2,3,10
1273,717509,SF,676775,67,4.0,3.0,2,1,6
1274,717504,HOU,656232,96,7.0,0.0,4,4,2
1275,717503,MIL,489119,87,5.0,4.0,4,2,9
1276,717502,MIA,666200,93,6.0,0.0,8,2,5
1277,717501,BOS,657514,18,1.33,1.0,2,0,1
1278,717495,CLE,669456,97,4.67,4.0,4,5,6
1279,717499,TB,621107,102,7.0,2.0,9,0,4
1280,717498,AZ,605200,94,5.67,4.0,6,2,5
1281,717497,SD,605397,100,7.0,1.0,11,1,3
1282,717496,CWS,608337,96,6.0,2.0,4,2,4
1283,717494,DET,669373,57,4.0,0.0,6,0,0
1284,717492,LAD,686218,80,3.67,5.0,4,4,4
1285,717500,MIN,628317,87,7.0,1.0,9,1,3
1286,717487,NYY,681190,75,5.0,0.0,1,3,3
1287,717493,WSH,680686,102,5.0,3.0,6,4,8
1288,717491,TB,641793,37,2.0,2.0,2,0,4
1289,717490,SF,502171,88,6.0,0.0,7,0,6
1290,717489,HOU,641585,102,6.0,3.0,4,1,6
1291,717488,MIA,663773,69,3.0,5.0,3,3,5
1292,717486,CLE,615698,99,4.33,5.0,3,0,11
1293,717477,AZ,674072,87,6.0,0.0,2,4,2
1294,717484,BOS,678394,107,7.0,2.0,3,0,8
1295,717483,MIL,605288,104,5.0,1.0,4,3,6
1296,717482,MIN,641154,100,9.0,0.0,12,0,4
1297,717479,LAD,676272,101,5.67,4.0,7,1,5
1298,717478,SD,607625,99,6.0,1.0,6,1,5
1299,717485,DET,593958,79,4.0,5.0,7,0,6
1300,717481,WSH,669022,17,1.33,0.0,1,0,1
1301,717480,CWS,669947,73,4.0,3.0,1,0,11
1302,717476,DET,547179,60,5.0,0.0,4,0,3
1303,717475,NYY,622663,77,2.67,7.0,3,1,10
1304,717474,MIL,642547,104,5.33,3.0,10,3,4
1305,717473,MIA,691587,93,6.0,1.0,7,2,3
1306,717472,TB,542888,44,3.0,0.0,5,0,3
1307,717471,BOS,676710,73,4.0,3.0,3,1,7
1308,717470,AZ,669194,66,3.0,7.0,1,0,9
1309,717469,CLE,676440,91,5.0,1.0,4,4,4
1310,717468,CWS,458681,102,7.0,0.0,11,1,1
1311,717467,HOU,669854,99,6.0,3.0,9,2,3
1312,717462,LAD,628711,88,6.0,2.0,8,1,3
1313,717466,MIA,645261,95,6.67,1.0,5,0,8
1314,717465,WSH,592866,110,6.0,4.0,5,3,7
1315,717464,NYY,607074,69,5.33,2.0,2,2,4
1316,717463,CLE,650644,100,7.0,0.0,9,0,2
1317,717461,BOS,657514,31,2.0,0.0,3,1,1
1318,717460,TB,607192,88,5.67,1.0,8,1,2
1319,717459,MIL,669203,90,6.0,2.0,6,4,3
1320,717452,AZ,668678,96,7.0,1.0,5,0,4
1321,717457,DET,656412,72,3.67,7.0,2,2,6
1322,717456,LAD,664062,77,6.67,4.0,5,1,7
1323,717455,CWS,656302,107,6.0,5.0,8,0,11
1324,717454,SD,506433,100,5.0,3.0,4,3,7
1325,717453,HOU,686613,88,3.0,5.0,8,3,8
1326,717448,SF,548389,65,3.67,2.0,3,0,4
1327,717458,MIN,641927,93,6.0,1.0,5,3,4
1328,717445,CWS,657053,81,5.0,2.0,5,1,5
1329,717451,SF,676254,45,2.0,2.0,4,1,3
1330,717450,WSH,663623,79,5.0,2.0,1,2,5
1331,717449,BOS,572020,93,6.0,2.0,3,1,6
1332,717447,NYY,543037,103,7.33,3.0,5,1,5
1333,717446,MIN,543243,91,6.0,6.0,5,3,6
1334,717444,MIL,607067,91,4.67,5.0,7,1,7
1335,717436,SD,605483,105,6.0,0.0,11,3,1
1336,717442,DET,666159,91,6.67,0.0,5,3,0
1337,717441,TB,671737,93,5.0,4.0,4,2,5
1338,717440,HOU,664285,105,6.0,2.0,6,2,5
1339,717439,AZ,669459,18,1.33,0.0,3,0,0
1340,717438,MIA,666129,78,5.0,3.0,3,0,6
1341,717437,LAD,681911,15,1.0,0.0,2,0,1
1342,717443,CLE,668909,94,5.67,3.0,7,1,8
1343,717435,BOS,605463,14,1.0,0.0,0,0,2
1344,717434,CLE,669456,91,6.33,4.0,6,0,9
1345,717433,NYY,593334,74,6.0,1.0,9,3,1
1346,717432,WSH,571578,91,7.0,1.0,6,1,5
1347,717431,DET,669373,63,4.0,0.0,5,2,2
1348,717430,HOU,656232,90,5.0,2.0,5,1,4
1349,717429,TB,621107,77,5.0,2.0,5,0,4
1350,717428,MIN,657746,98,4.33,5.0,10,2,5
1351,717426,MIA,666200,83,6.33,2.0,9,1,4
1352,717425,AZ,605200,92,5.33,3.0,6,2,4
1353,717424,CWS,608337,90,7.0,2.0,5,3,2
1354,717423,SD,605397,88,6.0,0.0,7,0,3
1355,717422,SF,657277,103,9.0,0.0,10,0,7
1356,717427,MIL,489119,95,6.0,0.0,8,3,4
1357,717420,TOR,621244,90,5.33,1.0,4,1,7
1358,717419,CHC,543294,84,4.67,5.0,5,0,8
1359,717418,PHI,650911,79,5.0,3.0,5,1,3
1360,717417,BAL,665152,97,6.0,1.0,8,2,2
1361,717416,PIT,448179,91,6.0,3.0,2,2,7
1362,717415,TEX,592351,88,6.0,4.0,4,3,5
1363,717414,ATL,450203,83,7.0,0.0,4,1,3
1364,717412,CIN,668933,74,6.0,1.0,2,2,5
1365,717410,COL,596295,78,6.0,2.0,2,0,6
1366,717409,OAK,686610,74,3.67,3.0,5,2,3
1367,717407,STL,571945,34,3.0,0.0,2,0,0
1368,717406,SEA,622491,91,5.0,3.0,5,0,4
1369,717405,LAA,660271,94,5.0,4.0,7,3,5
1370,717413,NYM,434378,104,5.0,3.0,6,6,2
1371,717411,KC,679525,92,6.0,2.0,11,1,5
1372,717408,PHI,624133,97,6.0,3.0,3,3,6
1373,717404,TOR,605135,96,6.0,2.0,5,0,7
1374,717403,CHC,573186,91,6.0,1.0,3,1,3
1375,717402,TEX,571760,87,5.33,0.0,4,1,6
1376,717401,BAL,502043,84,5.33,5.0,1,2,9
1377,717400,NYM,673540,103,6.0,1.0,9,2,4
1378,717399,OAK,643493,21,1.0,2.0,2,1,2
1379,717398,PIT,670912,107,7.0,1.0,10,3,1
1380,717397,PHI,592836,96,5.0,1.0,3,3,3
1381,717396,STL,571927,86,4.33,4.0,4,3,4
1382,717395,ATL,675911,97,6.0,5.0,10,0,8
1383,717394,COL,657756,61,2.33,6.0,1,2,6
1384,717393,KC,666142,81,5.0,1.0,3,2,4
1385,717392,CIN,671096,90,6.0,2.0,3,2,3
1386,717390,SEA,669923,87,5.0,6.0,4,1,8
1387,717389,LAA,672282,94,6.0,4.0,6,3,5
1388,717391,ATL,663465,37,1.67,4.0,1,1,7
1389,717388,PIT,674370,64,2.67,3.0,3,2,4
1390,717387,PHI,554430,101,7.0,3.0,7,0,5
1391,717385,NYM,453286,97,7.0,0.0,6,3,1
1392,717384,BAL,680694,100,7.33,0.0,8,1,3
1393,717383,CIN,594902,57,4.0,1.0,3,0,3
1394,717382,KC,663903,92,8.0,4.0,4,0,7
1395,717386,TOR,579328,89,4.67,1.0,4,3,2
1396,717380,STL,656427,92,6.0,3.0,7,3,3
1397,717379,OAK,676664,90,6.33,3.0,7,0,4
1398,717378,COL,502624,85,5.0,0.0,1,2,3
1399,717381,LAA,542881,85,3.0,1.0,5,2,5
1400,717377,TEX,527048,86,5.0,3.0,2,4,5
1401,717376,CHC,657006,82,6.0,1.0,6,1,9
1402,717373,SEA,682243,70,5.0,0.0,3,1,5
1403,717375,CIN,682227,98,6.0,2.0,3,3,4
1404,717374,STL,571945,92,6.0,3.0,3,0,7
1405,717372,BAL,680570,91,5.0,4.0,4,2,7
1406,717371,PIT,682990,73,5.33,7.0,2,2,7
1407,717370,CHC,592767,99,6.0,5.0,7,1,8
1408,717369,LAA,656288,120,5.67,2.0,12,3,6
1409,717368,KC,543475,83,6.0,0.0,4,1,3
1410,717367,TEX,641540,96,7.0,2.0,4,1,5
1411,717366,OAK,621112,97,5.67,6.0,3,2,9
1412,717365,SEA,669302,94,5.0,2.0,5,1,7
1413,717363,PHI,605400,98,7.33,2.0,6,0,4
1414,717362,TOR,666201,92,3.0,4.0,0,5,3
1415,717364,PIT,656605,102,6.0,8.0,1,2,10
1416,717361,BAL,669330,59,2.0,5.0,2,2,6
1417,717360,CIN,596133,61,2.67,4.0,6,1,4
1418,717359,NYM,471911,82,4.67,4.0,5,2,6
1419,717358,ATL,693821,76,2.67,5.0,4,1,7
1420,717352,LAA,663776,99,7.33,1.0,7,3,2
1421,717356,KC,663738,77,5.0,5.0,3,2,6
1422,717355,COL,656234,24,1.0,3.0,2,0,3
1423,717354,TEX,543135,93,6.0,0.0,2,3,2
1424,717353,CHC,592791,92,5.67,3.0,4,1,7
1425,717350,SEA,693433,87,3.33,6.0,4,3,8
1426,717349,OAK,665622,80,5.67,0.0,6,1,3
1427,717357,STL,656756,92,6.0,1.0,5,2,6
1428,717343,BAL,665152,91,4.67,5.0,1,4,4
1429,717348,PIT,448179,97,5.67,4.0,1,1,8
1430,717347,PHI,650911,86,5.0,1.0,3,1,6
1431,717351,STL,641712,66,3.0,2.0,1,0,5
1432,717345,COL,596295,94,6.0,4.0,5,0,8
1433,717344,OAK,686610,90,4.33,4.0,5,3,5
1434,717342,CIN,668933,96,6.0,2.0,3,2,5
1435,717346,TEX,592351,63,4.33,0.0,4,1,8
1436,717340,ATL,450203,103,5.67,4.0,4,3,6
1437,717333,KC,642232,82,5.67,3.0,4,1,6
1438,717335,SEA,622491,104,6.0,3.0,11,2,6
1439,717341,NYM,434378,100,8.0,1.0,7,1,3
1440,717338,TOR,621244,106,6.0,2.0,9,4,4
1441,717339,LAA,681217,85,5.67,1.0,10,2,4
1442,717336,CHC,543294,97,6.0,1.0,5,0,5
1443,717337,ATL,675911,100,6.0,4.0,13,1,4
1444,717334,CIN,671096,106,8.0,0.0,6,2,1
1445,717332,KC,425844,62,4.0,2.0,1,2,4
1446,717330,NYM,500779,77,5.0,2.0,3,0,6
1447,717331,TOR,605135,92,6.0,0.0,5,1,4
1448,717328,TB,607192,93,7.0,2.0,9,0,6
1449,717327,SEA,669923,99,7.0,0.0,10,0,4
1450,717323,OAK,663687,74,6.0,2.0,6,0,4
1451,717322,CHC,573186,99,3.67,4.0,4,4,7
1452,717329,PHI,592836,102,6.0,4.0,6,2,6
1453,717319,MIA,666129,59,3.0,6.0,5,0,7
1454,717325,CHC,657006,100,6.33,2.0,9,1,6
1455,717324,BOS,676710,65,4.0,4.0,2,0,4
1456,717321,CIN,594902,76,4.67,3.0,6,2,4
1457,717320,TB,621107,87,7.0,0.0,8,1,2
1458,717326,WSH,663623,111,6.67,3.0,9,1,5
1459,717318,NYY,657376,64,5.67,3.0,2,1,5
1460,717314,MIN,657746,104,6.0,4.0,10,1,7
1461,717316,TEX,571760,72,5.0,4.0,3,3,5
1462,717315,CLE,668909,81,4.0,1.0,3,4,5
1463,717313,MIL,642547,97,5.0,6.0,5,3,6
1464,717311,SEA,682243,75,5.33,1.0,6,2,3
1465,717310,OAK,676664,95,5.67,5.0,1,1,8
1466,717317,DET,681857,95,5.0,5.0,5,2,7
1467,717312,LAA,660271,87,6.33,5.0,9,1,6
1468,717303,CIN,682227,80,6.0,1.0,5,1,3
1469,717309,BOS,572020,96,6.0,2.0,7,1,3
1470,717308,CHC,605242,29,2.0,1.0,2,1,3
1471,717307,WSH,680686,87,7.0,1.0,4,3,4
1472,717306,MIA,456501,81,6.0,1.0,8,1,2
1473,717305,TEX,641540,79,3.0,5.0,1,2,7
1474,717304,NYY,543037,99,6.33,2.0,10,1,5
1475,717302,CLE,676440,102,7.0,0.0,8,1,2
1476,717300,TB,663556,86,4.0,5.0,5,3,5
1477,717299,DET,666159,32,2.0,0.0,2,2,1
1478,717297,LAA,672282,100,5.0,2.0,9,2,6
1479,717296,MIL,605288,89,6.0,3.0,10,2,6
1480,717295,OAK,621112,99,5.33,1.0,5,3,5
1481,717293,MIN,543243,88,6.0,2.0,4,1,7
1482,717301,SEA,669302,94,5.0,5.0,5,1,8
1483,717298,BOS,657514,28,1.67,0.0,3,0,1
1484,717294,NYY,622663,100,5.67,3.0,5,0,8
1485,717291,TB,671737,86,5.0,3.0,6,1,5
1486,717290,WSH,669022,90,5.0,0.0,8,2,4
1487,717289,CIN,596133,79,4.0,3.0,1,2,8
1488,717288,DET,656412,93,6.0,0.0,2,4,1
1489,717287,MIL,527054,78,6.0,1.0,5,0,3
1490,717292,MIA,666200,115,7.0,1.0,13,2,4
1491,717285,MIN,641927,82,6.0,2.0,6,0,5
1492,717284,TEX,527048,94,6.0,4.0,6,2,6
1493,717283,CLE,675540,42,3.0,1.0,3,3,1
1494,717281,SEA,693433,90,6.0,4.0,7,1,4
1495,717279,OAK,665622,93,5.0,1.0,6,3,2
1496,717278,LAA,542881,97,6.0,4.0,5,1,8
1497,717286,CHC,592791,109,5.67,1.0,6,1,8
1498,718558,DET,669373,82,5.0,0.0,9,0,2
1499,717282,WSH,571578,93,6.33,5.0,5,2,10
1500,717280,PHI,650911,92,7.0,2.0,8,0,4
1501,717277,CLE,671106,84,7.0,4.0,5,0,7
1502,717276,SD,506433,85,4.33,7.0,3,3,8
1503,717275,MIN,628317,98,6.33,1.0,8,2,6
1504,717273,MIL,607067,91,6.0,2.0,5,1,5
1505,717271,LAD,675627,68,4.67,2.0,6,0,8
1506,717268,AZ,669194,87,6.0,5.0,1,3,8
1507,717274,HOU,656232,102,4.67,3.0,5,4,6
1508,717272,SF,502171,95,6.0,0.0,9,1,3
1509,717270,TB,607192,97,7.0,1.0,8,2,2
1510,717269,WSH,592866,93,6.0,4.0,3,0,9
1511,717267,PHI,592836,104,5.67,2.0,4,3,6
1512,717266,NYY,593334,91,6.0,6.0,9,1,7
1513,717265,DET,593958,90,4.67,4.0,3,3,7
1514,717264,MIN,641154,94,7.0,2.0,8,1,6
1515,717261,BOS,670167,24,1.0,1.0,0,1,2
1516,717262,MIL,669203,93,6.0,2.0,6,1,3
1517,717260,CLE,650644,93,8.0,1.0,5,2,5
1518,717259,AZ,518876,86,6.0,1.0,5,2,4
1519,717258,SD,605483,102,6.0,1.0,4,5,2
1520,717256,LAD,628711,104,6.0,3.0,5,2,8
1521,717255,HOU,641585,84,7.0,0.0,3,2,5
1522,717263,CWS,656629,102,5.0,4.0,5,1,9
1523,717257,WSH,663623,105,6.0,4.0,7,2,6
1524,717254,MIL,642547,89,6.0,0.0,13,0,4
1525,717253,LAD,664062,109,5.0,5.0,5,3,7
1526,717252,TB,621107,53,4.0,5.0,3,1,7
1527,717250,MIN,657746,95,3.67,4.0,7,2,7
1528,717249,CLE,668909,87,4.0,0.0,5,2,3
1529,717251,SF,676254,40,2.67,0.0,3,1,1
1530,717246,SD,607625,84,7.0,2.0,8,0,3
1531,717245,PHI,624133,90,6.0,4.0,6,1,7
1532,717244,AZ,668678,102,6.33,5.0,8,2,7
1533,717242,BOS,678394,92,6.0,3.0,4,2,4
1534,717240,CWS,458681,100,4.67,7.0,5,2,7
1535,717239,HOU,664285,80,3.67,6.0,1,2,8
1536,717248,NYY,607074,93,5.67,1.0,4,3,4
1537,717247,DET,666159,87,5.0,7.0,5,1,7
1538,717243,DET,547179,88,5.0,3.0,7,1,5
1539,717241,NYM,673540,99,6.0,1.0,5,3,2
1540,717233,CWS,656302,102,5.67,4.0,5,2,9
1541,717238,STL,571945,14,0.67,1.0,1,0,0
1542,717230,NYM,453286,103,7.0,1.0,7,2,6
1543,717237,BAL,680570,97,6.33,0.0,4,2,3
1544,717236,MIA,666129,94,6.0,0.0,6,1,5
1545,717235,TOR,592332,105,6.0,1.0,9,3,5
1546,717232,KC,663903,104,5.0,2.0,10,2,4
1547,717231,ATL,630023,61,3.67,4.0,3,1,6
1548,717229,HOU,664299,104,6.0,3.0,9,2,3
1549,717234,PIT,656605,108,5.67,2.0,8,3,6
1550,717227,COL,607536,70,4.0,3.0,3,0,9
1551,717226,STL,656756,100,6.0,3.0,3,4,5
1552,717225,LAD,676272,100,5.0,3.0,6,0,6
1553,717224,SD,605397,105,6.0,0.0,5,2,4
1554,717223,AZ,674072,94,6.0,4.0,6,1,6
1555,717220,SF,657277,88,7.33,3.0,4,0,6
1556,717228,CWS,657053,83,5.0,0.0,4,1,3
1557,717222,TOR,666201,82,4.33,1.0,6,3,4
1558,717219,BAL,669330,63,2.67,3.0,1,3,3
1559,717218,MIA,456501,83,6.0,4.0,5,1,4
1560,717217,CWS,605182,72,5.0,0.0,3,0,2
1561,717216,PIT,682990,85,5.0,5.0,7,6,5
1562,717215,NYM,471911,63,2.33,6.0,2,1,8
1563,717214,HOU,686613,95,6.0,2.0,4,2,4
1564,717221,SF,676254,40,2.67,0.0,3,0,1
1565,717212,COL,623167,75,3.67,5.0,4,6,4
1566,717211,ATL,693821,86,7.0,1.0,3,0,4
1567,717210,AZ,694297,85,5.67,3.0,3,1,8
1568,717209,SD,506433,92,6.0,0.0,9,2,3
1569,717207,KC,543475,100,5.0,3.0,4,2,4
1570,717205,LAD,686218,82,5.0,0.0,5,1,2
1571,717213,STL,425794,87,6.0,4.0,3,3,7
1572,717208,PIT,448179,79,5.0,2.0,7,3,5
1573,717206,ATL,700363,93,5.0,3.0,3,4,4
1574,717204,CWS,656629,93,5.0,3.0,2,5,4
1575,717203,NYM,434378,103,5.33,1.0,5,1,5
1576,717202,MIA,666200,96,4.67,1.0,3,3,6
1577,717201,TOR,621244,98,6.0,1.0,6,2,6
1578,717200,BAL,665152,90,4.0,3.0,7,2,7
1579,717198,KC,642232,78,7.0,1.0,5,0,7
1580,717197,SF,518397,16,1.67,0.0,1,0,0
1581,717196,HOU,656232,93,5.0,3.0,4,3,8
1582,717195,STL,571927,99,6.0,0.0,2,0,4
1583,717194,LAD,675627,96,6.0,8.0,10,1,10
1584,717193,AZ,518876,90,5.0,3.0,6,2,7
1585,717191,SD,605483,101,5.0,0.0,9,4,4
1586,717199,COL,621389,52,5.0,0.0,2,1,3
1587,717188,CHC,573186,71,3.0,6.0,2,2,6
1588,717192,WSH,663623,92,5.33,2.0,2,2,6
1589,717190,SF,596001,37,3.0,0.0,3,0,1
1590,717189,MIA,665795,76,3.0,2.0,3,6,2
1591,717187,ATL,450203,94,6.0,3.0,8,3,6
1592,717179,COL,596295,83,6.0,2.0,5,2,6
1593,717185,NYY,666745,67,4.0,5.0,4,0,6
1594,717184,HOU,641585,97,7.0,2.0,6,2,7
1595,717181,SEA,669923,97,5.0,1.0,7,2,4
1596,717186,TOR,605135,113,6.0,4.0,7,2,7
1597,717183,WSH,680686,81,3.67,5.0,3,3,4
1598,717182,MIA,645261,101,8.0,0.0,5,1,4
1599,717180,SF,502171,84,6.0,3.0,4,1,4
1600,717178,PIT,670912,99,7.0,1.0,5,2,6
1601,717177,TOR,547943,80,5.0,4.0,3,1,9
1602,717176,ATL,675911,110,6.67,1.0,9,2,5
1603,717174,STL,571945,109,7.0,2.0,7,1,6
1604,717175,NYY,607074,97,4.0,4.0,5,4,4
1605,717172,HOU,664285,93,9.0,0.0,7,1,0
1606,717171,LAD,458681,93,7.0,3.0,7,1,5
1607,717170,KC,425844,72,5.0,1.0,3,0,4
1608,717169,COL,663567,79,4.33,4.0,2,2,4
1609,717168,TEX,571760,80,6.0,0.0,11,0,2
1610,717167,SEA,682243,93,5.67,6.0,4,2,7
1611,717173,CHC,657006,101,6.0,3.0,6,0,8
1612,717160,NYY,543037,91,7.0,2.0,8,2,4
1613,717166,PIT,674370,59,3.0,4.0,3,1,3
1614,717164,SF,657277,105,7.0,2.0,5,1,4
1615,717163,HOU,669854,77,4.0,2.0,3,4,5
1616,717162,WSH,669022,89,6.0,2.0,5,2,3
1617,717161,SEA,669302,104,6.0,3.0,5,3,5
1618,717159,MIA,666129,95,5.0,3.0,5,2,6
1619,717165,ATL,630023,75,5.0,3.0,5,1,6
1620,717157,TOR,579328,91,6.0,1.0,3,1,6
1621,717156,KC,666142,94,6.0,0.0,8,1,7
1622,717155,STL,641712,94,7.0,3.0,7,3,2
1623,717154,LAD,664062,84,5.0,1.0,3,2,5
1624,717153,CHC,592767,88,4.67,5.0,7,0,6
1625,717152,TEX,641540,102,7.67,1.0,11,1,3
1626,717158,COL,607536,98,6.0,4.0,6,1,7
1627,717151,SF,518397,7,1.0,0.0,0,0,1
1628,717150,TOR,592332,103,4.33,3.0,6,2,8
1629,717149,TEX,453286,105,6.0,3.0,9,2,7
1630,717148,KC,663903,100,8.0,0.0,4,0,3
1631,717147,MIA,456501,100,6.0,4.0,4,2,5
1632,717146,CHC,592791,92,5.0,2.0,5,2,7
1633,717145,STL,669461,93,5.67,5.0,1,2,6
1634,717144,LAA,660271,59,4.0,0.0,4,1,3
1635,717143,MIL,605288,95,6.0,1.0,5,2,4
1636,717142,NYY,657376,82,5.0,2.0,4,1,4
1637,717137,LAD,628711,68,5.0,0.0,5,1,3
1638,717140,PHI,605400,100,5.33,5.0,8,1,8
1639,717141,CHC,543294,72,4.0,7.0,3,0,8
1640,717139,CIN,668933,106,8.0,3.0,5,2,5
1641,717138,NYY,622663,87,4.0,5.0,4,3,5
1642,717136,BOS,572020,94,5.0,4.0,4,2,9
1643,717135,DET,681857,92,5.0,4.0,3,3,5
1644,717134,BAL,665152,87,5.33,2.0,4,4,2
1645,717128,MIN,641927,104,5.0,2.0,3,0,6
1646,717132,CLE,671106,96,6.0,2.0,5,4,4
1647,717131,MIL,607067,90,4.0,6.0,2,3,8
1648,717130,LAA,672282,93,4.0,7.0,4,2,9
1649,717129,SD,506433,82,7.0,2.0,4,0,5
1650,717127,STL,425794,75,3.0,7.0,5,2,9
1651,717133,TEX,656756,80,6.0,2.0,6,1,6
1652,717120,CIN,671096,105,5.67,6.0,3,5,9
1653,717125,BOS,670167,17,1.0,0.0,1,0,1
1654,717124,TEX,592351,77,5.33,5.0,6,2,7
1655,717123,PHI,650911,86,5.0,6.0,7,1,6
1656,717122,DET,669373,88,5.33,0.0,6,1,6
1657,717121,CHC,665871,83,3.67,2.0,3,2,5
1658,717119,STL,571927,103,6.0,1.0,6,2,5
1659,717126,NYY,641482,64,4.0,1.0,8,1,1
1660,717117,OAK,621112,105,6.0,0.0,7,3,2
1661,717109,LAA,542881,80,5.0,2.0,6,3,2
1662,717112,SD,605483,108,5.0,3.0,8,4,4
1663,717118,MIN,628317,87,6.0,1.0,7,0,2
1664,717115,CLE,592789,83,6.0,5.0,3,0,9
1665,717114,BAL,502043,98,7.0,3.0,9,1,4
1666,717116,MIL,669203,107,6.0,2.0,5,4,2
1667,717113,PHI,592836,95,7.0,4.0,2,1,7
1668,717111,BOS,657514,24,1.0,0.0,2,0,2
1669,717110,NYY,607074,58,2.67,5.0,5,2,3
1670,717108,CLE,675540,65,5.0,2.0,4,0,4
1671,717107,BAL,680694,87,4.67,0.0,5,5,3
1672,717105,MIL,605540,85,5.0,2.0,9,0,4
1673,717104,CIN,680689,66,3.0,4.0,2,3,4
1674,717106,MIN,572971,74,5.0,1.0,0,2,8
1675,717102,TEX,571760,81,5.67,0.0,4,2,4
1676,717101,LAA,681217,100,7.0,2.0,12,1,4
1677,717100,OAK,665622,88,3.33,3.0,3,5,5
1678,717099,STL,668868,60,4.0,1.0,8,1,2
1679,717098,CHC,657006,110,5.33,3.0,7,4,8
1680,717093,SD,448179,77,3.0,6.0,4,1,5
1681,717103,DET,666159,93,5.67,6.0,3,1,9
1682,717092,NYM,673540,85,6.0,2.0,6,2,7
1683,717097,CIN,682227,89,6.67,1.0,9,0,3
1684,717095,PIT,674370,51,4.0,3.0,3,0,4
1685,717094,SD,607625,71,3.33,8.0,2,2,8
1686,717091,DET,666214,71,3.0,8.0,2,1,10
1687,717081,OAK,686610,92,6.0,2.0,7,1,6
1688,717089,BOS,678394,99,6.67,1.0,2,2,6
1689,717088,CWS,656302,104,5.33,0.0,6,7,1
1690,717087,CLE,668909,90,7.0,0.0,12,1,1
1691,717086,MIL,642547,94,7.0,1.0,13,0,1
1692,717090,LAA,663776,99,6.67,2.0,8,1,5
1693,717079,PIT,656605,91,5.0,3.0,4,0,9
1694,717085,TB,621107,99,7.0,1.0,8,0,5
1695,717084,BAL,680570,93,6.0,2.0,4,2,6
1696,717083,CIN,596133,89,4.33,1.0,6,1,5
1697,717082,PHI,554430,95,6.0,3.0,6,0,7
1698,717080,NYM,471911,75,5.0,2.0,5,2,3
1699,717096,PHI,624133,95,5.67,2.0,5,2,6
1700,717078,MIL,489119,85,6.0,1.0,2,3,2
1701,717076,DET,593958,102,7.0,0.0,5,3,4
1702,717075,CWS,657053,106,5.0,4.0,9,5,6
1703,717074,CLE,676440,100,7.0,0.0,6,0,6
1704,717073,AZ,694297,88,4.67,4.0,5,2,6
1705,717072,SEA,669302,100,7.0,0.0,12,0,1
1706,717069,OAK,676664,86,4.0,4.0,6,1,9
1707,717068,LAA,608337,101,6.0,3.0,7,3,3
1708,717077,BOS,676710,78,3.33,3.0,6,2,7
1709,717071,LAA,660271,97,6.0,0.0,5,3,3
1710,717070,CIN,668933,103,7.0,1.0,7,1,3
1711,717067,BAL,656427,98,5.0,3.0,8,2,6
1712,717066,PHI,547179,124,9.0,0.0,5,4,0
1713,717064,TB,656222,32,2.0,2.0,1,1,3
1714,717063,OAK,643493,34,2.0,0.0,2,1,0
1715,717062,NYM,656849,62,3.67,2.0,5,2,4
1716,717065,MIL,605288,67,5.0,4.0,5,1,5
1717,717060,CLE,671106,87,5.0,1.0,3,3,4
1718,717059,BOS,601713,90,5.0,2.0,8,2,4
1719,717058,PIT,682990,86,4.0,4.0,4,1,9
1720,717057,AZ,518876,83,6.0,0.0,2,2,6
1721,717055,SEA,676106,87,5.0,1.0,3,3,2
1722,717054,CWS,605182,86,6.0,1.0,6,3,3
1723,717061,DET,656412,85,4.67,3.0,5,2,4
1724,717056,PIT,663559,86,4.0,4.0,3,2,8
1725,717053,BAL,665152,91,7.0,2.0,5,2,6
1726,717052,CLE,592789,87,5.67,1.0,5,2,6
1727,717051,BOS,572020,98,5.33,0.0,6,0,6
1728,717050,DET,681857,94,6.0,0.0,8,3,2
1729,717048,TB,641793,73,6.0,3.0,5,0,7
1730,717045,LAD,477132,67,5.0,1.0,4,0,3
1731,717049,PHI,605400,105,5.0,1.0,6,1,5
1732,717047,MIA,666200,73,3.33,7.0,2,1,9
1733,717046,PIT,670912,93,5.0,6.0,4,2,5
1734,717044,PHI,650911,107,6.0,2.0,5,3,6
1735,717043,WSH,672851,63,3.0,2.0,3,2,2
1736,717042,BOS,519242,58,4.67,2.0,7,0,1
1737,717041,TOR,621244,91,4.33,4.0,3,0,9
1738,717040,NYM,656731,84,5.33,5.0,3,1,9
1739,717038,TB,650644,91,5.0,2.0,2,1,7
1740,717037,HOU,434378,95,6.0,3.0,7,0,6
1741,717036,CWS,656629,96,4.33,4.0,4,5,5
1742,717035,AZ,669194,73,3.0,6.0,2,1,7
1743,717034,SEA,622491,101,6.0,1.0,8,2,2
1744,717032,LAD,458681,94,5.0,0.0,9,1,4
1745,717031,SF,518397,18,1.0,0.0,2,1,0
1746,717039,KC,669395,22,1.0,0.0,0,3,0
1747,718371,NYM,660593,109,4.67,5.0,4,4,8
1748,717030,WSH,663623,99,6.67,2.0,6,0,7
1749,717029,SF,502171,92,4.33,6.0,3,2,9
1750,717028,PHI,592836,94,5.0,3.0,2,6,3
1751,717026,TOR,605135,99,6.0,4.0,6,2,4
1752,717025,MIA,645261,116,9.0,1.0,10,2,5
1753,717024,TB,542888,43,2.0,0.0,3,1,2
1754,717033,BOS,678394,90,4.67,4.0,5,0,9
1755,717022,HOU,641585,100,7.0,2.0,5,1,4
1756,717021,NYM,500779,104,6.0,1.0,4,3,4
1757,717020,AZ,668678,98,6.0,0.0,8,1,4
1758,717019,KC,666142,93,5.0,3.0,5,4,6
1759,717018,SEA,669923,103,9.0,0.0,7,0,3
1760,717017,LAD,664062,91,6.0,1.0,6,0,3
1761,717023,CWS,669947,97,6.33,3.0,5,3,6
1762,717027,PIT,656578,78,3.67,3.0,5,2,5
1763,717016,WSH,592866,92,4.33,5.0,4,2,6
1764,717015,PIT,656605,91,6.0,1.0,7,3,5
1765,717014,BOS,676710,73,4.67,2.0,2,1,3
1766,717013,NYM,673540,107,6.0,3.0,7,2,4
1767,717012,TOR,547943,86,5.0,0.0,3,2,2
1768,717011,MIA,691587,82,4.0,4.0,5,2,4
1769,717008,SF,657277,107,8.67,1.0,6,1,6
1770,717009,PHI,624133,92,6.33,2.0,8,3,6
1771,717007,LAD,628711,88,7.0,3.0,12,0,4
1772,717006,CWS,656302,97,7.0,2.0,7,2,5
1773,717005,SEA,682243,85,5.67,1.0,2,2,5
1774,717004,HOU,664353,80,5.0,1.0,7,0,3
1775,717003,AZ,694297,92,5.67,3.0,8,2,9
1776,717010,TB,621107,82,3.0,6.0,3,1,9
1777,717000,MIA,666129,75,5.0,0.0,1,2,4
1778,717001,ATL,608331,83,6.0,2.0,2,1,8
1779,717002,NYM,471911,88,3.0,2.0,5,3,4
1780,716999,SF,676254,39,2.0,0.0,4,1,2
1781,716995,STL,571945,99,6.33,4.0,4,3,5
1782,716997,TEX,453286,100,7.0,0.0,11,1,1
1783,716996,SD,506433,81,7.0,4.0,6,1,8
1784,716994,KC,663903,106,7.33,2.0,8,1,2
1785,716998,COL,623167,83,6.0,4.0,6,1,5
1786,716993,WSH,680686,83,3.0,5.0,4,3,5
1787,716991,MIA,456501,96,5.33,4.0,3,2,7
1788,716990,TOR,579328,84,6.0,1.0,7,0,4
1789,716989,SF,596001,62,4.0,0.0,7,1,2
1790,716988,NYM,656849,91,3.67,1.0,5,6,3
1791,716987,ATL,693821,94,7.0,0.0,3,3,1
1792,716986,CHC,543294,98,6.0,3.0,4,2,7
1793,716992,CIN,668933,102,7.0,3.0,2,2,7
1794,716984,STL,641712,101,6.67,2.0,3,1,5
1795,716983,MIN,641927,87,5.0,2.0,6,3,4
1796,716981,KC,543475,91,5.0,6.0,3,1,9
1797,716980,SD,608379,77,5.0,0.0,5,1,3
1798,716979,LAD,676272,74,6.0,1.0,4,1,1
1799,716978,COL,621389,80,5.0,2.0,2,2,6
1800,716985,TEX,656756,91,6.0,1.0,9,0,6
1801,716982,WSH,669022,85,6.33,0.0,7,2,1
1802,716977,COL,596295,93,5.33,6.0,1,3,7
1803,716976,MIN,628317,87,4.0,3.0,6,1,7
1804,716975,SF,676254,20,1.0,0.0,2,1,1
1805,716974,NYM,656731,95,5.0,2.0,5,4,5
1806,716973,CIN,671096,84,5.0,2.0,5,0,6
1807,716972,MIA,666200,84,3.67,5.0,3,3,8
1808,716968,CHC,665871,81,6.0,2.0,4,2,4
1809,716970,ATL,450203,94,6.0,0.0,10,1,4
1810,716969,STL,669461,92,4.33,5.0,5,3,10
1811,716967,TOR,592332,84,5.33,5.0,4,3,7
1812,716965,SD,605483,92,6.0,2.0,5,2,3
1813,716963,KC,663704,17,1.0,3.0,2,0,3
1814,716962,LAD,477132,71,5.0,1.0,2,2,3
1815,716971,TEX,592351,92,7.0,1.0,4,2,6
1816,716966,WSH,571578,96,6.0,1.0,6,0,4
1817,716961,LAD,458681,87,7.0,0.0,3,1,4
1818,716964,KC,672582,84,4.0,1.0,6,2,5
1819,716957,SD,448179,56,5.0,3.0,3,1,2
1820,716958,STL,425794,93,6.0,3.0,2,3,4
1821,716960,WSH,672851,74,4.0,6.0,3,2,6
1822,716959,CLE,675540,81,6.0,1.0,6,2,5
1823,716956,CLE,668909,90,5.0,3.0,4,2,6
1824,716955,CHC,592791,91,6.0,2.0,3,0,6
1825,716953,NYY,666745,46,2.33,6.0,1,0,9
1826,716952,STL,668868,82,5.0,2.0,5,1,6
1827,716951,MIN,641154,99,6.0,0.0,7,2,6
1828,716954,CIN,664028,75,5.0,0.0,2,1,3
1829,716949,ATL,675911,97,7.0,0.0,10,1,1
1830,716948,HOU,641585,105,6.0,2.0,7,1,7
1831,716947,COL,663567,85,7.0,1.0,5,1,4
1832,716946,LAD,664062,97,3.33,10.0,2,4,8
1833,716945,LAA,542881,81,4.0,5.0,3,2,6
1834,716944,OAK,660906,23,1.0,3.0,1,0,4
1835,716942,SD,607625,104,6.0,0.0,9,3,5
1836,716950,TEX,571760,84,3.67,3.0,3,1,7
1837,716936,MIN,543243,93,6.67,4.0,7,3,4
1838,716937,CHC,657006,99,6.0,2.0,7,0,6
1839,716938,TEX,641540,99,5.0,3.0,4,1,7
1840,716943,NYY,543037,86,4.0,6.0,4,1,7
1841,716940,STL,571945,91,4.67,7.0,4,2,7
1842,716941,WSH,663623,94,6.0,0.0,7,2,5
1843,716935,CIN,682227,101,5.67,4.0,6,1,9
1844,716939,CLE,676440,91,5.0,3.0,6,1,5
1845,716934,ATL,630023,77,4.0,4.0,4,1,7
1846,716919,SD,663362,96,5.0,5.0,5,3,5
1847,716932,HOU,664285,88,5.0,6.0,5,2,10
1848,716931,SD,506433,104,5.0,4.0,7,1,9
1849,716930,OAK,686610,81,5.67,2.0,7,3,4
1850,716926,LAD,628711,100,7.0,1.0,5,0,5
1851,716925,LAA,663776,100,4.67,2.0,4,3,7
1852,716915,LAA,681217,77,3.67,5.0,4,3,5
1853,716909,LAD,657571,22,1.0,0.0,0,0,2
1854,716933,COL,607536,95,5.0,4.0,6,1,8
1855,716923,MIN,572971,85,6.33,0.0,3,0,1
1856,716929,WSH,592866,94,6.0,0.0,4,3,2
1857,716928,NYY,657376,97,5.67,2.0,8,2,4
1858,716927,ATL,608331,103,5.67,3.0,6,1,9
1859,716924,CIN,668881,90,3.0,8.0,4,3,10
1860,716922,CLE,671106,99,6.0,2.0,5,2,4
1861,716918,TEX,453286,99,3.67,3.0,4,4,3
1862,716920,HOU,686613,82,2.67,6.0,5,2,8
1863,716921,STL,641712,99,5.33,2.0,7,2,5
1864,716917,CHC,543294,90,6.33,1.0,3,1,5
1865,716916,COL,623167,85,6.0,1.0,5,0,7
1866,716914,OAK,676664,68,4.0,7.0,4,2,9
1867,716913,DET,656412,92,6.0,2.0,4,2,3
1868,716912,PIT,641672,45,3.0,0.0,1,1,2
1869,716911,PHI,605400,100,7.0,2.0,5,1,7
1870,716908,HOU,664299,105,5.0,3.0,3,3,7
1871,716910,ATL,642216,94,4.33,7.0,4,1,9
1872,716906,AZ,573009,5,0.67,0.0,0,0,1
1873,716905,CWS,657053,96,4.0,7.0,3,4,7
1874,716904,OAK,621112,82,6.0,2.0,6,1,4
1875,716907,SD,608379,94,5.33,1.0,7,2,5
1876,716897,CLE,592789,95,6.0,3.0,4,1,4
1877,716901,PIT,670912,97,5.0,1.0,5,1,4
1878,716900,NYY,607074,68,6.0,1.0,1,0,6
1879,716899,PHI,592836,89,5.0,2.0,7,2,6
1880,716902,BAL,680570,94,6.0,3.0,5,2,8
1881,716898,TB,641793,80,5.33,4.0,6,1,7
1882,716896,DET,681857,97,4.67,6.0,7,3,4
1883,716891,ATL,693821,90,5.33,1.0,3,3,2
1884,716894,MIL,489119,89,5.0,3.0,4,1,5
1885,716893,CWS,605182,97,5.0,4.0,4,4,6
1886,716892,LAA,608337,100,6.0,1.0,9,2,5
1887,716889,AZ,668678,90,6.0,1.0,11,1,7
1888,716888,OAK,666204,16,1.0,0.0,0,0,0
1889,716887,SD,605483,96,6.0,3.0,8,2,6
1890,716895,HOU,434378,96,6.0,0.0,9,1,5
1891,716883,SD,607625,93,6.0,0.0,4,1,3
1892,716903,LAA,672282,94,5.0,4.0,3,2,7
1893,716890,LAA,660271,26,1.33,0.0,2,1,0
1894,716886,PIT,682847,90,3.33,5.0,5,5,7
1895,716885,DET,669373,85,6.0,4.0,7,1,6
1896,716884,OAK,661309,41,2.33,1.0,3,1,3
1897,716882,MIL,669203,99,6.0,6.0,5,1,8
1898,716875,CLE,675540,38,2.0,3.0,1,0,5
1899,716880,TB,650644,80,5.0,3.0,9,0,4
1900,716879,PHI,547179,93,5.67,4.0,4,3,8
1901,716878,HOU,664353,100,4.67,4.0,1,3,8
1902,716877,NYY,622663,97,6.67,0.0,2,2,1
1903,716876,ATL,450203,109,7.0,0.0,11,1,2
1904,716881,CWS,656629,65,4.0,0.0,5,4,1
1905,716874,BAL,665152,94,6.0,0.0,5,0,5
1906,716873,HOU,641585,81,2.33,10.0,3,2,11
1907,716872,NYY,650633,50,2.67,0.0,3,2,1
1908,716871,CLE,668909,96,4.33,5.0,5,2,8
1909,716870,PIT,642239,25,1.0,1.0,1,0,2
1910,716869,TB,542888,25,2.0,0.0,2,0,2
1911,716868,AZ,518876,86,7.0,0.0,12,0,1
1912,716867,MIN,641154,91,5.0,5.0,4,1,10
1913,716865,BAL,502043,95,8.0,3.0,8,1,6
1914,716864,CWS,669947,91,5.67,5.0,4,0,6
1915,716866,BOS,676710,86,5.0,2.0,7,1,4
1916,716863,MIA,666129,90,6.0,3.0,3,0,7
1917,716862,PIT,656605,93,8.0,0.0,6,1,4
1918,716861,PHI,650911,83,6.0,2.0,6,0,5
1919,716860,TOR,605135,100,5.67,4.0,5,2,7
1920,716859,BAL,608344,85,6.0,4.0,5,1,6
1921,716858,DET,666159,80,6.33,0.0,3,0,1
1922,716852,SF,657277,92,5.33,5.0,1,1,6
1923,716856,CWS,656302,96,4.33,8.0,6,5,9
1924,716855,NYM,673540,105,6.67,2.0,10,3,4
1925,716854,TB,621107,103,6.0,2.0,11,1,7
1926,716853,SEA,682243,83,4.0,3.0,6,1,6
1927,716851,AZ,694297,86,5.33,2.0,5,1,3
1928,716850,MIN,543243,81,7.0,1.0,4,0,6
1929,716857,MIL,605540,107,6.0,1.0,11,3,3
1930,716844,MIA,691587,76,6.0,0.0,7,1,3
1931,716848,SF,676254,31,1.67,1.0,3,2,1
1932,716847,PHI,554430,80,7.0,1.0,10,0,3
1933,716849,BOS,572020,92,4.33,4.0,4,5,4
1934,716846,TOR,547943,70,5.0,2.0,5,0,4
1935,716845,TB,607192,85,6.0,0.0,4,2,1
1936,716843,DET,593958,96,4.67,4.0,1,4,5
1937,716837,BAL,680694,87,6.0,2.0,8,1,6
1938,716841,CWS,657053,94,5.0,0.0,4,3,2
1939,716840,NYM,471911,49,1.67,5.0,1,0,7
1940,716839,MIN,657746,80,5.0,1.0,7,2,5
1941,716838,MIL,642547,94,5.33,2.0,9,3,2
1942,716833,AZ,605200,86,5.0,1.0,5,2,5
1943,716832,SEA,669302,83,7.0,1.0,7,1,2
1944,716842,PIT,681882,25,2.0,0.0,3,0,0
1945,716836,BAL,656427,84,5.67,3.0,3,1,7
1946,716835,PHI,605400,95,7.0,0.0,9,1,1
1947,716834,PIT,663559,88,4.67,6.0,3,1,7
1948,716831,BOS,656557,80,4.0,1.0,4,2,5
1949,716830,DET,656412,95,4.67,3.0,2,4,7
1950,716829,NYM,656849,104,7.0,1.0,8,3,3
1951,716828,TB,641793,92,6.0,4.0,4,1,4
1952,716826,CWS,605182,95,7.0,1.0,10,2,1
1953,716825,TOR,579328,96,6.0,4.0,8,2,6
1954,716824,MIN,641927,73,4.0,5.0,4,1,5
1955,716822,MIL,605288,43,2.0,4.0,2,1,4
1956,716821,AZ,677944,84,5.67,1.0,5,0,3
1957,716820,SEA,622491,95,7.0,0.0,6,1,1
1958,716819,SF,663941,70,4.33,3.0,5,1,3
1959,716827,MIA,608638,12,1.0,0.0,1,0,1
1960,716814,BOS,519242,92,4.67,3.0,6,2,7
1961,716818,NYM,656731,96,6.0,1.0,8,1,5
1962,716817,PHI,592836,92,5.67,3.0,6,2,8
1963,716823,SF,690986,91,6.33,0.0,11,2,3
1964,716815,BAL,680570,96,6.0,0.0,6,1,1
1965,716813,MIN,628317,66,4.0,6.0,3,1,7
1966,716816,TOR,592332,99,5.0,3.0,7,2,7
1967,716811,KC,425844,76,4.67,2.0,2,2,6
1968,716804,SEA,693433,69,6.0,0.0,5,1,3
1969,716805,LAD,676272,86,6.0,4.0,4,2,7
1970,716812,COL,596295,42,2.67,2.0,1,2,4
1971,716809,STL,425794,93,6.0,1.0,1,3,8
1972,716810,CHC,592791,99,6.0,1.0,6,0,8
1973,716808,DET,681857,100,4.33,1.0,10,4,3
1974,716807,MIA,645261,110,5.67,4.0,4,2,7
1975,716803,SF,502171,131,9.0,1.0,8,1,1
1976,716801,TOR,621244,92,6.0,5.0,2,2,6
1977,716800,BAL,665152,93,6.0,1.0,5,0,6
1978,716799,NYM,500779,96,6.0,0.0,5,3,3
1979,716798,CHC,657006,111,6.0,0.0,8,1,6
1980,716806,PHI,547179,88,6.0,3.0,5,2,8
1981,716796,MIN,641154,97,6.0,2.0,5,3,8
1982,716797,STL,668868,91,4.0,2.0,3,4,5
1983,716790,SEA,596133,70,3.67,3.0,0,0,7
1984,716791,COL,663567,87,5.0,3.0,2,0,9
1985,716802,BOS,678394,82,4.67,2.0,2,2,4
1986,716792,LAD,477132,79,5.0,1.0,5,3,3
1987,716793,KC,666142,108,7.0,0.0,9,1,3
1988,716795,DET,669373,97,6.0,2.0,9,2,4
1989,716789,SF,657277,94,6.0,2.0,6,0,7
1990,716788,SEA,682243,94,6.0,3.0,5,0,7
1991,716787,PHI,650911,62,4.67,3.0,5,0,7
1992,716786,BAL,502043,89,4.33,7.0,2,0,9
1993,716785,TOR,605135,110,8.0,0.0,3,1,3
1994,716784,MIN,543243,81,7.0,0.0,5,1,3
1995,716783,NYM,660593,78,5.33,2.0,3,0,3
1996,716782,STL,571945,98,6.0,3.0,2,2,7
1997,716781,DET,686839,30,0.67,2.0,2,1,2
1998,716780,KC,672582,84,5.67,3.0,3,2,5
1999,716778,MIA,666200,96,6.0,0.0,8,2,1
2000,716774,LAD,686752,84,5.0,0.0,3,1,2
2001,716773,COL,607536,93,5.67,6.0,3,1,8
2002,716794,BOS,676710,46,2.67,6.0,1,1,7
2003,716779,CHC,543294,98,6.0,0.0,6,2,4
2004,716777,SD,658648,77,3.0,1.0,5,2,6
2005,716776,WSH,672851,84,5.0,5.0,3,1,9
2006,716768,LAD,458681,104,4.33,7.0,1,2,7
2007,716775,DET,666159,81,6.0,0.0,4,2,2
2008,718700,CIN,668933,72,5.0,3.0,6,1,6
2009,716772,TEX,453286,88,6.0,0.0,7,2,1
2010,716771,WSH,663623,80,5.0,3.0,4,3,4
2011,716770,CIN,680689,91,4.67,2.0,4,5,2
2012,716769,NYM,673540,104,7.0,1.0,12,2,5
2013,716766,STL,641712,90,7.0,1.0,0,2,3
2014,716765,MIL,642547,94,6.0,1.0,10,0,2
2015,716767,CLE,615698,86,6.0,2.0,2,3,2
2016,716763,HOU,434378,88,6.0,6.0,3,1,8
2017,716762,CWS,657053,94,5.33,3.0,6,2,5
2018,716761,SD,608379,108,6.0,2.0,6,2,6
2019,716759,COL,623167,87,5.67,4.0,0,1,7
2020,716758,OAK,676664,89,6.0,0.0,3,2,4
2021,716757,LAD,628711,92,5.0,5.0,4,2,9
2022,716756,AZ,605200,85,6.0,1.0,6,1,4
2023,716764,KC,543475,114,8.0,2.0,7,0,4
2024,716751,NYM,656849,77,4.0,4.0,4,0,7
2025,716755,OAK,621112,86,5.0,1.0,4,3,4
2026,716760,WSH,592866,82,4.0,8.0,3,0,12
2027,716754,CLE,671106,94,5.0,4.0,5,0,7
2028,716753,CIN,671096,97,6.33,1.0,5,2,4
2029,716752,TEX,656756,68,3.67,6.0,0,2,7
2030,716750,KC,679525,60,2.67,6.0,1,2,7
2031,716743,SD,605483,113,6.0,0.0,8,4,3
2032,716748,COL,621389,93,6.0,5.0,2,3,9
2033,716747,AZ,677944,71,3.33,6.0,4,0,9
2034,716746,HOU,686613,94,4.0,3.0,5,4,5
2035,716745,MIL,607067,66,4.33,2.0,6,0,3
2036,716744,STL,680723,84,4.67,3.0,1,3,5
2037,716741,LAD,686218,76,4.0,1.0,6,3,3
2038,716749,CWS,605182,71,4.0,8.0,2,0,12
2039,716742,NYM,656731,85,5.33,3.0,6,2,5
2040,716740,WSH,680686,86,4.0,3.0,2,4,4
2041,716739,KC,664199,12,1.0,0.0,1,0,0
2042,716738,CIN,686730,87,4.0,3.0,7,2,5
2043,716737,TEX,592351,96,5.0,3.0,8,4,7
2044,716736,MIL,489119,89,6.33,4.0,4,3,4
2045,716735,HOU,664299,96,6.0,3.0,8,0,4
2046,716732,AZ,668678,99,5.33,5.0,4,1,8
2047,716733,STL,668868,92,7.0,3.0,6,0,7
2048,716731,OAK,666205,78,4.0,3.0,3,1,5
2049,716730,COL,502624,66,4.0,2.0,3,2,4
2050,716729,CLE,675540,78,5.33,1.0,6,1,6
2051,716728,SD,607625,89,6.0,0.0,4,1,3
2052,716725,LAD,676272,96,7.0,1.0,5,1,3
2053,716734,CWS,656629,44,1.67,2.0,2,5,1
2054,716727,CIN,622088,26,2.0,0.0,3,0,0
2055,716726,OAK,665622,70,4.67,3.0,3,3,3
2056,716724,TEX,571760,88,4.67,3.0,1,4,5
2057,716723,CHC,657006,107,8.0,0.0,12,2,2
2058,716722,TB,650644,98,5.33,3.0,12,3,2
2059,716721,AZ,518876,91,7.0,1.0,12,1,4
2060,716720,SD,448179,47,1.33,6.0,3,2,7
2061,716719,CLE,608337,76,3.0,9.0,3,3,7
2062,716718,PIT,682847,84,6.0,2.0,4,3,5
2063,716713,LAA,670046,87,6.0,3.0,4,2,7
2064,716681,KC,666142,92,6.0,0.0,7,0,1
2065,716717,CLE,676440,87,5.0,2.0,4,5,4
2066,716716,TB,621107,89,5.0,3.0,7,1,5
2067,716715,WSH,571578,83,4.0,8.0,2,1,7
2068,716714,PIT,656578,83,4.33,6.0,2,5,3
2069,716712,CIN,683175,95,4.67,5.0,7,2,6
2070,716711,NYY,543037,104,6.0,1.0,7,0,8
2071,716710,MIA,666200,90,6.0,2.0,6,1,4
2072,716703,SD,658648,91,6.67,0.0,1,6,2
2073,716708,CHC,543294,83,5.33,4.0,5,0,7
2074,716707,OAK,686610,90,6.0,0.0,3,3,4
2075,716706,LAA,672282,98,6.67,1.0,5,1,9
2076,716705,TEX,543135,35,1.33,4.0,1,1,5
2077,716704,KC,663903,59,5.0,6.0,2,1,9
2078,716702,AZ,694297,70,3.67,3.0,4,2,6
2079,716709,ATL,647336,60,3.0,5.0,6,1,4
2080,716696,TB,607192,103,6.0,1.0,14,1,3
2081,716700,CLE,668909,89,5.0,1.0,4,4,1
2082,716699,CHC,696136,87,6.67,2.0,1,0,9
2083,716698,OAK,676664,75,5.0,1.0,3,4,4
2084,716697,PIT,681882,35,1.0,3.0,2,3,1
2085,716701,WSH,672851,80,5.0,2.0,6,3,6
2086,716695,MIA,608638,25,1.0,0.0,2,1,0
2087,716691,SD,608379,94,4.0,3.0,6,3,7
2088,716693,CIN,680689,95,4.67,7.0,3,4,7
2089,716692,AZ,605200,72,3.0,5.0,2,3,6
2090,716690,LAA,663776,107,5.0,4.0,3,4,7
2091,716689,ATL,675911,65,2.67,6.0,5,3,6
2092,716688,KC,543475,91,5.33,3.0,0,1,7
2093,716687,TEX,453286,60,3.0,7.0,4,2,6
2094,716694,NYY,657376,99,6.33,3.0,6,0,5
2095,716686,NYY,607074,73,3.67,7.0,4,0,8
2096,716685,CHC,665871,87,5.33,3.0,0,1,7
2097,716684,LAA,646242,30,1.67,0.0,0,1,2
2098,716683,TB,641793,86,8.0,1.0,4,1,5
2099,716682,MIA,666129,91,3.67,1.0,4,3,3
2100,716680,ATL,608331,103,6.0,3.0,4,2,6
2101,716678,CHC,592791,77,6.0,0.0,9,1,1
2102,716677,CIN,671096,75,4.0,6.0,3,3,4
2103,716676,WSH,669022,89,4.0,4.0,4,2,6
2104,716675,DET,681857,104,6.67,2.0,5,1,2
2105,716679,PHI,650911,82,5.0,0.0,4,1,4
2106,716674,ATL,693821,95,7.0,2.0,9,1,4
2107,716673,TOR,579328,88,5.0,1.0,8,1,3
2108,716669,HOU,686613,85,4.33,6.0,5,2,6
2109,716671,TB,671737,93,6.33,4.0,5,2,6
2110,716670,NYY,622663,70,4.0,2.0,5,1,4
2111,716668,SF,690986,90,5.0,3.0,5,2,5
2112,716667,LAA,656288,92,5.33,3.0,3,2,8
2113,716666,MIN,572971,75,5.0,2.0,6,2,3
2114,716665,TEX,656756,88,5.67,5.0,6,1,8
2115,716672,BOS,656557,79,5.33,5.0,5,2,8
2116,716664,BOS,519242,80,4.0,6.0,5,2,6
2117,716663,SF,657277,93,6.0,0.0,4,1,3
2118,716662,WSH,663623,88,6.0,1.0,4,2,3
2119,716661,TOR,592332,105,8.0,1.0,10,1,2
2120,716660,CHC,657006,95,7.0,1.0,6,0,6
2121,716659,NYY,650633,79,5.0,1.0,9,1,4
2122,716657,TEX,543135,47,2.33,0.0,3,2,3
2123,716658,DET,669373,95,5.0,0.0,9,1,2
2124,716655,CIN,686730,77,3.0,4.0,1,3,5
2125,716654,MIN,628317,83,5.33,2.0,2,1,5
2126,716653,PHI,605400,84,4.33,4.0,6,0,7
2127,716651,ATL,689266,75,4.0,4.0,2,3,7
2128,716650,LAA,542881,97,8.0,2.0,4,1,4
2129,716649,HOU,664299,82,4.0,4.0,5,3,4
2130,716656,TB,650644,81,5.0,4.0,3,3,4
2131,716648,DET,687830,73,5.0,2.0,5,0,4
2132,716647,WSH,592866,101,4.33,6.0,4,4,8
2133,716646,NYY,543037,106,7.0,0.0,9,0,3
2134,716645,TB,621107,83,5.0,3.0,6,2,7
2135,716644,ATL,642216,86,6.33,2.0,8,0,6
2136,716643,PHI,624133,87,6.33,3.0,10,3,2
2137,716642,CIN,668881,109,6.0,0.0,9,4,1
2138,716652,BOS,678394,92,5.0,3.0,4,0,7
2139,716640,HOU,641585,97,6.0,1.0,5,5,4
2140,716639,MIN,641154,106,8.0,0.0,14,0,2
2141,716638,CHC,543294,82,5.67,2.0,4,1,7
2142,716637,TEX,592351,60,2.67,3.0,3,2,4
2143,716634,SF,676775,80,6.0,3.0,9,0,5
2144,716633,LAA,670046,86,5.0,1.0,4,1,6
2145,716641,TOR,621244,100,7.0,2.0,7,2,5
2146,717664,PHI,592836,103,5.33,5.0,5,3,6
2147,716636,BAL,665152,88,4.33,5.0,2,4,7
2148,716635,PIT,656578,63,4.0,4.0,1,2,4
2149,716632,SF,502171,79,5.0,0.0,2,1,3
2150,716630,TOR,605135,101,5.33,5.0,3,3,9
2151,716629,MIN,543243,89,4.0,1.0,5,1,6
2152,716627,NYM,500779,90,5.0,2.0,4,2,5
2153,716625,COL,607536,82,6.0,3.0,2,0,8
2154,716624,HOU,664285,96,7.0,3.0,10,1,4
2155,716623,SEA,669302,93,7.0,3.0,5,1,6
2156,716622,LAD,694813,65,5.33,7.0,2,1,9
2157,716590,PHI,547179,96,5.0,4.0,3,2,5
2158,716626,MIL,605540,106,9.0,0.0,7,1,6
2159,716617,DET,666214,69,2.67,2.0,1,3,6
2160,716631,CWS,657053,46,1.0,8.0,1,2,6
2161,716628,BOS,601713,90,5.33,3.0,10,1,4
2162,716621,BAL,607644,75,5.0,3.0,1,0,5
2163,716620,PIT,663559,67,6.0,1.0,4,1,4
2164,716619,SF,640455,80,5.67,1.0,5,2,2
2165,716618,PHI,554430,96,5.0,6.0,4,3,7
2166,716616,TOR,547943,82,6.0,3.0,5,1,5
2167,716612,BOS,676710,93,4.67,1.0,7,3,3
2168,716614,HOU,434378,94,7.0,5.0,7,0,8
2169,716613,MIN,657746,102,4.67,2.0,7,2,5
2170,716611,CWS,656302,102,5.33,1.0,8,1,4
2171,716610,MIL,642547,95,6.33,1.0,9,0,2
2172,716609,COL,623167,84,5.33,3.0,5,2,9
2173,716608,LAD,458681,111,7.0,2.0,3,2,5
2174,716606,SEA,693433,83,5.67,0.0,8,0,4
2175,716615,NYM,676130,91,5.0,1.0,7,3,2
2176,716607,MIN,572971,78,4.0,4.0,3,3,6
2177,716605,SF,690986,82,4.0,3.0,3,1,7
2178,716604,BAL,502043,104,6.67,1.0,4,3,3
2179,716602,SEA,622491,104,6.0,2.0,8,3,3
2180,716601,DET,593958,94,5.33,4.0,5,5,4
2181,716600,PIT,681882,24,1.0,1.0,3,0,2
2182,716603,PHI,650911,96,7.33,4.0,10,1,8
2183,716598,CWS,605182,82,6.0,2.0,7,0,6
2184,716596,HOU,686613,78,5.0,0.0,7,2,0
2185,716595,NYM,664192,99,7.0,0.0,2,3,5
2186,716594,TOR,579328,89,5.0,6.0,3,2,5
2187,716592,MIL,656730,9,1.0,0.0,1,0,1
2188,716589,LAD,686752,90,6.0,4.0,5,0,6
2189,716599,COL,621389,80,5.0,3.0,4,1,9
2190,716597,BOS,656557,105,6.0,0.0,7,3,4
2191,716593,BOS,687798,15,1.0,0.0,1,1,0
2192,716591,PIT,656605,92,8.0,0.0,7,1,2
2193,716588,NYM,673540,103,6.0,0.0,10,2,2
2194,716587,TOR,592332,109,4.67,4.0,5,6,6
2195,716585,MIL,605288,82,5.0,2.0,5,0,5
2196,716584,DET,681857,94,6.0,1.0,7,4,2
2197,716580,CWS,570632,90,6.33,6.0,8,0,7
2198,716586,BAL,680694,100,7.0,4.0,5,0,7
2199,716576,TOR,621244,90,7.0,0.0,8,0,5
2200,716582,MIA,456501,70,4.0,3.0,2,0,7
2201,716583,BAL,656427,79,4.0,3.0,6,1,6
2202,716579,PIT,670912,96,5.0,1.0,7,5,4
2203,716578,MIL,489119,92,5.67,3.0,3,2,5
2204,716577,KC,425844,48,2.0,0.0,1,1,3
2205,716575,CLE,608337,100,7.0,0.0,12,1,2
2206,716568,SEA,669923,81,6.0,4.0,7,2,5
2207,716573,CWS,669947,94,4.0,5.0,5,3,7
2208,716572,STL,668868,89,5.0,4.0,4,2,5
2209,716571,COL,502624,101,7.0,1.0,7,5,0
2210,716570,LAA,656288,109,6.0,4.0,7,1,8
2211,716569,OAK,656794,79,3.0,4.0,2,3,5
2212,716567,AZ,694297,73,5.33,0.0,6,1,4
2213,716574,NYM,656849,95,5.67,2.0,10,2,6
2214,716581,COL,608718,36,2.0,2.0,1,2,2
2215,716566,TOR,605135,110,7.0,2.0,5,3,4
2216,716565,MIA,663773,64,4.33,3.0,2,1,4
2217,716564,OAK,695243,33,1.0,2.0,2,3,2
2218,716563,PIT,682847,88,4.67,4.0,2,6,6
2219,716562,CLE,676440,84,5.33,1.0,4,0,5
2220,716561,BAL,680570,95,8.0,0.0,7,0,5
2221,716560,KC,666142,100,6.0,5.0,7,2,6
2222,716559,MIL,669203,100,5.67,4.0,9,3,5
2223,716558,AZ,605200,81,4.0,3.0,5,2,5
2224,716557,STL,571945,93,6.0,5.0,2,0,8
2225,716556,CWS,657053,74,5.0,1.0,8,1,3
2226,716555,NYM,656731,97,5.67,2.0,2,2,9
2227,716554,LAA,542881,107,5.0,4.0,7,5,4
2228,716552,SEA,682243,86,5.33,0.0,4,1,4
2229,716550,COL,607536,41,3.0,1.0,1,1,4
2230,716551,PIT,681882,20,2.0,0.0,0,1,0
2231,716553,BAL,665152,86,5.0,1.0,5,2,2
2232,716548,TOR,547943,83,4.67,0.0,2,2,6
2233,716547,KC,543475,95,6.0,4.0,6,1,6
2234,716546,MIA,666200,97,6.0,0.0,8,2,4
2235,716545,NYM,500779,94,6.67,2.0,2,1,8
2236,716544,LAA,623474,12,1.0,0.0,2,0,0
2237,716549,CLE,668909,97,6.0,1.0,7,2,4
2238,716542,CWS,656302,106,6.0,3.0,5,3,4
2239,716541,STL,641712,66,5.0,3.0,3,3,5
2240,716540,COL,623167,94,5.33,4.0,5,0,5
2241,716538,OAK,671212,58,3.0,0.0,4,2,1
2242,716537,SEA,669302,86,5.0,5.0,6,1,7
2243,716536,AZ,669194,75,3.33,2.0,3,3,4
2244,716543,MIL,605540,106,6.0,1.0,6,0,3
2245,716539,WSH,672851,87,5.0,5.0,5,2,9
2246,716535,MIA,665795,77,5.33,1.0,4,1,4
2247,716534,CIN,683175,93,7.0,2.0,7,1,3
2248,716533,TEX,656756,95,7.0,1.0,8,0,5
2249,716532,ATL,657140,78,4.0,4.0,5,4,5
2250,716531,STL,425794,93,7.0,0.0,3,2,4
2251,716530,HOU,434378,89,6.0,3.0,5,1,8
2252,716529,KC,663903,77,6.0,4.0,4,2,8
2253,716528,LAD,458681,93,5.0,3.0,6,2,6
2254,716527,OAK,676664,89,5.67,4.0,6,4,6
2255,716526,SD,608379,91,5.0,2.0,6,0,5
2256,716524,TB,671737,82,5.0,1.0,6,1,3
2257,716525,WSH,671131,78,6.33,2.0,2,1,6
2258,716523,MIA,666129,91,6.0,0.0,7,0,5
2259,716522,CIN,518585,29,1.67,1.0,4,1,0
2260,716521,ATL,675911,91,7.0,3.0,11,0,4
2261,716520,NYY,657376,91,5.0,4.0,1,2,4
2262,716519,TEX,543135,82,5.0,3.0,3,3,4
2263,716511,AZ,668678,93,5.0,4.0,6,3,6
2264,716517,KC,674444,39,1.67,0.0,2,4,1
2265,716516,SD,605483,104,7.0,0.0,10,4,0
2266,716515,STL,680723,62,3.33,5.0,3,2,6
2267,716514,HOU,686613,85,5.33,7.0,5,2,6
2268,716512,OAK,621112,93,5.0,2.0,4,1,4
2269,716510,LAD,657571,17,1.0,1.0,3,0,1
2270,716518,CHC,665871,84,5.0,1.0,8,1,5
2271,716513,WSH,680686,91,5.0,1.0,4,3,5
2272,716509,ATL,693821,72,3.67,4.0,0,5,3
2273,716508,HOU,664299,91,5.0,1.0,11,2,3
2274,716507,TEX,592351,39,2.33,4.0,1,1,4
2275,716506,CIN,668881,92,7.0,1.0,14,1,3
2276,716505,KC,425844,57,3.67,2.0,5,0,5
2277,716504,OAK,683155,90,4.67,5.0,2,1,6
2278,716501,TB,650644,74,3.0,6.0,7,0,7
2279,716502,NYY,650633,101,7.0,1.0,13,0,5
2280,716500,SD,607625,99,6.0,2.0,7,2,7
2281,716499,AZ,518876,104,6.67,1.0,5,3,3
2282,716497,CHC,657006,76,3.0,6.0,6,0,8
2283,716495,STL,668868,92,5.0,4.0,4,1,5
2284,716494,LAD,676272,98,6.0,2.0,7,1,3
2285,716503,MIA,691587,69,3.0,2.0,2,3,3
2286,716498,TB,621107,92,5.0,2.0,10,1,6
2287,716496,WSH,663623,80,2.67,5.0,1,3,7
2288,716493,CHC,543294,95,6.0,1.0,5,2,7
2289,716492,NYY,543037,107,8.0,1.0,9,0,2
2290,716491,STL,571945,97,5.0,5.0,4,1,9
2291,716490,PHI,624133,97,6.67,4.0,6,2,5
2292,716489,CLE,683769,56,3.0,0.0,1,2,1
2293,716488,OAK,665622,80,5.0,4.0,5,1,6
2294,716484,LAD,686218,93,4.67,1.0,9,4,0
2295,716487,CIN,671096,84,4.33,2.0,7,2,4
2296,716486,CHC,592791,101,6.0,0.0,7,4,4
2297,716485,WSH,571578,68,4.33,5.0,1,1,5
2298,716483,CLE,669456,81,5.0,4.0,5,1,6
2299,716482,MIA,608638,13,0.67,0.0,0,2,0
2300,716481,PHI,592836,105,6.0,2.0,4,1,5
2301,716480,NYY,596133,78,5.33,0.0,3,0,4
2302,716474,LAD,657571,12,1.0,0.0,0,1,0
2303,716478,BOS,519242,90,5.0,0.0,7,1,3
2304,716477,TEX,641540,76,5.33,4.0,2,2,4
2305,716476,SD,663362,96,5.67,1.0,9,2,3
2306,716475,MIN,641154,90,6.0,3.0,7,1,5
2307,716473,HOU,664285,92,5.33,6.0,10,3,4
2308,716472,OAK,686610,101,6.0,2.0,7,0,4
2309,716479,TB,607192,101,5.33,4.0,7,4,3
2310,716465,MIN,543243,93,6.0,1.0,8,0,4
2311,716470,OAK,671212,94,6.0,0.0,5,1,5
2312,716469,CHC,573186,64,3.0,3.0,2,1,5
2313,716468,BOS,601713,92,7.0,0.0,7,1,3
2314,716466,PHI,554430,99,7.0,3.0,6,1,8
2315,716464,CLE,615698,93,4.0,1.0,4,4,5
2316,716461,TEX,656756,102,7.0,0.0,6,2,5
2317,716462,CIN,683175,99,5.0,3.0,9,3,5
2318,716460,MIA,666200,86,5.0,2.0,4,3,2
2319,716457,SD,607259,62,4.0,0.0,3,3,2
2320,716456,LAD,477132,76,5.0,0.0,5,2,2
2321,716455,HOU,641585,91,5.0,2.0,5,1,7
2322,716463,TB,641793,99,5.67,0.0,6,1,5
2323,716467,WSH,672851,88,4.67,4.0,5,4,5
2324,716459,WSH,671131,86,5.0,1.0,4,2,3
2325,716458,NYY,607074,93,6.33,3.0,4,1,5
2326,716454,PHI,650911,96,7.0,2.0,10,1,3
2327,716453,BOS,676710,93,5.33,3.0,7,3,4
2328,716451,CIN,682227,74,4.33,2.0,3,1,4
2329,716450,CLE,663474,52,1.67,3.0,0,6,1
2330,716452,TB,671737,92,7.0,6.0,4,2,7
2331,716448,HOU,686613,65,3.0,6.0,4,1,6
2332,716447,MIA,665795,84,5.0,1.0,5,2,5
2333,716446,TEX,543135,86,5.0,5.0,6,2,6
2334,716445,MIN,657746,91,6.0,3.0,10,0,7
2335,716444,SD,608379,104,7.0,2.0,6,1,6
2336,716442,OAK,676664,97,5.0,2.0,7,2,6
2337,716439,LAD,458681,99,6.0,2.0,6,3,5
2338,716449,CHC,696136,88,6.0,3.0,3,1,4
2339,716471,NYY,657376,79,4.0,2.0,3,3,3
2340,716441,SF,657277,110,9.0,1.0,7,0,9
2341,716440,LAA,663776,65,3.0,0.0,2,5,2
2342,716436,SEA,622491,92,6.0,5.0,8,1,8
2343,716431,TOR,592332,105,7.0,0.0,5,2,3
2344,716437,SF,605154,23,1.33,1.0,2,0,1
2345,716435,CLE,608337,98,3.33,5.0,5,5,4
2346,716438,COL,502624,91,5.0,0.0,4,2,5
2347,716433,DET,681857,92,5.67,1.0,7,2,5
2348,716432,PHI,605400,90,6.67,1.0,8,0,4
2349,716429,ATL,693821,77,3.67,5.0,2,4,7
2350,716434,BAL,680694,104,8.0,0.0,4,2,3
2351,716427,CWS,570632,74,4.0,4.0,2,3,4
2352,716425,SEA,669923,84,6.0,0.0,4,1,5
2353,716424,COL,663372,57,3.0,5.0,0,1,6
2354,716423,MIL,605288,80,5.0,2.0,5,2,3
2355,716422,LAA,672282,100,7.0,1.0,7,4,4
2356,716421,MIN,641927,86,5.0,0.0,8,0,2
2357,716428,BOS,656557,72,3.0,6.0,2,0,10
2358,716430,NYM,673540,96,5.0,2.0,8,3,3
2359,716426,SF,640455,100,6.0,2.0,8,0,7
2360,716419,BOS,678394,100,6.0,5.0,3,2,9
2361,716418,CLE,669456,82,6.0,1.0,7,0,5
2362,716417,CWS,672715,54,2.33,3.0,3,2,3
2363,716416,BAL,680570,87,5.67,1.0,5,0,6
2364,716415,PHI,624133,90,4.67,6.0,4,2,9
2365,716420,LAA,656288,111,6.0,2.0,5,2,5
2366,716413,TOR,621244,89,6.0,4.0,10,3,5
2367,716412,ATL,670241,90,6.0,2.0,5,2,4
2368,716411,NYM,664192,91,6.0,2.0,3,2,7
2369,716410,MIN,641154,77,4.33,3.0,6,1,5
2370,716408,MIL,489119,89,5.0,1.0,2,1,6
2371,716407,SEA,682243,68,4.0,4.0,4,1,6
2372,716406,COL,663562,86,4.33,4.0,4,2,7
2373,716414,DET,669373,52,4.0,0.0,8,0,2
2374,716443,CWS,657053,85,4.0,1.0,4,3,3
2375,716409,PHI,554430,67,4.0,1.0,5,1,4
2376,716405,COL,623167,96,6.0,3.0,3,2,6
2377,716404,NYM,656849,113,7.0,0.0,8,4,4
2378,716403,TOR,605135,106,7.67,0.0,12,1,5
2379,716401,DET,687830,92,5.0,2.0,6,2,4
2380,716400,MIN,543243,55,4.0,1.0,4,1,3
2381,716399,ATL,700363,64,3.67,1.0,2,1,0
2382,716397,SEA,669302,97,6.0,2.0,5,0,3
2383,716396,MIL,669203,66,4.0,0.0,4,1,5
2384,716402,BAL,665152,88,5.33,0.0,8,1,2
2385,716398,PIT,674370,36,2.0,0.0,2,1,2
2386,716395,DET,666214,62,2.33,7.0,2,3,8
2387,716394,ATL,642216,83,5.33,6.0,2,2,6
2388,716392,TOR,579328,76,5.0,3.0,4,2,5
2389,716391,CWS,656302,104,5.0,1.0,7,2,4
2390,716390,BAL,607644,82,6.33,2.0,4,0,3
2391,716389,KC,543475,88,6.0,5.0,4,1,4
2392,716387,COL,621389,88,5.0,4.0,4,2,7
2393,716386,LAA,681217,61,4.0,1.0,3,3,2
2394,716385,MIL,607067,67,5.0,0.0,6,0,2
2395,716384,AZ,668678,104,6.33,2.0,7,1,7
2396,716382,SF,676775,75,5.33,6.0,5,0,6
2397,716379,SEA,693433,82,3.67,0.0,5,3,2
2398,716388,STL,663765,50,1.67,7.0,0,1,6
2399,716393,NYM,500779,96,4.0,3.0,5,0,7
2400,716383,TOR,547943,52,3.0,2.0,1,0,7
2401,716381,SF,663941,70,5.0,1.0,3,1,6
2402,716378,PIT,682990,98,5.33,4.0,3,1,10
2403,716377,BAL,502043,80,5.0,0.0,4,1,7
2404,716376,NYM,656731,101,7.33,1.0,7,2,4
2405,716375,KC,674444,15,1.0,0.0,1,0,1
2406,716380,DET,676684,16,1.0,0.0,0,0,1
2407,716373,MIL,641778,81,4.0,8.0,2,4,9
2408,716372,STL,680723,90,4.33,4.0,7,3,7
2409,716371,LAA,681806,28,2.0,1.0,2,1,1
2410,716370,AZ,518876,93,7.0,1.0,5,2,5
2411,716369,ATL,675911,94,5.0,3.0,7,3,6
2412,716368,COL,571863,13,1.0,0.0,2,0,1
2413,716366,SEA,622491,86,2.67,4.0,4,5,5
2414,716374,CWS,605182,49,1.67,6.0,2,2,7
2415,716364,MIL,605288,72,5.0,0.0,5,2,3
2416,716363,SF,690986,94,5.0,0.0,4,2,0
2417,716362,PIT,656578,49,4.0,0.0,2,1,1
2418,716361,DET,593958,94,7.0,1.0,5,1,4
2419,716360,SEA,669923,75,6.0,0.0,7,0,3
2420,716359,COL,608718,10,1.0,0.0,1,0,0
2421,716355,NYM,676130,99,6.0,2.0,4,2,5
2422,716357,TOR,641149,89,4.0,9.0,3,3,10
2423,716356,CWS,570632,99,6.0,0.0,3,3,4
2424,716354,ATL,689266,89,6.0,5.0,1,1,9
2425,716353,STL,571945,90,7.0,3.0,10,0,7
2426,716352,KC,425844,70,5.0,1.0,2,2,4
2427,716365,LAA,608334,75,5.0,0.0,3,3,2
2428,716358,AZ,669459,12,0.33,2.0,1,1,2
2429,716367,BAL,680694,32,2.0,0.0,5,1,0
