game_pk,pitcher,np,ip,k,hits,bb
718767,622491,76.0,6.0,6.0,1.0,0.0
718768,664285,85.0,5.0,4.0,6.0,0.0
718769,666205,72.0,5.0,3.0,4.0,1.0
718770,628711,79.0,6.0,6.0,4.0,0.0
718772,571945,90.0,4.0,6.0,10.0,0.0
718773,668881,83.0,4.0,8.0,5.0,3.0
718774,645261,96.0,6.0,2.0,3.0,4.0
718775,425844,80.0,6.0,4.0,7.0,1.0
718776,663556,87.0,6.0,6.0,4.0,1.0
718777,573186,90.0,6.0,8.0,3.0,3.0
718778,605483,93.0,5.0,9.0,6.0,1.0
718779,594798,73.0,4.0,7.0,6.0,0.0
718780,571578,85.0,4.0,3.0,7.0,3.0
718781,543037,95.0,6.0,11.0,3.0,2.0
718782,446372,80.0,4.0,4.0,6.0,4.0
718763,592662,91.0,4.0,3.0,4.0,5.0
718764,664299,82.0,6.0,6.0,8.0,1.0
718765,669160,84.0,7.0,4.0,3.0,1.0
718766,607259,101.0,7.0,5.0,6.0,2.0
718771,666200,91.0,6.0,5.0,2.0,4.0
718746,669302,85.0,6.0,7.0,4.0,1.0
718749,477132,76.0,6.0,9.0,4.0,0.0
718750,608379,83.0,6.0,2.0,6.0,3.0
718751,543475,86.0,6.0,2.0,5.0,2.0
718752,543135,82.0,5.0,6.0,6.0,2.0
718753,680686,87.0,5.0,4.0,7.0,2.0
718754,621107,74.0,5.0,5.0,3.0,1.0
718755,665795,85.0,4.0,2.0,2.0,6.0
718756,666157,109.0,5.0,9.0,7.0,2.0
718757,660261,55.0,3.0,4.0,5.0,3.0
718758,657006,84.0,6.0,8.0,3.0,1.0
718759,656427,95.0,5.0,4.0,0.0,7.0
718760,664353,82.0,4.0,5.0,7.0,1.0
718761,519242,74.0,3.0,6.0,7.0,2.0
718762,657376,76.0,4.0,5.0,5.0,1.0
718733,607625,93.0,7.0,7.0,4.0,0.0
718734,686610,96.0,6.0,4.0,9.0,1.0
718735,594835,69.0,5.0,1.0,6.0,2.0
718736,592789,78.0,7.0,6.0,4.0,0.0
718737,656756,91.0,5.0,3.0,6.0,1.0
718738,592791,63.0,4.0,2.0,7.0,1.0
718739,527048,98.0,6.0,7.0,8.0,3.0
718740,677651,91.0,6.0,4.0,7.0,2.0
718741,669432,84.0,5.0,4.0,4.0,2.0
718742,605488,81.0,6.0,12.0,0.0,1.0
718743,669022,93.0,6.0,6.0,3.0,4.0
718744,668933,95.0,7.0,6.0,4.0,1.0
718745,641745,88.0,5.0,6.0,5.0,4.0
718747,666745,76.0,5.0,6.0,2.0,1.0
718748,656557,70.0,5.0,5.0,5.0,1.0
718718,675627,63.0,5.0,4.0,2.0,2.0
718719,663903,76.0,5.0,3.0,2.0,3.0
718720,669923,84.0,5.0,5.0,9.0,1.0
718721,621076,89.0,5.0,5.0,7.0,2.0
718722,677960,90.0,5.0,2.0,5.0,1.0
718723,686613,93.0,5.0,5.0,6.0,3.0
718724,676710,93.0,4.0,6.0,8.0,2.0
718725,641482,80.0,5.0,3.0,7.0,0.0
718726,592351,97.0,7.0,7.0,4.0,2.0
718727,663765,95.0,5.0,3.0,7.0,3.0
718728,656818,80.0,5.0,5.0,8.0,1.0
718729,456501,30.0,2.0,0.0,3.0,1.0
718730,656629,91.0,5.0,5.0,8.0,3.0
718731,642547,85.0,6.0,7.0,2.0,3.0
718732,592866,93.0,5.0,3.0,6.0,1.0
718703,628711,87.0,6.0,5.0,5.0,0.0
718705,664285,103.0,7.0,9.0,8.0,1.0
718706,622491,99.0,6.0,6.0,2.0,2.0
718707,676664,98.0,5.0,5.0,8.0,1.0
718708,663460,88.0,5.0,4.0,7.0,1.0
718709,571760,69.0,3.0,2.0,7.0,2.0
718710,593334,75.0,5.0,8.0,4.0,0.0
718711,571927,94.0,6.0,7.0,10.0,1.0
718712,489119,79.0,6.0,3.0,5.0,0.0
718713,601713,87.0,5.0,6.0,3.0,3.0
718714,645261,100.0,9.0,5.0,3.0,1.0
718715,641771,81.0,5.0,4.0,4.0,1.0
718716,570666,83.0,6.0,2.0,4.0,3.0
718717,506433,91.0,5.0,3.0,3.0,4.0
718689,666205,95.0,6.0,5.0,4.0,2.0
718691,623167,91.0,5.0,4.0,2.0,2.0
718692,425844,77.0,6.0,4.0,7.0,1.0
718694,594798,92.0,6.0,11.0,2.0,2.0
718695,656302,99.0,5.0,8.0,1.0,5.0
718696,664299,99.0,6.0,5.0,5.0,0.0
718697,571945,98.0,6.0,6.0,9.0,1.0
718698,669203,93.0,5.0,3.0,7.0,2.0
718699,543037,103.0,7.0,8.0,3.0,2.0
718701,666200,99.0,7.0,10.0,5.0,1.0
718702,446372,67.0,5.0,2.0,3.0,1.0
718704,571578,92.0,6.0,3.0,10.0,0.0
718681,675911,101.0,5.0,9.0,4.0,3.0
718682,607536,86.0,7.0,5.0,4.0,2.0
718683,518876,99.0,6.0,4.0,6.0,4.0
718686,543475,106.0,6.0,9.0,8.0,0.0
718687,458681,99.0,5.0,5.0,9.0,3.0
718690,605513,72.0,6.0,1.0,5.0,2.0
718670,663776,89.0,6.0,2.0,6.0,1.0
718671,518516,103.0,5.0,5.0,5.0,6.0
718673,570632,71.0,3.0,1.0,7.0,3.0
718674,605540,84.0,6.0,4.0,4.0,2.0
718675,573186,89.0,6.0,6.0,2.0,3.0
718676,694363,91.0,5.0,4.0,6.0,4.0
718677,650644,103.0,6.0,5.0,9.0,1.0
718678,621107,82.0,6.0,7.0,9.0,0.0
718679,448179,65.0,5.0,1.0,8.0,0.0
718680,502171,97.0,7.0,6.0,7.0,0.0
718684,543243,98.0,7.0,13.0,4.0,1.0
718685,554430,92.0,6.0,5.0,5.0,3.0
718688,665152,87.0,6.0,4.0,5.0,3.0
718693,656731,88.0,6.0,3.0,3.0,2.0
718656,605200,86.0,5.0,3.0,5.0,4.0
718657,542881,88.0,5.0,4.0,7.0,2.0
718658,596295,82.0,5.0,5.0,7.0,1.0
718659,450203,104.0,5.0,6.0,6.0,3.0
718660,641778,93.0,4.0,4.0,7.0,3.0
718661,673540,90.0,6.0,6.0,3.0,3.0
718662,592826,75.0,3.0,1.0,6.0,4.0
718663,615698,93.0,5.0,3.0,7.0,1.0
718664,608344,101.0,5.0,5.0,4.0,4.0
718665,605488,89.0,7.0,7.0,3.0,3.0
718666,657746,81.0,6.0,9.0,3.0,1.0
718667,666214,47.0,2.0,0.0,1.0,4.0
718668,663559,86.0,5.0,2.0,4.0,0.0
718669,657006,96.0,6.0,3.0,4.0,4.0
718672,640455,76.0,6.0,8.0,3.0,1.0
718639,669194,96.0,6.0,3.0,4.0,2.0
718642,592791,83.0,5.0,7.0,6.0,1.0
718643,543101,88.0,7.0,7.0,3.0,0.0
718644,672282,89.0,6.0,5.0,5.0,2.0
718645,663372,90.0,5.0,3.0,6.0,3.0
718646,668676,91.0,7.0,6.0,5.0,1.0
718647,471911,83.0,5.0,1.0,6.0,3.0
718648,689266,84.0,5.0,3.0,10.0,1.0
718649,641816,90.0,6.0,6.0,8.0,1.0
718650,642547,102.0,6.0,7.0,4.0,3.0
718651,669330,89.0,6.0,6.0,6.0,0.0
718652,592836,105.0,5.0,5.0,3.0,5.0
718653,670912,89.0,7.0,5.0,5.0,0.0
718654,571510,75.0,5.0,4.0,5.0,4.0
718655,656876,83.0,7.0,8.0,1.0,0.0
718627,668678,96.0,7.0,10.0,3.0,1.0
718628,592767,76.0,5.0,7.0,2.0,1.0
718629,608566,62.0,5.0,4.0,3.0,0.0
718630,571760,93.0,5.0,10.0,2.0,2.0
718631,660761,80.0,4.0,2.0,10.0,0.0
718632,672710,83.0,4.0,3.0,9.0,4.0
718633,621381,59.0,5.0,6.0,4.0,1.0
718634,453286,97.0,5.0,6.0,1.0,3.0
718635,502043,92.0,7.0,4.0,5.0,3.0
718636,693821,103.0,7.0,7.0,6.0,1.0
718637,669456,99.0,7.0,4.0,5.0,3.0
718638,656222,27.0,2.0,2.0,1.0,0.0
718640,628317,83.0,6.0,3.0,8.0,0.0
718641,657277,94.0,6.0,6.0,5.0,1.0
718611,518876,98.0,7.0,7.0,1.0,4.0
718613,607536,83.0,6.0,5.0,6.0,2.0
718614,660271,92.0,7.0,6.0,1.0,5.0
718615,594798,98.0,7.0,9.0,7.0,0.0
718616,641154,98.0,8.0,10.0,3.0,1.0
718617,669713,64.0,2.0,0.0,6.0,4.0
718618,680570,99.0,5.0,6.0,6.0,4.0
718619,605400,100.0,6.0,6.0,9.0,0.0
718620,657140,75.0,3.0,3.0,4.0,4.0
718621,656849,89.0,6.0,6.0,6.0,2.0
718622,666201,94.0,5.0,3.0,4.0,4.0
718623,656605,94.0,6.0,7.0,6.0,2.0
718624,622072,75.0,5.0,5.0,1.0,3.0
718625,663556,95.0,6.0,9.0,2.0,4.0
718626,683769,67.0,4.0,3.0,8.0,2.0
718595,543135,91.0,5.0,7.0,10.0,0.0
718598,686753,54.0,4.0,4.0,3.0,0.0
718599,665152,90.0,5.0,1.0,5.0,2.0
718600,671737,78.0,5.0,8.0,5.0,1.0
718601,675911,98.0,5.0,9.0,4.0,2.0
718602,656288,69.0,5.0,4.0,5.0,0.0
718603,592332,103.0,8.0,11.0,5.0,0.0
718604,685410,66.0,5.0,3.0,4.0,0.0
718605,543243,78.0,5.0,5.0,3.0,2.0
718606,573186,98.0,6.0,6.0,5.0,2.0
718607,570632,77.0,5.0,6.0,5.0,1.0
718608,448179,95.0,6.0,0.0,5.0,2.0
718609,554430,95.0,6.0,6.0,3.0,3.0
718610,656731,81.0,5.0,3.0,3.0,3.0
718612,502171,77.0,4.0,2.0,8.0,1.0
718589,607259,92.0,6.0,2.0,5.0,3.0
718590,666745,34.0,1.0,0.0,6.0,1.0
718591,656756,96.0,7.0,5.0,6.0,2.0
718593,605135,107.0,6.0,7.0,4.0,3.0
718594,605488,41.0,4.0,5.0,1.0,0.0
718596,608344,80.0,4.0,4.0,5.0,2.0
718597,666157,97.0,5.0,6.0,8.0,2.0
718574,608379,93.0,5.0,3.0,11.0,1.0
718575,592789,92.0,6.0,9.0,6.0,2.0
718577,543548,82.0,5.0,3.0,3.0,2.0
718578,621076,95.0,4.0,4.0,4.0,7.0
718579,663903,85.0,5.0,8.0,10.0,0.0
718580,656557,90.0,4.0,6.0,4.0,4.0
718581,677651,91.0,5.0,7.0,6.0,2.0
718582,663765,81.0,6.0,3.0,7.0,1.0
718583,605182,92.0,6.0,5.0,1.0,5.0
718584,669432,96.0,7.0,7.0,5.0,1.0
718585,666214,94.0,6.0,7.0,6.0,1.0
718586,656818,55.0,3.0,0.0,5.0,3.0
718587,621244,77.0,5.0,6.0,4.0,0.0
718588,641482,93.0,7.0,7.0,5.0,0.0
718592,592866,95.0,6.0,2.0,4.0,2.0
718560,607625,93.0,4.0,5.0,8.0,1.0
718561,669923,90.0,7.0,3.0,6.0,0.0
718562,686613,99.0,7.0,5.0,5.0,1.0
718563,663460,100.0,5.0,3.0,10.0,1.0
718564,675627,79.0,6.0,6.0,2.0,2.0
718565,660261,92.0,7.0,5.0,4.0,2.0
718566,668933,89.0,6.0,4.0,4.0,4.0
718567,666129,81.0,6.0,5.0,4.0,1.0
718568,571927,110.0,6.0,6.0,3.0,5.0
718569,579328,94.0,6.0,9.0,4.0,1.0
718570,656629,97.0,6.0,4.0,6.0,4.0
718571,547179,79.0,4.0,6.0,8.0,2.0
718572,593334,78.0,7.0,11.0,3.0,0.0
718573,641771,96.0,5.0,2.0,7.0,3.0
718576,601713,99.0,5.0,4.0,5.0,3.0
718545,622491,91.0,7.0,9.0,2.0,0.0
718546,676664,88.0,6.0,3.0,4.0,0.0
718547,628711,100.0,6.0,6.0,8.0,1.0
718548,571945,92.0,6.0,4.0,7.0,2.0
718549,506433,100.0,7.0,12.0,4.0,2.0
718550,645261,82.0,6.0,9.0,6.0,0.0
718551,425844,88.0,6.0,6.0,4.0,1.0
718552,664285,95.0,7.0,7.0,4.0,2.0
718553,656302,113.0,6.0,5.0,6.0,4.0
718554,570666,88.0,4.0,0.0,14.0,3.0
718555,571578,94.0,6.0,4.0,5.0,0.0
718556,666201,101.0,5.0,5.0,9.0,4.0
718557,543037,109.0,9.0,10.0,2.0,1.0
718559,676477,99.0,7.0,5.0,3.0,2.0
718532,669160,87.0,6.0,1.0,8.0,0.0
718533,677960,94.0,6.0,5.0,6.0,2.0
718534,623167,78.0,6.0,5.0,6.0,1.0
718535,607536,61.0,3.0,1.0,8.0,1.0
718536,666205,98.0,5.0,3.0,13.0,2.0
718537,664299,97.0,5.0,5.0,3.0,2.0
718538,656427,90.0,7.0,4.0,4.0,3.0
718539,543475,95.0,8.0,3.0,4.0,3.0
718540,678394,72.0,3.0,5.0,8.0,1.0
718542,668881,47.0,3.0,1.0,3.0,0.0
718544,666200,100.0,5.0,6.0,6.0,2.0
718516,477132,105.0,7.0,9.0,3.0,0.0
718517,669302,99.0,6.0,8.0,5.0,0.0
718519,605483,95.0,5.0,5.0,3.0,3.0
718520,664353,81.0,5.0,4.0,7.0,2.0
718521,570632,70.0,5.0,2.0,7.0,2.0
718522,641745,81.0,4.0,2.0,3.0,5.0
718523,686610,102.0,5.0,5.0,5.0,3.0
718524,519242,94.0,6.0,11.0,3.0,2.0
718525,458681,107.0,6.0,7.0,10.0,3.0
718526,666157,101.0,5.0,4.0,12.0,1.0
718527,656756,79.0,4.0,2.0,10.0,0.0
718528,665795,92.0,6.0,8.0,6.0,2.0
718529,657376,68.0,4.0,5.0,6.0,0.0
718530,571510,82.0,5.0,4.0,5.0,2.0
718531,680686,98.0,6.0,3.0,4.0,4.0
718541,593958,99.0,8.0,10.0,4.0,0.0
718543,608337,102.0,6.0,7.0,0.0,1.0
718501,677651,92.0,7.0,8.0,2.0,1.0
718502,594835,90.0,7.0,9.0,4.0,1.0
718504,666745,84.0,5.0,3.0,3.0,3.0
718505,446372,103.0,5.0,4.0,6.0,2.0
718506,695243,81.0,5.0,5.0,4.0,1.0
718507,607259,97.0,7.0,6.0,3.0,2.0
718508,592789,74.0,6.0,2.0,5.0,2.0
718509,596295,59.0,2.0,1.0,9.0,3.0
718510,605182,75.0,3.0,1.0,6.0,1.0
718511,669432,58.0,4.0,3.0,3.0,1.0
718512,663765,82.0,5.0,1.0,7.0,1.0
718513,605513,82.0,6.0,2.0,3.0,3.0
718514,663903,97.0,5.0,4.0,6.0,3.0
718515,686651,84.0,4.0,3.0,9.0,1.0
718518,669022,103.0,6.0,7.0,3.0,4.0
718494,669194,85.0,5.0,4.0,3.0,3.0
718496,641482,94.0,7.0,7.0,4.0,2.0
718497,656557,96.0,7.0,7.0,6.0,1.0
718498,621381,82.0,6.0,11.0,3.0,2.0
718499,665871,62.0,3.0,3.0,3.0,2.0
718500,672710,93.0,7.0,8.0,5.0,2.0
718503,640455,88.0,4.0,3.0,4.0,3.0
718480,543101,80.0,5.0,5.0,7.0,2.0
718481,669923,86.0,6.0,5.0,3.0,0.0
718482,641816,92.0,7.0,4.0,3.0,0.0
718483,642547,99.0,6.0,4.0,5.0,2.0
718484,668678,96.0,7.0,11.0,2.0,0.0
718485,660271,102.0,7.0,11.0,2.0,2.0
718486,676534,46.0,2.0,3.0,5.0,0.0
718487,593334,91.0,6.0,6.0,5.0,2.0
718489,693821,98.0,6.0,6.0,5.0,1.0
718490,592351,92.0,6.0,2.0,6.0,5.0
718491,592767,103.0,8.0,10.0,1.0,0.0
718492,656605,89.0,6.0,5.0,4.0,1.0
718493,605400,94.0,7.0,3.0,4.0,3.0
718495,669330,95.0,7.0,5.0,3.0,1.0
718464,622491,100.0,5.0,8.0,7.0,2.0
718466,542881,64.0,6.0,1.0,7.0,0.0
718467,518876,94.0,6.0,7.0,3.0,5.0
718468,641154,83.0,4.0,6.0,8.0,2.0
718469,571760,97.0,6.0,4.0,5.0,2.0
718470,489119,80.0,5.0,3.0,4.0,1.0
718471,657140,95.0,6.0,2.0,7.0,1.0
718472,502043,96.0,7.0,11.0,2.0,3.0
718473,669456,103.0,6.0,4.0,4.0,4.0
718474,448179,96.0,5.0,7.0,6.0,3.0
718475,650911,73.0,5.0,5.0,5.0,2.0
718476,543037,96.0,6.0,4.0,4.0,2.0
718477,663556,88.0,6.0,10.0,3.0,1.0
718478,657277,98.0,7.0,8.0,5.0,1.0
718479,669713,64.0,5.0,1.0,5.0,1.0
718488,668676,90.0,6.0,5.0,10.0,2.0
718450,623167,84.0,4.0,3.0,9.0,3.0
718451,573186,95.0,6.0,5.0,6.0,1.0
718452,672282,90.0,6.0,6.0,7.0,1.0
718453,594798,80.0,6.0,11.0,3.0,0.0
718454,641927,89.0,6.0,4.0,3.0,3.0
718455,548389,67.0,4.0,1.0,6.0,1.0
718456,686753,43.0,1.0,1.0,3.0,3.0
718457,621107,67.0,5.0,4.0,3.0,0.0
718458,554430,111.0,6.0,11.0,3.0,3.0
718459,680570,92.0,5.0,6.0,5.0,3.0
718460,671106,86.0,6.0,8.0,5.0,1.0
718461,669203,91.0,5.0,5.0,5.0,3.0
718462,608331,107.0,7.0,5.0,3.0,3.0
718463,592826,100.0,7.0,10.0,2.0,2.0
718465,657376,76.0,6.0,8.0,3.0,1.0
718437,660761,80.0,5.0,5.0,8.0,2.0
718438,674072,73.0,5.0,1.0,4.0,4.0
718441,607067,79.0,5.0,1.0,5.0,4.0
718442,543243,107.0,7.0,8.0,3.0,2.0
718443,675911,101.0,8.0,13.0,2.0,0.0
718444,605135,98.0,7.0,4.0,3.0,3.0
718445,666157,86.0,4.0,6.0,9.0,2.0
718446,502171,109.0,9.0,4.0,6.0,1.0
718447,665152,87.0,6.0,5.0,7.0,1.0
718448,615698,80.0,4.0,2.0,8.0,2.0
718449,671737,82.0,5.0,6.0,4.0,0.0
718422,669194,83.0,5.0,3.0,11.0,0.0
718425,656288,88.0,6.0,7.0,4.0,2.0
718426,657006,98.0,6.0,5.0,3.0,2.0
718427,657746,91.0,7.0,7.0,7.0,0.0
718428,641778,85.0,3.0,4.0,8.0,2.0
718429,450203,108.0,7.0,9.0,3.0,2.0
718430,663559,98.0,6.0,7.0,6.0,0.0
718431,676130,93.0,5.0,1.0,4.0,6.0
718432,670912,94.0,6.0,4.0,6.0,2.0
718433,621244,103.0,7.0,9.0,4.0,1.0
718434,596133,99.0,6.0,8.0,8.0,2.0
718435,680694,81.0,3.0,1.0,8.0,4.0
718436,656876,94.0,5.0,5.0,9.0,2.0
718439,605154,24.0,2.0,2.0,1.0,0.0
718440,685410,97.0,5.0,4.0,6.0,4.0
718407,592767,89.0,5.0,4.0,4.0,1.0
718408,663776,105.0,7.0,5.0,6.0,0.0
718411,693821,96.0,6.0,3.0,5.0,2.0
718412,673540,94.0,5.0,7.0,5.0,4.0
718413,672710,87.0,6.0,5.0,2.0,2.0
718414,676534,43.0,3.0,1.0,1.0,2.0
718415,592836,68.0,4.0,6.0,5.0,2.0
718416,669330,102.0,6.0,7.0,4.0,1.0
718417,628317,72.0,4.0,2.0,11.0,2.0
718418,668678,97.0,7.0,12.0,4.0,0.0
718419,642547,98.0,6.0,8.0,5.0,0.0
718420,579328,89.0,6.0,8.0,4.0,1.0
718421,676440,91.0,6.0,8.0,6.0,0.0
718423,543101,96.0,6.0,6.0,6.0,1.0
718424,668933,101.0,6.0,3.0,3.0,4.0
718396,656302,99.0,5.0,3.0,9.0,2.0
718397,571760,97.0,6.0,6.0,4.0,1.0
718398,664192,90.0,6.0,3.0,5.0,2.0
718400,641816,66.0,4.0,6.0,2.0,0.0
718402,660271,93.0,6.0,8.0,3.0,2.0
718403,656605,97.0,6.0,10.0,5.0,1.0
718404,621381,60.0,6.0,5.0,2.0,0.0
718405,666214,86.0,6.0,6.0,4.0,1.0
718406,669713,74.0,5.0,3.0,4.0,1.0
718409,657277,102.0,7.0,7.0,7.0,1.0
718410,657140,45.0,3.0,6.0,2.0,1.0
718380,607968,89.0,6.0,1.0,11.0,1.0
718382,669160,104.0,5.0,4.0,3.0,4.0
718386,489119,84.0,6.0,2.0,7.0,0.0
718387,641154,92.0,7.0,7.0,8.0,1.0
718388,594798,50.0,4.0,2.0,1.0,1.0
718389,664285,109.0,7.0,3.0,8.0,0.0
718390,607536,94.0,7.0,3.0,5.0,1.0
718391,666200,96.0,7.0,6.0,5.0,2.0
718392,666201,100.0,5.0,7.0,6.0,4.0
718393,608337,97.0,7.0,6.0,8.0,0.0
718394,656849,73.0,5.0,6.0,5.0,1.0
718395,601713,100.0,5.0,5.0,5.0,2.0
718366,663562,54.0,2.0,2.0,7.0,2.0
718369,477132,88.0,7.0,9.0,2.0,0.0
718372,664299,97.0,6.0,6.0,7.0,1.0
718373,458681,103.0,7.0,10.0,3.0,2.0
718374,543135,113.0,9.0,8.0,3.0,0.0
718375,665795,109.0,5.0,12.0,3.0,5.0
718376,669203,91.0,6.0,5.0,5.0,1.0
718377,666205,80.0,5.0,3.0,5.0,2.0
718378,641927,88.0,6.0,6.0,4.0,2.0
718379,592332,108.0,7.0,13.0,6.0,1.0
718381,593958,98.0,6.0,5.0,4.0,2.0
718383,571578,91.0,6.0,2.0,7.0,1.0
718384,605397,73.0,4.0,3.0,6.0,1.0
718385,678394,84.0,5.0,6.0,5.0,2.0
718399,641771,100.0,4.0,4.0,7.0,4.0
718401,571510,102.0,6.0,3.0,8.0,1.0
718354,664353,84.0,6.0,3.0,3.0,1.0
718355,605182,90.0,5.0,8.0,7.0,1.0
718356,527048,70.0,6.0,2.0,6.0,1.0
718357,686610,91.0,6.0,6.0,6.0,1.0
718358,596295,89.0,6.0,4.0,3.0,2.0
718359,592789,73.0,6.0,0.0,8.0,0.0
718360,605513,83.0,4.0,3.0,5.0,2.0
718362,543243,95.0,6.0,7.0,5.0,1.0
718363,605135,96.0,5.0,7.0,2.0,4.0
718364,663773,87.0,5.0,4.0,5.0,1.0
718365,607067,86.0,5.0,9.0,3.0,1.0
718367,680686,105.0,6.0,6.0,3.0,3.0
718368,506433,97.0,6.0,9.0,9.0,0.0
718370,519242,98.0,7.0,5.0,3.0,0.0
718343,664062,80.0,5.0,3.0,5.0,2.0
718345,605483,101.0,6.0,7.0,8.0,0.0
718349,669022,102.0,5.0,4.0,7.0,2.0
718350,677651,8.0,0.33999999999999997,0.0,1.0,0.0
718351,593334,88.0,9.0,6.0,2.0,1.0
718352,660593,37.0,2.0,1.0,5.0,1.0
718353,446372,104.0,6.0,7.0,5.0,4.0
718361,656731,87.0,6.0,4.0,4.0,3.0
718331,628711,95.0,7.0,10.0,1.0,1.0
718332,695243,100.0,7.0,6.0,0.0,4.0
718334,663372,74.0,6.0,2.0,6.0,1.0
718335,608379,100.0,6.0,3.0,2.0,2.0
718336,642232,80.0,4.0,5.0,5.0,3.0
718337,686613,96.0,5.0,4.0,4.0,5.0
718338,571927,93.0,5.0,4.0,6.0,2.0
718339,543037,108.0,6.0,8.0,5.0,3.0
718340,656629,89.0,6.0,7.0,1.0,5.0
718341,656557,96.0,6.0,5.0,6.0,3.0
718342,592351,90.0,6.0,2.0,8.0,1.0
718344,592866,87.0,6.0,4.0,4.0,1.0
718346,645261,103.0,5.0,5.0,6.0,3.0
718347,642770,19.0,0.6699999999999999,0.0,0.0,2.0
718314,425844,44.0,5.0,3.0,3.0,0.0
718315,607536,62.0,5.0,5.0,3.0,0.0
718319,676664,97.0,6.0,7.0,4.0,2.0
718320,571945,103.0,6.0,5.0,8.0,0.0
718321,666129,85.0,5.0,3.0,14.0,2.0
718322,656302,98.0,5.0,6.0,5.0,4.0
718323,601713,94.0,6.0,6.0,6.0,1.0
718324,657376,79.0,5.0,4.0,6.0,2.0
718325,571760,92.0,5.0,5.0,4.0,4.0
718326,664285,90.0,6.0,8.0,5.0,2.0
718327,694813,77.0,4.0,1.0,8.0,2.0
718328,663556,93.0,6.0,9.0,5.0,2.0
718329,547179,96.0,7.0,1.0,4.0,2.0
718330,607625,97.0,6.0,5.0,7.0,2.0
718333,663623,81.0,5.0,3.0,2.0,4.0
718348,666214,83.0,6.0,2.0,9.0,1.0
718304,607968,77.0,4.0,3.0,4.0,5.0
718308,666200,106.0,6.0,5.0,7.0,2.0
718309,621107,80.0,7.0,10.0,3.0,0.0
718310,608337,101.0,7.0,7.0,2.0,3.0
718311,656427,74.0,3.0,3.0,9.0,1.0
718312,543475,102.0,5.0,3.0,6.0,2.0
718313,657756,75.0,5.0,1.0,7.0,0.0
718316,678394,87.0,5.0,5.0,6.0,1.0
718317,571578,80.0,8.0,6.0,3.0,0.0
718318,593958,102.0,8.0,9.0,2.0,1.0
718292,656756,89.0,6.0,6.0,6.0,1.0
718293,640455,91.0,5.0,6.0,6.0,2.0
718294,542881,103.0,5.0,6.0,5.0,5.0
718295,506433,94.0,7.0,6.0,4.0,1.0
718296,518876,92.0,7.0,10.0,4.0,1.0
718297,622491,96.0,7.0,5.0,5.0,1.0
718298,608331,104.0,7.0,7.0,8.0,2.0
718299,641745,95.0,5.0,1.0,11.0,4.0
718300,630023,77.0,6.0,0.0,3.0,4.0
718301,554430,97.0,6.0,4.0,7.0,0.0
718302,673540,101.0,6.0,4.0,2.0,4.0
718303,657006,86.0,7.0,4.0,6.0,0.0
718305,668881,102.0,6.0,7.0,7.0,1.0
718306,685410,91.0,7.0,7.0,2.0,0.0
718307,448179,89.0,6.0,5.0,8.0,2.0
718274,594835,84.0,6.0,4.0,6.0,3.0
718275,672282,94.0,5.0,7.0,7.0,2.0
718279,605483,97.0,6.0,6.0,1.0,3.0
718280,663903,96.0,4.0,4.0,6.0,3.0
718281,666157,77.0,4.0,3.0,6.0,1.0
718282,674072,75.0,6.0,3.0,6.0,2.0
718283,675911,95.0,5.0,10.0,4.0,0.0
718284,663559,69.0,4.0,4.0,6.0,1.0
718285,671106,92.0,6.0,3.0,7.0,2.0
718286,670912,89.0,5.0,3.0,10.0,3.0
718287,502171,107.0,7.0,5.0,5.0,2.0
718288,425794,90.0,6.0,5.0,8.0,0.0
718289,592767,83.0,4.0,5.0,3.0,3.0
718290,656731,96.0,5.0,4.0,6.0,3.0
718291,656876,87.0,6.0,6.0,2.0,2.0
718262,668933,52.0,2.0,3.0,6.0,2.0
718263,669194,90.0,5.0,3.0,7.0,1.0
718264,660761,74.0,3.0,3.0,6.0,3.0
718265,682243,85.0,6.0,5.0,2.0,1.0
718266,605397,81.0,6.0,5.0,2.0,3.0
718267,548389,90.0,5.0,3.0,7.0,2.0
718268,642232,66.0,6.0,2.0,3.0,0.0
718269,669713,84.0,6.0,6.0,5.0,0.0
718270,592836,85.0,6.0,6.0,3.0,0.0
718271,642770,18.0,1.0,1.0,1.0,1.0
718272,571927,84.0,6.0,2.0,5.0,0.0
718273,615698,95.0,7.0,3.0,1.0,3.0
718276,664192,70.0,4.0,4.0,4.0,3.0
718277,693821,96.0,6.0,4.0,4.0,4.0
718278,672710,94.0,5.0,4.0,9.0,3.0
718249,668678,90.0,7.0,7.0,5.0,1.0
718251,669302,91.0,7.0,10.0,3.0,1.0
718253,425844,81.0,6.0,2.0,6.0,1.0
718254,663776,92.0,7.0,2.0,7.0,0.0
718255,641482,89.0,6.0,4.0,6.0,2.0
718256,573186,89.0,6.0,6.0,4.0,1.0
718257,642547,94.0,6.0,5.0,3.0,2.0
718258,656605,103.0,9.0,8.0,4.0,1.0
718259,502043,93.0,7.0,4.0,6.0,2.0
718260,543101,92.0,7.0,3.0,10.0,1.0
718261,676440,67.0,4.0,2.0,7.0,4.0
718236,694297,88.0,5.0,3.0,7.0,2.0
718237,660271,103.0,7.0,7.0,6.0,2.0
718238,543475,112.0,9.0,6.0,6.0,0.0
718239,669923,101.0,7.0,9.0,6.0,0.0
718240,592791,69.0,3.0,5.0,5.0,2.0
718241,641778,67.0,4.0,4.0,4.0,2.0
718242,686973,95.0,6.0,6.0,5.0,2.0
718243,596133,82.0,7.0,2.0,4.0,1.0
718244,605400,86.0,6.0,6.0,5.0,2.0
718245,450203,100.0,6.0,7.0,5.0,2.0
718246,680570,101.0,6.0,4.0,7.0,2.0
718247,657376,93.0,6.0,7.0,5.0,2.0
718248,669456,101.0,6.0,9.0,7.0,1.0
718250,657277,105.0,7.0,7.0,9.0,1.0
718252,682847,74.0,5.0,1.0,7.0,1.0
718220,669276,31.0,3.0,3.0,0.0,1.0
718221,657006,91.0,6.0,3.0,7.0,3.0
718222,641745,88.0,5.0,4.0,3.0,4.0
718224,641154,98.0,7.0,8.0,2.0,4.0
718225,668881,105.0,6.0,4.0,6.0,3.0
718226,518876,97.0,6.0,6.0,4.0,1.0
718227,665152,95.0,6.0,4.0,4.0,2.0
718228,489119,94.0,6.0,3.0,6.0,2.0
718229,622491,98.0,5.0,9.0,8.0,0.0
718230,640455,74.0,3.0,4.0,5.0,3.0
718231,448179,75.0,4.0,4.0,4.0,2.0
718232,666745,77.0,5.0,3.0,5.0,2.0
718233,554430,107.0,7.0,7.0,3.0,1.0
718234,685410,90.0,6.0,4.0,7.0,0.0
718235,656288,64.0,4.0,3.0,5.0,1.0
718215,674072,97.0,7.0,2.0,5.0,2.0
718216,641927,96.0,6.0,6.0,6.0,0.0
718217,665622,87.0,6.0,3.0,5.0,0.0
718218,663903,80.0,6.0,4.0,5.0,2.0
718219,593334,87.0,6.0,3.0,3.0,3.0
718223,571882,20.0,2.0,1.0,0.0,1.0
718199,669194,93.0,5.0,4.0,7.0,1.0
718200,686610,93.0,5.0,5.0,7.0,5.0
718201,669160,90.0,7.0,3.0,5.0,1.0
718202,596295,77.0,7.0,6.0,5.0,0.0
718204,669203,104.0,6.0,7.0,2.0,4.0
718205,671106,96.0,5.0,5.0,8.0,2.0
718206,605135,103.0,9.0,8.0,2.0,2.0
718207,656629,94.0,5.0,5.0,1.0,6.0
718208,571510,55.0,2.0,1.0,5.0,4.0
718209,543243,94.0,6.0,9.0,4.0,1.0
718210,543037,95.0,5.0,4.0,5.0,2.0
718211,572020,87.0,5.0,9.0,4.0,1.0
718212,691587,88.0,5.0,7.0,4.0,2.0
718213,680694,89.0,6.0,6.0,3.0,1.0
718214,669022,96.0,4.0,3.0,5.0,2.0
718183,605288,88.0,5.0,2.0,8.0,1.0
718184,668678,97.0,8.0,6.0,5.0,2.0
718185,628711,86.0,7.0,4.0,3.0,0.0
718188,663372,53.0,2.0,0.0,4.0,4.0
718189,656302,97.0,6.0,5.0,4.0,2.0
718190,621076,104.0,7.0,7.0,6.0,1.0
718191,615698,107.0,6.0,2.0,6.0,3.0
718192,621244,101.0,6.0,3.0,6.0,3.0
718193,669330,96.0,7.0,8.0,1.0,2.0
718194,656412,86.0,6.0,7.0,4.0,1.0
718195,657746,102.0,6.0,10.0,4.0,1.0
718196,519242,110.0,8.0,9.0,3.0,1.0
718197,641482,78.0,5.0,3.0,7.0,1.0
718198,645261,106.0,8.0,9.0,7.0,2.0
718203,592866,35.0,3.0,1.0,2.0,0.0
718168,664062,85.0,5.0,6.0,2.0,1.0
718169,694297,86.0,5.0,5.0,1.0,3.0
718172,676664,101.0,6.0,6.0,5.0,1.0
718173,666214,59.0,3.0,3.0,6.0,1.0
718174,607536,88.0,6.0,8.0,4.0,1.0
718175,686973,97.0,7.0,7.0,4.0,1.0
718176,608337,88.0,6.0,5.0,7.0,0.0
718177,607067,81.0,4.0,3.0,6.0,2.0
718178,666129,82.0,6.0,8.0,3.0,1.0
718179,502043,95.0,5.0,5.0,7.0,3.0
718180,657376,86.0,5.0,5.0,6.0,3.0
718181,579328,85.0,5.0,7.0,9.0,0.0
718182,676440,98.0,8.0,7.0,2.0,0.0
718186,663623,90.0,5.0,6.0,6.0,1.0
718187,446372,105.0,5.0,5.0,7.0,3.0
718158,664285,91.0,4.0,8.0,7.0,2.0
718159,592789,59.0,4.0,5.0,4.0,0.0
718160,607968,89.0,4.0,0.0,6.0,5.0
718161,657756,80.0,5.0,3.0,8.0,3.0
718162,608379,103.0,8.0,11.0,1.0,1.0
718163,656557,75.0,6.0,5.0,5.0,1.0
718164,666201,92.0,5.0,3.0,6.0,7.0
718165,674003,90.0,5.0,3.0,7.0,2.0
718166,656427,105.0,7.0,10.0,3.0,2.0
718167,571578,97.0,6.0,1.0,8.0,1.0
718170,622072,72.0,5.0,4.0,4.0,1.0
718171,680570,79.0,4.0,3.0,9.0,3.0
718141,477132,90.0,4.0,7.0,7.0,1.0
718144,607625,42.0,2.0,2.0,4.0,2.0
718145,502624,59.0,5.0,3.0,1.0,1.0
718146,666205,72.0,5.0,3.0,8.0,0.0
718147,458681,97.0,8.0,7.0,7.0,0.0
718148,641540,92.0,6.0,4.0,6.0,0.0
718149,601713,98.0,6.0,6.0,6.0,4.0
718150,434378,96.0,5.0,3.0,8.0,2.0
718151,656756,98.0,6.0,7.0,8.0,1.0
718152,664299,88.0,6.0,5.0,2.0,2.0
718153,666200,93.0,6.0,7.0,5.0,1.0
718154,665152,95.0,6.0,4.0,6.0,0.0
718155,547179,99.0,6.0,7.0,5.0,2.0
718156,502171,86.0,4.0,3.0,5.0,5.0
718157,592332,102.0,7.0,10.0,5.0,2.0
718126,543135,93.0,7.0,5.0,5.0,2.0
718127,641585,72.0,4.0,2.0,9.0,2.0
718129,605182,95.0,7.0,5.0,6.0,4.0
718131,669461,95.0,6.0,6.0,3.0,3.0
718132,665795,79.0,5.0,6.0,5.0,0.0
718133,678394,107.0,5.0,7.0,3.0,5.0
718134,605135,97.0,7.0,7.0,3.0,1.0
718135,673540,104.0,6.0,12.0,3.0,3.0
718136,669160,16.0,1.0,2.0,1.0,0.0
718137,680694,94.0,7.0,5.0,4.0,0.0
718138,596295,84.0,5.0,1.0,8.0,2.0
718139,665622,96.0,6.0,6.0,3.0,2.0
718140,506433,90.0,6.0,6.0,6.0,2.0
718142,593958,98.0,5.0,5.0,6.0,2.0
718143,548389,50.0,4.0,2.0,4.0,1.0
718121,621244,96.0,7.0,8.0,6.0,1.0
718122,656731,79.0,6.0,4.0,4.0,1.0
718124,425794,96.0,6.0,1.0,5.0,3.0
718125,656302,91.0,7.0,3.0,5.0,1.0
718128,669330,95.0,5.0,7.0,6.0,1.0
718130,691587,78.0,5.0,6.0,3.0,1.0
718105,543101,84.0,6.0,6.0,5.0,2.0
718106,672282,105.0,6.0,12.0,2.0,3.0
718107,605483,87.0,4.0,5.0,5.0,2.0
718110,693821,87.0,7.0,6.0,7.0,1.0
718111,656629,98.0,8.0,10.0,1.0,0.0
718112,656232,88.0,5.0,9.0,5.0,3.0
718113,571927,103.0,5.0,6.0,6.0,2.0
718114,527048,104.0,7.0,7.0,7.0,0.0
718115,579328,81.0,5.0,3.0,3.0,4.0
718116,624133,66.0,2.0,4.0,5.0,3.0
718117,663556,83.0,7.0,7.0,6.0,1.0
718118,670912,96.0,6.0,7.0,2.0,3.0
718119,471911,80.0,5.0,3.0,5.0,2.0
718120,594902,83.0,6.0,8.0,2.0,1.0
718123,663623,75.0,3.0,1.0,5.0,4.0
718092,605397,97.0,5.0,6.0,6.0,1.0
718093,621107,85.0,7.0,8.0,4.0,0.0
718094,445926,42.0,3.0,3.0,1.0,1.0
718095,596133,73.0,5.0,4.0,8.0,0.0
718096,663776,104.0,5.0,3.0,5.0,4.0
718097,605400,98.0,7.0,10.0,4.0,1.0
718098,686613,97.0,6.0,9.0,5.0,0.0
718100,592351,93.0,5.0,6.0,5.0,2.0
718101,656605,84.0,6.0,8.0,3.0,0.0
718102,666201,85.0,6.0,5.0,6.0,1.0
718103,657277,91.0,6.0,7.0,4.0,2.0
718104,608337,89.0,6.0,4.0,6.0,1.0
718108,571578,74.0,6.0,3.0,6.0,0.0
718109,571945,100.0,7.0,2.0,6.0,0.0
718076,571760,95.0,6.0,5.0,6.0,2.0
718078,622072,74.0,5.0,5.0,6.0,0.0
718079,608379,88.0,6.0,4.0,5.0,1.0
718080,660271,99.0,6.0,9.0,2.0,3.0
718081,656222,37.0,2.0,3.0,1.0,2.0
718082,434378,98.0,8.0,5.0,3.0,0.0
718083,656427,103.0,5.0,5.0,4.0,4.0
718084,458681,100.0,6.0,6.0,4.0,2.0
718085,668881,106.0,7.0,10.0,4.0,3.0
718086,664285,104.0,9.0,7.0,4.0,0.0
718087,592332,115.0,8.0,4.0,6.0,2.0
718088,592836,87.0,6.0,3.0,2.0,3.0
718089,680686,88.0,5.0,2.0,3.0,6.0
718090,694363,85.0,6.0,7.0,1.0,1.0
718091,672710,83.0,5.0,3.0,3.0,3.0
718099,453286,86.0,6.0,5.0,3.0,1.0
718062,622491,101.0,6.0,8.0,4.0,2.0
718066,663903,87.0,4.0,3.0,7.0,4.0
718067,641927,76.0,5.0,2.0,3.0,3.0
718068,669203,91.0,5.0,5.0,7.0,2.0
718069,502624,70.0,6.0,1.0,8.0,2.0
718070,642545,64.0,5.0,6.0,2.0,0.0
718071,682227,84.0,5.0,3.0,4.0,4.0
718072,683769,90.0,6.0,4.0,2.0,1.0
718073,554430,108.0,6.0,3.0,8.0,1.0
718074,450203,99.0,5.0,5.0,7.0,2.0
718075,682847,93.0,8.0,4.0,5.0,2.0
718077,665001,30.0,2.0,0.0,2.0,0.0
718049,594577,84.0,5.0,8.0,6.0,1.0
718050,594835,88.0,6.0,4.0,5.0,1.0
718051,596295,75.0,6.0,2.0,4.0,1.0
718053,656288,91.0,7.0,5.0,2.0,3.0
718054,543243,105.0,6.0,6.0,6.0,2.0
718055,592767,85.0,6.0,5.0,4.0,2.0
718056,607067,82.0,6.0,4.0,4.0,2.0
718057,675911,104.0,6.0,11.0,5.0,2.0
718058,543037,99.0,6.0,2.0,6.0,3.0
718059,668933,91.0,5.0,5.0,10.0,0.0
718060,621381,28.0,2.0,3.0,3.0,0.0
718061,671737,80.0,4.0,7.0,9.0,0.0
718063,671106,85.0,7.0,4.0,7.0,1.0
718064,669022,103.0,5.0,5.0,7.0,4.0
718065,448179,98.0,6.0,9.0,7.0,2.0
718034,542881,102.0,6.0,3.0,5.0,2.0
718036,666154,82.0,5.0,2.0,6.0,3.0
718037,682243,90.0,6.0,6.0,2.0,1.0
718038,573186,88.0,8.0,3.0,4.0,2.0
718039,425844,91.0,5.0,5.0,4.0,1.0
718040,641482,89.0,7.0,5.0,5.0,2.0
718041,594902,103.0,6.0,8.0,5.0,2.0
718042,693821,101.0,6.0,6.0,7.0,1.0
718043,624133,85.0,5.0,5.0,5.0,1.0
718044,663556,82.0,7.0,7.0,4.0,0.0
718045,670912,95.0,6.0,5.0,6.0,2.0
718046,605288,73.0,6.0,3.0,2.0,1.0
718047,657746,107.0,5.0,4.0,6.0,2.0
718048,615698,64.0,4.0,2.0,4.0,3.0
718052,592866,94.0,6.0,5.0,3.0,3.0
718024,543294,86.0,5.0,5.0,6.0,2.0
718025,669302,77.0,8.0,6.0,3.0,0.0
718026,689266,83.0,5.0,3.0,7.0,1.0
718028,527054,83.0,5.0,5.0,4.0,1.0
718029,657376,97.0,5.0,4.0,5.0,2.0
718030,596133,86.0,7.0,6.0,3.0,1.0
718031,656412,94.0,6.0,10.0,3.0,0.0
718032,621107,94.0,7.0,0.0,6.0,2.0
718033,607536,91.0,5.0,4.0,7.0,2.0
718035,663623,76.0,4.0,4.0,2.0,4.0
718009,621076,93.0,5.0,4.0,8.0,2.0
718010,694297,87.0,4.0,4.0,8.0,0.0
718012,669923,92.0,5.0,4.0,9.0,1.0
718013,686973,100.0,6.0,3.0,7.0,0.0
718014,543475,98.0,6.0,2.0,6.0,3.0
718015,672282,95.0,6.0,5.0,10.0,2.0
718016,657756,90.0,5.0,2.0,4.0,2.0
718017,642547,78.0,3.0,4.0,8.0,1.0
718018,656222,31.0,2.0,2.0,3.0,1.0
718019,694363,89.0,6.0,5.0,3.0,3.0
718020,680570,83.0,4.0,6.0,6.0,3.0
718021,666214,80.0,4.0,4.0,6.0,2.0
718022,669456,108.0,7.0,2.0,5.0,4.0
718023,681190,84.0,5.0,6.0,4.0,3.0
718027,657006,70.0,4.0,4.0,10.0,0.0
717991,605200,75.0,4.0,3.0,5.0,2.0
717996,676440,98.0,6.0,9.0,2.0,1.0
717997,450203,95.0,6.0,9.0,7.0,3.0
717998,660271,109.0,6.0,10.0,6.0,3.0
717999,669203,110.0,7.0,8.0,4.0,3.0
718000,663903,90.0,6.0,6.0,4.0,3.0
718001,665152,97.0,7.0,5.0,5.0,2.0
718002,607192,83.0,5.0,8.0,5.0,1.0
718003,643493,29.0,1.0,1.0,3.0,0.0
718004,622491,99.0,6.0,10.0,1.0,2.0
718005,547179,95.0,7.0,4.0,2.0,1.0
718006,622663,82.0,7.0,5.0,1.0,3.0
718007,592791,80.0,5.0,5.0,6.0,1.0
718008,641154,88.0,6.0,6.0,5.0,3.0
718011,502624,86.0,5.0,4.0,4.0,1.0
717980,686610,16.0,1.0,2.0,1.0,0.0
717981,518876,108.0,7.0,10.0,4.0,2.0
717982,596295,69.0,4.0,3.0,8.0,3.0
717983,594835,90.0,6.0,4.0,3.0,3.0
717984,663776,89.0,6.0,2.0,8.0,1.0
717985,663738,95.0,6.0,6.0,5.0,3.0
717986,607067,90.0,7.0,6.0,5.0,0.0
717987,592767,92.0,5.0,2.0,7.0,2.0
717988,641927,95.0,5.0,7.0,5.0,1.0
717989,593958,100.0,6.0,6.0,5.0,2.0
717990,680694,85.0,7.0,4.0,4.0,1.0
717992,675911,102.0,6.0,9.0,2.0,1.0
717993,683769,76.0,5.0,3.0,5.0,2.0
717994,676596,86.0,6.0,3.0,12.0,1.0
717995,543037,100.0,7.0,9.0,4.0,3.0
717968,641585,97.0,6.0,8.0,7.0,3.0
717969,682243,86.0,5.0,3.0,11.0,0.0
717970,621112,81.0,4.0,6.0,4.0,2.0
717971,656629,102.0,5.0,10.0,5.0,2.0
717973,676272,87.0,6.0,4.0,4.0,1.0
717974,669330,101.0,6.0,7.0,4.0,0.0
717975,425794,105.0,5.0,6.0,9.0,2.0
717976,573186,105.0,9.0,8.0,1.0,1.0
717977,669194,87.0,5.0,1.0,8.0,2.0
717978,543101,74.0,7.0,2.0,8.0,0.0
717979,571510,87.0,7.0,5.0,5.0,4.0
717952,669302,90.0,4.0,4.0,7.0,1.0
717955,668678,90.0,6.0,7.0,5.0,2.0
717956,656232,91.0,6.0,6.0,4.0,3.0
717957,664062,70.0,6.0,2.0,3.0,2.0
717958,676664,90.0,6.0,2.0,4.0,1.0
717959,608337,97.0,5.0,5.0,4.0,2.0
717960,571945,102.0,8.0,10.0,3.0,1.0
717961,543294,75.0,5.0,3.0,6.0,3.0
717962,673540,100.0,7.0,9.0,1.0,0.0
717963,645261,93.0,7.0,3.0,5.0,5.0
717964,656412,73.0,5.0,4.0,7.0,1.0
717965,579328,98.0,5.0,4.0,3.0,5.0
717966,678394,97.0,4.0,4.0,5.0,2.0
717967,502043,95.0,6.0,3.0,7.0,1.0
717972,605154,15.0,1.0,1.0,1.0,0.0
717938,686613,102.0,5.0,8.0,6.0,2.0
717939,669923,95.0,8.0,7.0,3.0,0.0
717940,674072,95.0,7.0,7.0,2.0,2.0
717943,458681,89.0,4.0,4.0,8.0,2.0
717944,471911,82.0,6.0,4.0,6.0,1.0
717945,666129,79.0,6.0,7.0,2.0,1.0
717946,669211,25.0,1.0,1.0,2.0,0.0
717947,666201,89.0,4.0,2.0,3.0,3.0
717948,572020,100.0,5.0,8.0,4.0,1.0
717949,621076,77.0,5.0,4.0,5.0,0.0
717950,657006,29.0,3.0,1.0,0.0,0.0
717951,666214,82.0,5.0,5.0,7.0,1.0
717953,622072,94.0,5.0,4.0,8.0,3.0
717954,592789,96.0,5.0,2.0,7.0,2.0
717932,519242,59.0,4.0,6.0,5.0,1.0
717933,605200,96.0,6.0,4.0,7.0,1.0
717934,453286,101.0,7.0,9.0,5.0,1.0
717936,669854,94.0,6.0,5.0,7.0,3.0
717937,641154,88.0,6.0,5.0,8.0,1.0
717941,666200,93.0,6.0,8.0,4.0,1.0
717942,592332,115.0,7.0,11.0,5.0,2.0
717917,477132,96.0,7.0,9.0,4.0,1.0
717919,518876,100.0,7.0,8.0,5.0,3.0
717920,657277,97.0,7.0,6.0,4.0,1.0
717921,608379,102.0,5.0,8.0,3.0,5.0
717922,592351,82.0,7.0,5.0,2.0,1.0
717923,543475,74.0,5.0,8.0,2.0,1.0
717924,641927,78.0,6.0,3.0,4.0,0.0
717925,605182,73.0,5.0,6.0,3.0,1.0
717926,664285,92.0,7.0,7.0,5.0,1.0
717927,665795,95.0,6.0,10.0,4.0,1.0
717929,434378,117.0,6.0,8.0,5.0,3.0
717930,672710,83.0,4.0,6.0,7.0,0.0
717931,682227,90.0,7.0,6.0,5.0,2.0
717935,680686,94.0,6.0,4.0,6.0,2.0
717885,676710,40.0,3.0,3.0,2.0,0.0
717901,669194,98.0,5.0,0.0,6.0,4.0
717903,506433,115.0,7.0,9.0,2.0,1.0
717905,675627,83.0,5.0,7.0,4.0,0.0
717906,668933,86.0,4.0,2.0,9.0,4.0
717907,682847,32.0,3.0,1.0,1.0,2.0
717908,664299,102.0,6.0,5.0,6.0,0.0
717909,663738,97.0,5.0,7.0,6.0,1.0
717910,656731,103.0,6.0,5.0,5.0,5.0
717911,691587,88.0,5.0,5.0,4.0,1.0
717912,571760,78.0,4.0,5.0,6.0,4.0
717913,543243,90.0,7.0,2.0,10.0,0.0
717914,669022,101.0,6.0,6.0,9.0,0.0
717915,656302,99.0,6.0,6.0,2.0,3.0
717916,502171,103.0,8.0,7.0,5.0,0.0
717918,676477,97.0,5.0,5.0,6.0,2.0
717888,676272,86.0,6.0,7.0,1.0,2.0
717889,677960,44.0,2.0,1.0,7.0,1.0
717890,543101,68.0,3.0,2.0,5.0,3.0
717891,656629,92.0,7.0,9.0,3.0,1.0
717892,668678,110.0,6.0,6.0,9.0,1.0
717893,663903,95.0,6.0,7.0,5.0,0.0
717894,543135,87.0,6.0,7.0,1.0,0.0
717895,657746,88.0,7.0,4.0,2.0,1.0
717896,645261,89.0,7.0,7.0,6.0,0.0
717897,594902,104.0,7.0,5.0,6.0,3.0
717898,448179,96.0,7.0,6.0,4.0,3.0
717899,641585,90.0,7.0,3.0,3.0,1.0
717900,673540,68.0,3.0,3.0,4.0,5.0
717902,592866,101.0,6.0,6.0,6.0,4.0
717904,656557,92.0,5.0,6.0,5.0,4.0
717878,666201,38.0,0.6699999999999999,0.0,7.0,1.0
717879,527048,88.0,7.0,5.0,3.0,1.0
717880,605483,109.0,6.0,8.0,2.0,3.0
717883,671096,105.0,6.0,6.0,1.0,4.0
717884,670912,100.0,7.0,5.0,4.0,2.0
717886,605400,108.0,7.0,10.0,1.0,3.0
717887,666129,75.0,5.0,6.0,6.0,0.0
717928,678394,100.0,6.0,5.0,6.0,1.0
717861,542881,94.0,5.0,5.0,5.0,3.0
717864,605397,102.0,5.0,8.0,4.0,1.0
717867,642547,98.0,5.0,9.0,6.0,0.0
717868,641540,98.0,6.0,1.0,7.0,2.0
717869,659275,83.0,3.0,4.0,6.0,2.0
717870,596133,86.0,4.0,4.0,6.0,2.0
717871,592332,101.0,7.0,13.0,4.0,0.0
717872,693821,101.0,6.0,8.0,4.0,2.0
717873,669456,95.0,6.0,2.0,5.0,1.0
717874,656605,101.0,6.0,1.0,8.0,4.0
717875,592836,91.0,7.0,8.0,2.0,3.0
717876,666200,86.0,7.0,8.0,2.0,0.0
717877,657376,79.0,6.0,1.0,6.0,0.0
717881,663623,83.0,5.0,1.0,5.0,3.0
717882,621107,101.0,7.0,9.0,3.0,1.0
717850,450203,107.0,5.0,5.0,4.0,4.0
717851,669203,96.0,8.0,9.0,2.0,0.0
717852,657756,87.0,7.0,4.0,2.0,2.0
717853,682227,96.0,6.0,3.0,8.0,2.0
717854,592351,100.0,9.0,12.0,4.0,0.0
717855,642545,76.0,5.0,3.0,3.0,1.0
717856,605135,81.0,8.0,4.0,4.0,0.0
717858,676440,90.0,5.0,2.0,4.0,2.0
717859,542888,24.0,2.0,1.0,1.0,0.0
717860,665795,65.0,5.0,4.0,2.0,2.0
717863,608379,82.0,6.0,7.0,2.0,1.0
717865,672710,38.0,0.6699999999999999,1.0,6.0,2.0
717866,571578,98.0,6.0,4.0,11.0,1.0
717838,672282,99.0,6.0,8.0,5.0,2.0
717840,675911,87.0,4.0,8.0,8.0,2.0
717842,650644,93.0,6.0,3.0,4.0,2.0
717843,621244,89.0,6.0,2.0,4.0,2.0
717844,668933,46.0,3.0,1.0,3.0,2.0
717845,630023,65.0,6.0,4.0,5.0,0.0
717846,502624,92.0,6.0,7.0,6.0,1.0
717848,622663,86.0,5.0,6.0,6.0,2.0
717849,607067,84.0,5.0,8.0,3.0,1.0
717857,681190,86.0,6.0,3.0,2.0,1.0
717862,554430,108.0,8.0,8.0,2.0,1.0
717823,543101,93.0,7.0,2.0,3.0,4.0
717824,660271,97.0,5.0,6.0,3.0,5.0
717827,607192,84.0,6.0,6.0,1.0,3.0
717828,656302,95.0,6.0,7.0,4.0,2.0
717829,700363,86.0,6.0,2.0,3.0,2.0
717830,596295,85.0,5.0,1.0,11.0,2.0
717831,605288,93.0,5.0,4.0,6.0,4.0
717832,656756,97.0,6.0,6.0,3.0,1.0
717833,671106,85.0,6.0,4.0,9.0,2.0
717834,547179,86.0,7.0,3.0,7.0,1.0
717835,579328,82.0,5.0,4.0,4.0,1.0
717836,448179,119.0,7.0,6.0,7.0,2.0
717837,624133,103.0,6.0,8.0,4.0,2.0
717839,669330,92.0,7.0,4.0,5.0,1.0
717841,543037,101.0,6.0,6.0,7.0,1.0
717809,663776,102.0,5.0,8.0,10.0,0.0
717811,605400,102.0,7.0,7.0,7.0,2.0
717812,670912,90.0,7.0,5.0,4.0,2.0
717813,671737,75.0,4.0,4.0,4.0,4.0
717814,527054,98.0,7.0,6.0,6.0,1.0
717815,663474,92.0,5.0,5.0,7.0,3.0
717816,694363,81.0,6.0,0.0,8.0,0.0
717817,571945,98.0,6.0,2.0,7.0,2.0
717818,608344,72.0,6.0,5.0,6.0,0.0
717819,607536,90.0,5.0,5.0,6.0,2.0
717820,656629,100.0,5.0,6.0,5.0,1.0
717821,571510,88.0,5.0,3.0,6.0,2.0
717822,670950,53.0,3.0,7.0,1.0,1.0
717825,593334,86.0,6.0,5.0,6.0,2.0
717826,605154,19.0,2.0,1.0,0.0,0.0
717795,608337,101.0,7.0,8.0,6.0,1.0
717796,605154,22.0,1.0,1.0,1.0,1.0
717797,425794,98.0,6.0,2.0,8.0,1.0
717798,659275,91.0,5.0,5.0,6.0,3.0
717799,656288,101.0,6.0,7.0,7.0,0.0
717800,642547,95.0,6.0,5.0,3.0,2.0
717801,663556,96.0,7.0,5.0,4.0,1.0
717802,669456,104.0,7.0,9.0,3.0,1.0
717803,656605,106.0,7.0,7.0,2.0,2.0
717804,676684,11.0,1.0,0.0,1.0,0.0
717805,592332,101.0,5.0,4.0,7.0,4.0
717806,592836,83.0,5.0,5.0,2.0,2.0
717807,693821,98.0,6.0,1.0,8.0,1.0
717808,502043,90.0,7.0,4.0,7.0,0.0
717810,657376,82.0,6.0,4.0,4.0,0.0
717785,674072,85.0,5.0,6.0,9.0,1.0
717786,682243,89.0,6.0,6.0,1.0,3.0
717789,621076,93.0,6.0,4.0,5.0,3.0
717790,669438,45.0,3.0,1.0,3.0,1.0
717791,669461,86.0,6.0,5.0,7.0,2.0
717792,641540,90.0,5.0,3.0,6.0,5.0
717793,425844,81.0,6.0,4.0,6.0,0.0
717794,572020,98.0,7.0,8.0,4.0,1.0
717772,605397,90.0,6.0,5.0,7.0,1.0
717773,669923,92.0,6.0,10.0,3.0,0.0
717774,660261,16.0,1.0,1.0,1.0,0.0
717775,605200,85.0,3.0,4.0,6.0,3.0
717776,664062,90.0,6.0,6.0,2.0,2.0
717777,543475,94.0,6.0,4.0,5.0,3.0
717778,686613,99.0,7.0,4.0,4.0,3.0
717779,453286,76.0,4.0,2.0,7.0,0.0
717780,674003,64.0,5.0,3.0,2.0,1.0
717781,656427,101.0,5.0,3.0,10.0,3.0
717782,592791,95.0,6.0,4.0,6.0,2.0
717783,641154,97.0,6.0,9.0,4.0,1.0
717787,665152,95.0,6.0,6.0,8.0,0.0
717788,676710,80.0,4.0,5.0,5.0,3.0
717757,518876,102.0,6.0,7.0,3.0,4.0
717758,608379,94.0,7.0,5.0,4.0,1.0
717759,622491,101.0,6.0,6.0,2.0,6.0
717760,477132,97.0,6.0,5.0,6.0,2.0
717761,665622,79.0,5.0,5.0,8.0,1.0
717762,664285,95.0,7.0,6.0,5.0,0.0
717763,592767,83.0,6.0,4.0,9.0,1.0
717764,663738,102.0,7.0,3.0,7.0,2.0
717765,571760,95.0,4.0,5.0,5.0,4.0
717766,434378,107.0,6.0,6.0,3.0,0.0
717767,656756,98.0,7.0,7.0,7.0,2.0
717768,676477,92.0,7.0,7.0,6.0,1.0
717769,680694,98.0,7.0,1.0,4.0,0.0
717770,681857,89.0,4.0,2.0,5.0,2.0
717771,641927,93.0,6.0,7.0,6.0,1.0
717784,547179,94.0,6.0,3.0,9.0,2.0
717746,664299,92.0,6.0,2.0,5.0,0.0
717747,573186,96.0,6.0,5.0,4.0,2.0
717748,675627,92.0,5.0,7.0,7.0,1.0
717750,677960,43.0,2.0,2.0,7.0,0.0
717751,543135,105.0,7.0,9.0,5.0,2.0
717752,543243,79.0,4.0,3.0,3.0,4.0
717753,669330,90.0,7.0,8.0,5.0,1.0
717754,700363,99.0,6.0,6.0,6.0,1.0
717755,669194,82.0,4.0,5.0,10.0,2.0
717756,621112,104.0,6.0,9.0,7.0,1.0
717731,686218,89.0,6.0,3.0,0.0,2.0
717732,506433,88.0,5.0,5.0,8.0,1.0
717733,693433,91.0,6.0,9.0,3.0,0.0
717735,676664,95.0,7.0,7.0,4.0,0.0
717736,663903,90.0,6.0,5.0,8.0,2.0
717737,641585,92.0,7.0,3.0,4.0,1.0
717738,657746,99.0,7.0,7.0,7.0,0.0
717739,668678,95.0,7.0,7.0,6.0,0.0
717740,527054,85.0,6.0,4.0,1.0,1.0
717741,527048,95.0,6.0,3.0,3.0,2.0
717742,656557,59.0,5.0,2.0,4.0,1.0
717743,656731,90.0,6.0,7.0,4.0,0.0
717744,543294,88.0,5.0,1.0,5.0,0.0
717745,694363,93.0,6.0,2.0,5.0,3.0
717749,592866,86.0,5.0,2.0,7.0,3.0
717717,605483,102.0,6.0,12.0,2.0,3.0
717718,673540,99.0,7.0,8.0,5.0,1.0
717719,674072,88.0,6.0,3.0,7.0,2.0
717720,489119,77.0,5.0,4.0,2.0,2.0
717721,676272,92.0,6.0,5.0,7.0,3.0
717722,669302,80.0,6.0,3.0,6.0,3.0
717723,641540,89.0,6.0,3.0,6.0,1.0
717724,693821,92.0,6.0,4.0,4.0,0.0
717725,621076,83.0,6.0,6.0,5.0,0.0
717726,594577,76.0,6.0,1.0,8.0,1.0
717727,656232,99.0,5.0,3.0,5.0,3.0
717728,592254,24.0,2.0,2.0,0.0,0.0
717729,657006,74.0,5.0,4.0,5.0,1.0
717734,663623,88.0,5.0,4.0,4.0,2.0
717702,664062,90.0,6.0,7.0,6.0,2.0
717703,605397,85.0,6.0,1.0,6.0,1.0
717704,682243,85.0,7.0,6.0,4.0,0.0
717705,663687,96.0,6.0,7.0,4.0,0.0
717706,605200,74.0,4.0,2.0,9.0,1.0
717707,669854,94.0,6.0,5.0,7.0,2.0
717708,592791,81.0,6.0,1.0,8.0,2.0
717709,592351,56.0,3.0,2.0,6.0,3.0
717710,642547,103.0,6.0,9.0,2.0,3.0
717711,686973,99.0,5.0,4.0,9.0,2.0
717712,425844,89.0,5.0,3.0,8.0,1.0
717713,471911,61.0,4.0,4.0,5.0,3.0
717714,571578,102.0,6.0,3.0,11.0,2.0
717715,678394,102.0,7.0,8.0,4.0,3.0
717716,450203,98.0,5.0,8.0,5.0,3.0
717730,672391,32.0,3.0,4.0,2.0,1.0
717692,681857,100.0,6.0,8.0,6.0,1.0
717693,641154,104.0,6.0,9.0,6.0,3.0
717694,686613,98.0,6.0,7.0,7.0,2.0
717695,621383,63.0,4.0,3.0,5.0,0.0
717696,669203,86.0,5.0,3.0,8.0,2.0
717697,676254,28.0,2.0,0.0,3.0,1.0
717698,674370,96.0,6.0,7.0,5.0,2.0
717699,680686,102.0,5.0,6.0,9.0,1.0
717700,663773,54.0,4.0,5.0,3.0,0.0
717701,682227,86.0,6.0,5.0,6.0,0.0
717675,656302,101.0,6.0,9.0,5.0,2.0
717678,672282,98.0,7.0,8.0,2.0,1.0
717679,650644,100.0,7.0,6.0,5.0,3.0
717680,607067,74.0,6.0,2.0,7.0,1.0
717681,547179,93.0,6.0,7.0,5.0,3.0
717682,664285,94.0,8.0,9.0,4.0,1.0
717683,641927,95.0,6.0,4.0,8.0,0.0
717684,543037,105.0,8.0,8.0,4.0,1.0
717685,594902,80.0,4.0,4.0,3.0,4.0
717686,670912,101.0,6.0,3.0,5.0,0.0
717687,607192,85.0,5.0,7.0,6.0,2.0
717688,543101,88.0,5.0,6.0,8.0,1.0
717689,624133,99.0,6.0,7.0,4.0,2.0
717690,691587,80.0,6.0,9.0,3.0,0.0
717691,669022,98.0,6.0,8.0,9.0,2.0
717662,660271,101.0,7.0,12.0,5.0,2.0
717663,668909,84.0,6.0,4.0,4.0,3.0
717665,543243,92.0,5.0,5.0,6.0,2.0
717666,666745,81.0,6.0,3.0,2.0,1.0
717667,656629,86.0,4.0,5.0,4.0,3.0
717668,571510,81.0,6.0,7.0,6.0,0.0
717669,671096,88.0,6.0,10.0,4.0,0.0
717670,664299,82.0,3.0,1.0,4.0,5.0
717671,448179,97.0,6.0,4.0,4.0,2.0
717672,527054,88.0,5.0,3.0,2.0,4.0
717673,592866,75.0,7.0,4.0,5.0,0.0
717674,676254,16.0,0.6699999999999999,1.0,0.0,2.0
717676,645261,96.0,7.0,6.0,10.0,2.0
717677,671737,83.0,6.0,8.0,3.0,0.0
717652,593334,93.0,4.0,4.0,8.0,2.0
717654,666129,88.0,7.0,13.0,3.0,0.0
717657,605400,103.0,6.0,5.0,2.0,2.0
717658,657746,112.0,9.0,9.0,3.0,0.0
717659,663556,66.0,4.0,3.0,4.0,2.0
717660,671106,89.0,4.0,5.0,2.0,3.0
717661,622072,76.0,4.0,2.0,4.0,4.0
717847,663623,87.0,6.0,6.0,5.0,1.0
717641,657277,98.0,7.0,5.0,5.0,2.0
717642,605397,90.0,7.0,7.0,6.0,0.0
717643,686218,87.0,6.0,4.0,3.0,2.0
717644,607536,88.0,5.0,3.0,9.0,2.0
717645,608337,105.0,6.0,10.0,3.0,1.0
717646,605135,83.0,5.0,4.0,5.0,2.0
717647,666214,96.0,6.0,4.0,5.0,4.0
717648,669456,82.0,6.0,8.0,5.0,2.0
717649,621107,98.0,6.0,7.0,7.0,2.0
717650,596133,82.0,4.0,3.0,7.0,1.0
717651,502043,86.0,3.0,4.0,7.0,3.0
717653,666200,96.0,8.0,9.0,2.0,1.0
717655,657376,91.0,6.0,3.0,6.0,1.0
717656,592836,91.0,6.0,5.0,3.0,1.0
717625,676440,105.0,6.0,7.0,3.0,4.0
717626,676272,80.0,5.0,3.0,10.0,3.0
717628,665152,87.0,7.0,5.0,5.0,1.0
717629,458681,105.0,6.0,7.0,6.0,1.0
717630,663773,65.0,5.0,2.0,0.0,3.0
717631,668933,87.0,5.0,2.0,10.0,0.0
717632,630023,96.0,6.0,3.0,9.0,2.0
717633,681857,88.0,6.0,9.0,4.0,1.0
717634,621244,96.0,6.0,8.0,6.0,2.0
717635,650911,75.0,6.0,4.0,5.0,0.0
717636,622663,95.0,6.0,4.0,5.0,2.0
717637,425794,72.0,4.0,0.0,11.0,1.0
717638,663362,62.0,5.0,2.0,4.0,1.0
717639,676254,27.0,1.0,2.0,2.0,1.0
717640,502624,57.0,3.0,1.0,10.0,2.0
717610,607625,84.0,6.0,4.0,7.0,0.0
717612,543101,78.0,6.0,3.0,5.0,0.0
717613,650644,94.0,6.0,5.0,6.0,2.0
717614,621383,63.0,3.0,4.0,3.0,2.0
717615,664062,61.0,5.0,3.0,5.0,1.0
717616,596295,71.0,6.0,3.0,5.0,1.0
717617,579328,101.0,7.0,8.0,2.0,2.0
717618,686651,71.0,3.0,2.0,4.0,3.0
717619,607192,89.0,5.0,12.0,4.0,1.0
717620,691587,83.0,6.0,9.0,4.0,1.0
717621,547179,86.0,5.0,4.0,7.0,1.0
717622,543037,107.0,5.0,7.0,9.0,1.0
717623,669461,56.0,3.0,3.0,4.0,2.0
717624,554430,107.0,6.0,8.0,9.0,2.0
717627,680694,103.0,7.0,7.0,2.0,2.0
717602,622491,103.0,7.0,7.0,7.0,1.0
717606,571760,101.0,6.0,5.0,6.0,3.0
717607,434378,100.0,5.0,5.0,5.0,2.0
717608,672282,105.0,7.0,10.0,2.0,2.0
717609,675911,100.0,7.0,10.0,3.0,2.0
717611,608344,45.0,3.0,3.0,3.0,0.0
717590,693433,88.0,5.0,6.0,6.0,1.0
717591,663903,95.0,6.0,3.0,4.0,2.0
717592,660271,102.0,7.0,10.0,4.0,2.0
717593,668678,96.0,6.0,4.0,5.0,2.0
717594,657756,93.0,5.0,3.0,5.0,1.0
717595,621112,90.0,6.0,5.0,4.0,1.0
717596,592791,90.0,5.0,8.0,7.0,1.0
717597,656849,110.0,6.0,5.0,5.0,3.0
717598,656756,91.0,7.0,6.0,6.0,1.0
717599,527048,88.0,6.0,4.0,4.0,2.0
717600,693821,98.0,6.0,4.0,4.0,4.0
717601,669330,99.0,6.0,7.0,4.0,1.0
717603,448179,101.0,6.0,4.0,9.0,2.0
717604,592332,106.0,6.0,12.0,3.0,1.0
717605,676477,92.0,5.0,7.0,11.0,0.0
717575,605200,84.0,7.0,3.0,2.0,2.0
717576,642545,59.0,3.0,0.0,7.0,2.0
717577,680735,68.0,4.0,2.0,4.0,4.0
717578,607536,100.0,5.0,7.0,4.0,5.0
717579,676664,92.0,5.0,5.0,5.0,3.0
717580,641540,100.0,9.0,10.0,4.0,0.0
717581,673540,102.0,5.0,8.0,5.0,2.0
717582,571945,86.0,6.0,4.0,7.0,3.0
717583,672391,24.0,2.0,1.0,2.0,0.0
717584,592767,86.0,4.0,2.0,9.0,1.0
717585,656605,104.0,6.0,5.0,4.0,2.0
717586,670950,40.0,3.0,5.0,1.0,1.0
717587,669302,100.0,6.0,4.0,8.0,2.0
717588,663465,71.0,5.0,8.0,3.0,1.0
717589,502043,95.0,5.0,5.0,9.0,1.0
717560,663776,96.0,5.0,8.0,8.0,2.0
717564,605135,104.0,6.0,12.0,3.0,3.0
717565,453286,102.0,6.0,9.0,7.0,2.0
717566,425794,58.0,2.0,1.0,6.0,3.0
717567,543294,85.0,7.0,4.0,6.0,0.0
717568,694297,69.0,3.0,3.0,7.0,2.0
717569,678394,99.0,8.0,5.0,2.0,1.0
717570,674003,90.0,5.0,8.0,4.0,3.0
717571,682847,69.0,5.0,0.0,6.0,3.0
717572,502624,87.0,4.0,6.0,6.0,2.0
717573,425844,82.0,6.0,0.0,11.0,2.0
717574,663687,91.0,6.0,2.0,9.0,2.0
717548,682243,61.0,4.0,6.0,1.0,1.0
717549,656288,112.0,6.0,9.0,3.0,4.0
717551,665622,100.0,5.0,4.0,4.0,5.0
717552,596295,84.0,7.0,7.0,6.0,1.0
717553,679525,95.0,5.0,5.0,6.0,4.0
717554,592351,97.0,6.0,4.0,7.0,2.0
717555,621244,98.0,6.0,8.0,5.0,0.0
717556,471911,92.0,5.0,6.0,5.0,3.0
717557,668933,94.0,7.0,7.0,3.0,2.0
717558,647336,98.0,6.0,7.0,6.0,0.0
717559,657006,96.0,7.0,6.0,3.0,1.0
717561,665152,89.0,4.0,5.0,7.0,2.0
717562,674370,73.0,4.0,0.0,4.0,1.0
717563,650911,87.0,6.0,6.0,7.0,1.0
717533,542881,92.0,5.0,3.0,5.0,2.0
717534,669923,101.0,7.0,7.0,2.0,2.0
717535,434378,102.0,7.0,6.0,5.0,1.0
717536,450203,106.0,6.0,5.0,4.0,1.0
717537,663738,108.0,5.0,4.0,5.0,3.0
717538,666205,86.0,5.0,4.0,6.0,4.0
717539,682227,86.0,6.0,5.0,3.0,1.0
717540,670912,97.0,6.0,1.0,9.0,3.0
717541,680694,94.0,6.0,7.0,7.0,1.0
717542,543135,97.0,7.0,5.0,2.0,4.0
717543,554430,85.0,5.0,6.0,7.0,0.0
717544,663567,45.0,3.0,2.0,2.0,1.0
717545,656427,96.0,6.0,4.0,4.0,2.0
717546,573186,94.0,6.0,7.0,5.0,2.0
717547,579328,86.0,5.0,7.0,7.0,2.0
717550,669461,56.0,5.0,1.0,7.0,1.0
717518,621112,97.0,5.0,5.0,6.0,4.0
717519,622491,95.0,6.0,6.0,7.0,0.0
717520,571760,85.0,5.0,8.0,3.0,1.0
717521,592791,95.0,5.0,6.0,6.0,0.0
717522,672282,97.0,6.0,9.0,3.0,2.0
717523,657756,69.0,5.0,4.0,7.0,1.0
717524,656756,96.0,7.0,6.0,2.0,3.0
717525,656849,61.0,4.0,3.0,3.0,3.0
717526,671096,101.0,8.0,12.0,4.0,1.0
717527,663903,108.0,7.0,4.0,4.0,3.0
717528,624133,93.0,6.0,5.0,7.0,3.0
717529,608344,82.0,5.0,1.0,6.0,3.0
717530,592332,98.0,5.0,7.0,5.0,1.0
717531,448179,102.0,5.0,8.0,3.0,2.0
717532,675911,109.0,7.0,9.0,6.0,1.0
717505,605483,100.0,5.0,7.0,7.0,4.0
717506,675627,79.0,4.0,3.0,5.0,2.0
717510,657746,94.0,6.0,9.0,6.0,1.0
717511,527054,93.0,6.0,7.0,9.0,1.0
717512,668909,91.0,7.0,2.0,7.0,2.0
717513,593334,86.0,5.0,5.0,9.0,0.0
717514,527048,57.0,2.0,0.0,6.0,2.0
717515,666129,90.0,6.0,6.0,7.0,0.0
717516,657277,100.0,7.0,11.0,7.0,2.0
717517,663623,89.0,6.0,3.0,6.0,1.0
717492,686218,80.0,4.0,4.0,4.0,4.0
717494,669373,57.0,4.0,6.0,0.0,0.0
717495,669456,97.0,5.0,4.0,6.0,5.0
717496,608337,96.0,6.0,4.0,4.0,2.0
717497,605397,100.0,7.0,11.0,3.0,1.0
717498,605200,94.0,6.0,6.0,5.0,2.0
717499,621107,102.0,7.0,9.0,4.0,0.0
717500,628317,87.0,7.0,9.0,3.0,1.0
717501,657514,18.0,2.0,2.0,1.0,0.0
717502,666200,93.0,6.0,8.0,5.0,2.0
717503,489119,87.0,5.0,4.0,9.0,2.0
717504,656232,96.0,7.0,4.0,2.0,4.0
717507,571578,93.0,5.0,2.0,10.0,3.0
717508,657376,80.0,6.0,7.0,5.0,0.0
717509,676775,67.0,4.0,2.0,6.0,1.0
717477,674072,87.0,6.0,2.0,2.0,3.0
717478,607625,99.0,6.0,6.0,5.0,1.0
717479,676272,101.0,6.0,7.0,5.0,1.0
717482,641154,100.0,9.0,12.0,4.0,0.0
717483,605288,104.0,5.0,4.0,6.0,3.0
717484,678394,107.0,7.0,3.0,8.0,0.0
717485,593958,79.0,4.0,7.0,6.0,0.0
717486,615698,99.0,5.0,3.0,11.0,0.0
717487,681190,75.0,5.0,1.0,3.0,3.0
717488,663773,69.0,3.0,3.0,5.0,3.0
717489,641585,102.0,6.0,4.0,6.0,1.0
717490,502171,88.0,6.0,7.0,6.0,0.0
717491,641793,37.0,2.0,2.0,4.0,0.0
717493,680686,102.0,5.0,6.0,8.0,4.0
717462,628711,88.0,6.0,8.0,3.0,1.0
717467,669854,99.0,6.0,9.0,3.0,2.0
717468,458681,102.0,7.0,11.0,1.0,1.0
717469,676440,91.0,5.0,4.0,4.0,4.0
717470,669194,66.0,3.0,1.0,9.0,0.0
717471,676710,73.0,4.0,3.0,7.0,1.0
717472,542888,44.0,3.0,5.0,3.0,0.0
717473,691587,93.0,6.0,7.0,3.0,2.0
717474,642547,104.0,6.0,10.0,4.0,3.0
717475,622663,77.0,3.0,3.0,10.0,1.0
717476,547179,60.0,5.0,4.0,3.0,0.0
717480,669947,73.0,5.0,1.0,11.0,0.0
717481,669022,17.0,2.0,1.0,1.0,0.0
717448,548389,65.0,4.0,3.0,4.0,0.0
717452,668678,96.0,7.0,5.0,4.0,0.0
717453,686613,88.0,4.0,7.0,8.0,3.0
717454,506433,100.0,5.0,4.0,7.0,3.0
717455,656302,107.0,6.0,8.0,11.0,0.0
717456,664062,77.0,7.0,5.0,7.0,1.0
717457,656412,72.0,4.0,2.0,6.0,2.0
717458,641927,93.0,6.0,5.0,4.0,3.0
717459,669203,90.0,6.0,6.0,3.0,4.0
717460,607192,88.0,6.0,8.0,2.0,1.0
717461,657514,31.0,2.0,3.0,1.0,1.0
717463,650644,100.0,7.0,9.0,2.0,0.0
717464,607074,69.0,6.0,2.0,4.0,2.0
717465,592866,110.0,6.0,5.0,7.0,3.0
717466,645261,95.0,7.0,5.0,8.0,0.0
717436,605483,105.0,6.0,11.0,1.0,3.0
717437,681911,15.0,1.0,2.0,1.0,0.0
717438,666129,78.0,5.0,3.0,6.0,0.0
717439,669459,18.0,2.0,3.0,0.0,0.0
717440,664285,105.0,6.0,6.0,5.0,2.0
717441,671737,93.0,5.0,4.0,5.0,2.0
717442,666159,91.0,7.0,5.0,0.0,3.0
717443,668909,94.0,6.0,7.0,8.0,1.0
717444,607067,91.0,5.0,7.0,7.0,1.0
717445,657053,81.0,5.0,5.0,5.0,1.0
717446,543243,91.0,6.0,5.0,6.0,3.0
717447,543037,103.0,8.0,5.0,5.0,1.0
717449,572020,93.0,6.0,3.0,6.0,1.0
717450,663623,79.0,5.0,1.0,5.0,2.0
717451,676254,45.0,2.0,4.0,3.0,1.0
717422,657277,103.0,9.0,10.0,7.0,0.0
717423,605397,88.0,6.0,7.0,3.0,0.0
717424,608337,90.0,7.0,5.0,2.0,3.0
717425,605200,92.0,6.0,6.0,4.0,2.0
717426,666200,83.0,7.0,9.0,4.0,1.0
717427,489119,95.0,6.0,8.0,4.0,3.0
717428,657746,98.0,5.0,10.0,5.0,2.0
717429,621107,77.0,5.0,5.0,4.0,0.0
717430,656232,90.0,6.0,5.0,4.0,1.0
717431,669373,63.0,4.0,5.0,2.0,2.0
717432,571578,91.0,7.0,6.0,5.0,1.0
717433,593334,74.0,7.0,9.0,1.0,3.0
717434,669456,91.0,7.0,6.0,9.0,0.0
717435,605463,14.0,1.0,0.0,2.0,0.0
717405,660271,94.0,6.0,7.0,5.0,3.0
717406,622491,91.0,5.0,5.0,4.0,0.0
717407,571945,34.0,3.0,2.0,0.0,0.0
717409,686610,74.0,4.0,5.0,3.0,2.0
717410,596295,78.0,6.0,2.0,6.0,0.0
717412,668933,74.0,7.0,2.0,5.0,2.0
717413,434378,104.0,5.0,6.0,2.0,6.0
717414,450203,83.0,7.0,4.0,3.0,1.0
717415,592351,88.0,6.0,4.0,5.0,2.0
717416,448179,91.0,6.0,2.0,7.0,2.0
717417,665152,97.0,6.0,8.0,2.0,2.0
717418,650911,79.0,5.0,5.0,3.0,1.0
717419,543294,84.0,5.0,5.0,8.0,0.0
717420,621244,90.0,6.0,4.0,7.0,1.0
717389,672282,94.0,6.0,6.0,5.0,3.0
717390,669923,87.0,5.0,4.0,8.0,1.0
717392,671096,90.0,6.0,3.0,3.0,2.0
717393,666142,81.0,5.0,3.0,4.0,2.0
717394,657756,61.0,3.0,1.0,6.0,2.0
717395,675911,97.0,6.0,10.0,8.0,0.0
717396,571927,86.0,5.0,4.0,4.0,3.0
717397,592836,96.0,5.0,3.0,3.0,3.0
717398,670912,107.0,7.0,10.0,1.0,3.0
717399,643493,21.0,1.0,2.0,2.0,1.0
717400,673540,103.0,6.0,9.0,4.0,2.0
717401,502043,84.0,6.0,1.0,9.0,2.0
717402,571760,87.0,6.0,4.0,6.0,1.0
717403,573186,91.0,6.0,3.0,3.0,1.0
717404,605135,96.0,6.0,5.0,7.0,0.0
717408,624133,97.0,6.0,3.0,6.0,3.0
717411,679525,92.0,6.0,11.0,5.0,1.0
717373,682243,70.0,5.0,3.0,5.0,1.0
717376,657006,82.0,6.0,6.0,9.0,1.0
717377,527048,86.0,5.0,2.0,5.0,4.0
717378,502624,85.0,5.0,1.0,3.0,2.0
717379,676664,90.0,7.0,7.0,4.0,0.0
717380,656427,92.0,6.0,7.0,3.0,3.0
717381,542881,85.0,3.0,5.0,5.0,2.0
717382,663903,92.0,8.0,4.0,7.0,0.0
717383,594902,57.0,4.0,3.0,3.0,0.0
717384,680694,100.0,8.0,8.0,3.0,1.0
717385,453286,97.0,7.0,6.0,1.0,3.0
717386,579328,89.0,5.0,4.0,2.0,3.0
717387,554430,101.0,7.0,7.0,5.0,0.0
717388,674370,64.0,3.0,3.0,4.0,2.0
717391,663465,37.0,2.0,1.0,7.0,1.0
717365,669302,94.0,5.0,5.0,7.0,1.0
717366,621112,97.0,6.0,3.0,9.0,2.0
717367,641540,96.0,7.0,4.0,5.0,1.0
717368,543475,83.0,6.0,4.0,3.0,1.0
717369,656288,120.0,6.0,12.0,6.0,3.0
717370,592767,99.0,6.0,7.0,8.0,1.0
717371,682990,73.0,6.0,2.0,7.0,2.0
717372,680570,91.0,6.0,4.0,7.0,2.0
717374,571945,92.0,6.0,3.0,7.0,0.0
717375,682227,98.0,6.0,3.0,4.0,3.0
717349,665622,80.0,6.0,6.0,3.0,1.0
717350,693433,87.0,4.0,4.0,8.0,3.0
717352,663776,99.0,8.0,7.0,2.0,3.0
717353,592791,92.0,6.0,4.0,7.0,1.0
717354,543135,93.0,6.0,2.0,2.0,3.0
717355,656234,24.0,1.0,2.0,3.0,0.0
717356,663738,77.0,5.0,3.0,6.0,2.0
717357,656756,92.0,6.0,5.0,6.0,2.0
717358,693821,76.0,3.0,4.0,7.0,1.0
717359,471911,82.0,5.0,5.0,6.0,2.0
717360,596133,61.0,3.0,6.0,4.0,1.0
717361,669330,59.0,2.0,2.0,6.0,2.0
717362,666201,92.0,4.0,0.0,3.0,5.0
717363,605400,98.0,8.0,6.0,4.0,0.0
717364,656605,102.0,6.0,1.0,10.0,2.0
717333,642232,82.0,6.0,4.0,6.0,0.0
717335,622491,104.0,6.0,11.0,6.0,2.0
717336,543294,97.0,6.0,5.0,5.0,0.0
717338,621244,106.0,6.0,9.0,4.0,3.0
717339,681217,85.0,6.0,10.0,4.0,2.0
717340,450203,103.0,6.0,4.0,6.0,3.0
717341,434378,100.0,8.0,7.0,3.0,1.0
717342,668933,96.0,7.0,3.0,5.0,2.0
717343,665152,91.0,5.0,1.0,4.0,4.0
717344,686610,90.0,5.0,5.0,5.0,3.0
717345,596295,94.0,6.0,5.0,8.0,0.0
717346,592351,63.0,5.0,4.0,8.0,1.0
717347,650911,86.0,5.0,3.0,6.0,1.0
717348,448179,97.0,6.0,1.0,8.0,1.0
717351,641712,66.0,3.0,1.0,5.0,0.0
717322,573186,99.0,4.0,4.0,7.0,4.0
717323,663687,74.0,6.0,6.0,4.0,0.0
717327,669923,99.0,7.0,10.0,4.0,0.0
717328,607192,93.0,7.0,9.0,6.0,0.0
717329,592836,102.0,7.0,6.0,6.0,2.0
717330,500779,77.0,5.0,3.0,6.0,0.0
717331,605135,92.0,6.0,5.0,4.0,1.0
717332,425844,62.0,4.0,1.0,4.0,2.0
717334,671096,106.0,8.0,6.0,1.0,2.0
717337,675911,100.0,7.0,13.0,4.0,1.0
717310,676664,95.0,6.0,1.0,8.0,1.0
717311,682243,75.0,6.0,6.0,3.0,2.0
717312,660271,87.0,7.0,9.0,6.0,1.0
717313,642547,97.0,5.0,5.0,6.0,3.0
717314,657746,104.0,6.0,10.0,7.0,1.0
717315,668909,81.0,4.0,3.0,5.0,4.0
717316,571760,72.0,5.0,3.0,5.0,3.0
717317,681857,95.0,5.0,5.0,7.0,2.0
717318,657376,64.0,6.0,2.0,5.0,1.0
717319,666129,59.0,3.0,5.0,7.0,0.0
717320,621107,87.0,7.0,8.0,2.0,1.0
717321,594902,76.0,5.0,6.0,4.0,2.0
717324,676710,65.0,4.0,2.0,4.0,0.0
717325,657006,100.0,7.0,9.0,6.0,1.0
717326,663623,111.0,7.0,9.0,5.0,1.0
717293,543243,88.0,6.0,4.0,7.0,1.0
717295,621112,99.0,6.0,5.0,5.0,3.0
717296,605288,89.0,6.0,10.0,6.0,2.0
717297,672282,100.0,5.0,9.0,6.0,1.0
717299,666159,32.0,2.0,2.0,1.0,2.0
717300,663556,86.0,4.0,5.0,5.0,3.0
717301,669302,94.0,5.0,5.0,8.0,1.0
717302,676440,102.0,7.0,8.0,2.0,1.0
717303,682227,80.0,6.0,5.0,3.0,1.0
717304,543037,99.0,7.0,10.0,5.0,1.0
717305,641540,79.0,3.0,1.0,7.0,2.0
717306,456501,81.0,7.0,8.0,2.0,1.0
717307,680686,87.0,7.0,4.0,4.0,3.0
717308,605242,29.0,2.0,2.0,3.0,1.0
717309,572020,96.0,6.0,7.0,3.0,1.0
717278,542881,97.0,7.0,5.0,8.0,1.0
717279,665622,93.0,5.0,6.0,2.0,3.0
717281,693433,90.0,7.0,7.0,4.0,1.0
717283,675540,42.0,3.0,3.0,1.0,3.0
717284,527048,94.0,6.0,6.0,6.0,2.0
717285,641927,82.0,6.0,6.0,5.0,0.0
717286,592791,109.0,6.0,6.0,8.0,1.0
717287,527054,78.0,6.0,5.0,3.0,0.0
717288,656412,93.0,6.0,2.0,1.0,4.0
717289,596133,79.0,5.0,1.0,8.0,2.0
717290,669022,90.0,5.0,8.0,4.0,2.0
717291,671737,86.0,5.0,6.0,5.0,1.0
717292,666200,115.0,7.0,13.0,4.0,2.0
717294,622663,100.0,6.0,5.0,8.0,0.0
717298,657514,28.0,2.0,3.0,1.0,0.0
717268,669194,87.0,6.0,1.0,8.0,3.0
717271,675627,68.0,5.0,6.0,8.0,0.0
717273,607067,91.0,6.0,5.0,5.0,1.0
717274,656232,102.0,5.0,5.0,6.0,4.0
717275,628317,98.0,7.0,8.0,6.0,2.0
717276,506433,85.0,5.0,3.0,8.0,3.0
717277,671106,84.0,7.0,5.0,7.0,0.0
717280,650911,92.0,7.0,8.0,4.0,0.0
717282,571578,93.0,7.0,5.0,10.0,2.0
718558,669373,82.0,5.0,9.0,2.0,0.0
717255,641585,84.0,7.0,3.0,5.0,2.0
717256,628711,104.0,6.0,5.0,8.0,2.0
717258,605483,102.0,6.0,4.0,2.0,5.0
717259,518876,86.0,6.0,5.0,4.0,2.0
717260,650644,93.0,8.0,5.0,5.0,2.0
717261,670167,24.0,0.6699999999999999,0.0,2.0,1.0
717262,669203,93.0,6.0,6.0,3.0,1.0
717263,656629,102.0,5.0,5.0,9.0,1.0
717264,641154,94.0,7.0,8.0,6.0,1.0
717265,593958,90.0,5.0,3.0,7.0,3.0
717266,593334,91.0,6.0,9.0,7.0,1.0
717267,592836,104.0,6.0,4.0,6.0,3.0
717269,592866,93.0,6.0,3.0,9.0,0.0
717270,607192,97.0,7.0,8.0,2.0,2.0
717272,502171,95.0,6.0,9.0,3.0,1.0
717239,664285,80.0,4.0,1.0,8.0,2.0
717240,458681,100.0,5.0,5.0,7.0,2.0
717242,678394,92.0,6.0,4.0,4.0,2.0
717244,668678,102.0,7.0,8.0,7.0,2.0
717245,624133,90.0,7.0,6.0,7.0,1.0
717246,607625,84.0,7.0,8.0,3.0,0.0
717248,607074,93.0,6.0,4.0,4.0,3.0
717249,668909,87.0,4.0,5.0,3.0,2.0
717250,657746,95.0,4.0,7.0,7.0,2.0
717251,676254,40.0,3.0,3.0,1.0,1.0
717252,621107,53.0,4.0,3.0,7.0,0.0
717253,664062,109.0,5.0,5.0,7.0,3.0
717254,642547,89.0,6.0,13.0,4.0,0.0
717257,663623,105.0,6.0,7.0,6.0,2.0
717233,656302,102.0,6.0,5.0,9.0,2.0
717238,571945,14.0,1.0,1.0,0.0,0.0
717241,673540,99.0,6.0,5.0,2.0,3.0
717243,547179,88.0,5.0,7.0,5.0,1.0
717247,666159,87.0,5.0,5.0,7.0,1.0
717220,657277,88.0,8.0,4.0,6.0,0.0
717223,674072,94.0,6.0,6.0,6.0,0.0
717224,605397,105.0,6.0,5.0,4.0,2.0
717225,676272,100.0,5.0,6.0,6.0,0.0
717226,656756,100.0,6.0,3.0,5.0,4.0
717227,607536,70.0,4.0,3.0,9.0,0.0
717228,657053,83.0,5.0,4.0,3.0,1.0
717229,664299,104.0,6.0,9.0,3.0,2.0
717230,453286,103.0,7.0,7.0,6.0,2.0
717231,630023,61.0,4.0,3.0,6.0,1.0
717232,663903,104.0,5.0,10.0,4.0,2.0
717234,656605,108.0,6.0,8.0,6.0,3.0
717235,592332,105.0,7.0,9.0,5.0,3.0
717236,666129,94.0,6.0,6.0,5.0,1.0
717237,680570,97.0,7.0,4.0,3.0,2.0
717205,686218,82.0,5.0,5.0,2.0,1.0
717207,543475,100.0,5.0,4.0,4.0,2.0
717209,506433,92.0,6.0,9.0,3.0,2.0
717210,694297,85.0,6.0,3.0,8.0,1.0
717211,693821,86.0,7.0,3.0,4.0,0.0
717212,623167,75.0,4.0,4.0,4.0,6.0
717213,425794,87.0,6.0,3.0,7.0,3.0
717214,686613,95.0,7.0,4.0,4.0,2.0
717215,471911,63.0,3.0,2.0,8.0,1.0
717216,682990,85.0,6.0,7.0,5.0,6.0
717217,605182,72.0,5.0,3.0,2.0,0.0
717218,456501,83.0,6.0,5.0,4.0,1.0
717219,669330,63.0,3.0,1.0,3.0,3.0
717221,676254,40.0,3.0,3.0,1.0,0.0
717222,666201,82.0,5.0,6.0,4.0,2.0
717191,605483,101.0,5.0,9.0,4.0,4.0
717193,518876,90.0,5.0,6.0,7.0,2.0
717194,675627,96.0,6.0,10.0,10.0,1.0
717195,571927,99.0,6.0,2.0,4.0,0.0
717196,656232,93.0,5.0,4.0,8.0,3.0
717197,518397,16.0,2.0,1.0,0.0,0.0
717198,642232,78.0,7.0,5.0,7.0,0.0
717199,621389,52.0,5.0,2.0,3.0,1.0
717200,665152,90.0,5.0,7.0,7.0,2.0
717201,621244,98.0,6.0,6.0,6.0,1.0
717202,666200,96.0,5.0,3.0,6.0,3.0
717203,434378,103.0,6.0,5.0,5.0,1.0
717204,656629,93.0,5.0,2.0,4.0,5.0
717206,700363,93.0,5.0,3.0,4.0,4.0
717208,448179,79.0,5.0,7.0,5.0,3.0
717179,596295,83.0,7.0,5.0,6.0,2.0
717181,669923,97.0,5.0,7.0,4.0,2.0
717184,641585,97.0,7.0,6.0,7.0,2.0
717185,666745,67.0,4.0,4.0,6.0,0.0
717186,605135,113.0,6.0,7.0,7.0,2.0
717187,450203,94.0,6.0,8.0,6.0,2.0
717188,573186,71.0,3.0,2.0,6.0,2.0
717189,665795,76.0,4.0,3.0,2.0,6.0
717190,596001,37.0,3.0,3.0,1.0,0.0
717192,663623,92.0,6.0,2.0,6.0,2.0
717167,682243,93.0,6.0,4.0,7.0,2.0
717168,571760,80.0,7.0,11.0,2.0,0.0
717169,663567,79.0,5.0,2.0,4.0,2.0
717170,425844,72.0,5.0,3.0,4.0,0.0
717171,458681,93.0,7.0,7.0,5.0,1.0
717172,664285,93.0,9.0,7.0,0.0,1.0
717173,657006,101.0,6.0,6.0,8.0,0.0
717174,571945,109.0,7.0,7.0,6.0,1.0
717175,607074,97.0,4.0,5.0,4.0,4.0
717176,675911,110.0,7.0,9.0,5.0,2.0
717177,547943,80.0,6.0,3.0,9.0,1.0
717178,670912,99.0,7.0,5.0,6.0,2.0
717180,502171,84.0,6.0,4.0,4.0,1.0
717182,645261,101.0,8.0,5.0,4.0,1.0
717183,680686,81.0,4.0,3.0,4.0,3.0
717152,641540,102.0,8.0,11.0,3.0,1.0
717153,592767,88.0,5.0,7.0,6.0,0.0
717154,664062,84.0,5.0,3.0,5.0,2.0
717155,641712,94.0,7.0,7.0,2.0,3.0
717156,666142,94.0,6.0,8.0,7.0,1.0
717157,579328,91.0,6.0,3.0,6.0,1.0
717158,607536,98.0,6.0,6.0,7.0,1.0
717159,666129,95.0,6.0,5.0,6.0,2.0
717160,543037,91.0,7.0,8.0,4.0,2.0
717161,669302,104.0,6.0,5.0,5.0,3.0
717162,669022,89.0,6.0,5.0,3.0,2.0
717163,669854,77.0,4.0,3.0,5.0,4.0
717164,657277,105.0,7.0,5.0,4.0,1.0
717165,630023,75.0,6.0,5.0,6.0,1.0
717166,674370,59.0,4.0,3.0,3.0,1.0
717137,628711,68.0,5.0,5.0,3.0,1.0
717142,657376,82.0,5.0,4.0,4.0,1.0
717143,605288,95.0,6.0,5.0,4.0,2.0
717144,660271,59.0,4.0,4.0,3.0,1.0
717145,669461,93.0,6.0,1.0,6.0,2.0
717146,592791,92.0,6.0,5.0,7.0,2.0
717147,456501,100.0,7.0,4.0,5.0,2.0
717148,663903,100.0,8.0,4.0,3.0,0.0
717149,453286,105.0,6.0,9.0,7.0,2.0
717150,592332,103.0,5.0,6.0,8.0,2.0
717151,518397,7.0,0.6699999999999999,0.0,1.0,0.0
717127,425794,75.0,3.0,5.0,9.0,2.0
717128,641927,104.0,5.0,3.0,6.0,0.0
717129,506433,82.0,7.0,4.0,5.0,0.0
717130,672282,93.0,4.0,4.0,9.0,2.0
717131,607067,90.0,4.0,2.0,8.0,3.0
717132,671106,96.0,6.0,5.0,4.0,4.0
717133,656756,80.0,7.0,6.0,6.0,1.0
717134,665152,87.0,6.0,4.0,2.0,4.0
717135,681857,92.0,5.0,3.0,5.0,3.0
717136,572020,94.0,5.0,4.0,9.0,2.0
717138,622663,87.0,5.0,4.0,5.0,3.0
717139,668933,106.0,8.0,5.0,5.0,2.0
717140,605400,100.0,6.0,8.0,8.0,1.0
717141,543294,72.0,4.0,3.0,8.0,0.0
717109,542881,80.0,5.0,6.0,2.0,3.0
717112,605483,108.0,5.0,8.0,4.0,4.0
717114,502043,98.0,7.0,9.0,4.0,1.0
717115,592789,83.0,6.0,3.0,9.0,0.0
717116,669203,107.0,6.0,5.0,2.0,4.0
717117,621112,105.0,6.0,7.0,2.0,3.0
717118,628317,87.0,6.0,7.0,2.0,0.0
717119,571927,103.0,6.0,6.0,5.0,2.0
717120,671096,105.0,6.0,3.0,9.0,5.0
717121,665871,83.0,4.0,3.0,5.0,2.0
717122,669373,88.0,6.0,6.0,6.0,1.0
717123,650911,86.0,5.0,7.0,6.0,1.0
717124,592351,77.0,6.0,6.0,7.0,2.0
717125,670167,17.0,1.0,1.0,1.0,0.0
717126,641482,64.0,4.0,8.0,1.0,1.0
717093,448179,77.0,3.0,4.0,5.0,1.0
717098,657006,110.0,6.0,7.0,8.0,4.0
717099,668868,60.0,4.0,8.0,2.0,1.0
717100,665622,88.0,4.0,3.0,5.0,5.0
717101,681217,100.0,7.0,12.0,4.0,1.0
717102,571760,81.0,6.0,4.0,4.0,2.0
717103,666159,93.0,6.0,3.0,9.0,1.0
717104,680689,66.0,3.0,2.0,4.0,3.0
717105,605540,85.0,5.0,9.0,4.0,0.0
717106,572971,74.0,5.0,0.0,8.0,2.0
717107,680694,87.0,5.0,5.0,3.0,5.0
717108,675540,65.0,5.0,4.0,4.0,0.0
717110,607074,58.0,3.0,5.0,3.0,2.0
717111,657514,24.0,1.0,2.0,2.0,0.0
717113,592836,95.0,7.0,2.0,7.0,1.0
717081,686610,92.0,6.0,7.0,6.0,1.0
717086,642547,94.0,7.0,13.0,1.0,0.0
717087,668909,90.0,7.0,12.0,1.0,1.0
717088,656302,104.0,6.0,6.0,1.0,7.0
717089,678394,99.0,7.0,2.0,6.0,2.0
717090,663776,99.0,7.0,8.0,5.0,1.0
717091,666214,71.0,3.0,2.0,10.0,1.0
717092,673540,85.0,6.0,6.0,7.0,2.0
717094,607625,71.0,4.0,2.0,8.0,2.0
717095,674370,51.0,4.0,3.0,4.0,0.0
717097,682227,89.0,7.0,9.0,3.0,0.0
717068,608337,101.0,6.0,7.0,3.0,3.0
717069,676664,86.0,4.0,6.0,9.0,1.0
717072,669302,100.0,7.0,12.0,1.0,0.0
717073,694297,88.0,5.0,5.0,6.0,2.0
717074,676440,100.0,7.0,6.0,6.0,0.0
717075,657053,106.0,5.0,9.0,6.0,5.0
717076,593958,102.0,7.0,5.0,4.0,3.0
717077,676710,78.0,4.0,6.0,7.0,2.0
717078,489119,85.0,6.0,2.0,2.0,3.0
717079,656605,91.0,5.0,4.0,9.0,0.0
717080,471911,75.0,5.0,5.0,3.0,2.0
717082,554430,95.0,6.0,6.0,7.0,0.0
717083,596133,89.0,5.0,6.0,5.0,1.0
717084,680570,93.0,6.0,4.0,6.0,2.0
717085,621107,99.0,7.0,8.0,5.0,0.0
717096,624133,95.0,6.0,5.0,6.0,2.0
717054,605182,86.0,6.0,6.0,3.0,3.0
717055,676106,87.0,5.0,3.0,2.0,3.0
717057,518876,83.0,7.0,2.0,6.0,1.0
717058,682990,86.0,4.0,4.0,9.0,1.0
717059,601713,90.0,5.0,8.0,4.0,2.0
717060,671106,87.0,5.0,3.0,4.0,3.0
717061,656412,85.0,5.0,5.0,4.0,2.0
717062,656849,62.0,4.0,5.0,4.0,2.0
717063,643493,34.0,2.0,2.0,0.0,1.0
717064,656222,32.0,3.0,1.0,3.0,1.0
717065,605288,67.0,5.0,5.0,5.0,1.0
717066,547179,124.0,9.0,5.0,0.0,4.0
717067,656427,98.0,5.0,8.0,6.0,1.0
717070,668933,103.0,7.0,7.0,3.0,1.0
717071,660271,97.0,6.0,5.0,3.0,3.0
717045,477132,67.0,5.0,4.0,3.0,0.0
717048,641793,73.0,6.0,5.0,7.0,0.0
717049,605400,105.0,6.0,6.0,5.0,1.0
717050,681857,94.0,6.0,8.0,2.0,3.0
717051,572020,98.0,6.0,6.0,6.0,0.0
717052,592789,87.0,6.0,5.0,6.0,2.0
717053,665152,91.0,7.0,5.0,6.0,2.0
717056,663559,86.0,4.0,3.0,8.0,2.0
717031,518397,18.0,1.0,2.0,0.0,1.0
717032,458681,94.0,5.0,9.0,4.0,1.0
717034,622491,101.0,6.0,8.0,2.0,2.0
717035,669194,73.0,3.0,2.0,7.0,1.0
717036,656629,96.0,5.0,4.0,5.0,5.0
717037,434378,95.0,6.0,7.0,6.0,0.0
717038,650644,91.0,5.0,2.0,7.0,1.0
717039,669395,22.0,0.6699999999999999,0.0,0.0,3.0
717040,656731,84.0,6.0,3.0,9.0,1.0
717041,621244,91.0,5.0,3.0,9.0,0.0
717042,519242,58.0,5.0,7.0,1.0,0.0
717043,672851,63.0,3.0,3.0,2.0,2.0
717044,650911,107.0,6.0,5.0,6.0,3.0
717046,670912,93.0,5.0,4.0,5.0,2.0
717047,666200,73.0,4.0,2.0,9.0,1.0
717017,664062,91.0,6.0,6.0,3.0,0.0
717018,669923,103.0,9.0,7.0,3.0,0.0
717019,666142,93.0,5.0,5.0,6.0,4.0
717020,668678,98.0,6.0,8.0,4.0,1.0
717021,500779,104.0,6.0,4.0,4.0,3.0
717022,641585,100.0,7.0,5.0,4.0,1.0
717023,669947,97.0,7.0,5.0,6.0,3.0
717024,542888,43.0,2.0,3.0,2.0,1.0
717025,645261,116.0,9.0,10.0,5.0,2.0
717026,605135,99.0,6.0,6.0,4.0,2.0
717028,592836,94.0,5.0,2.0,3.0,6.0
717029,502171,92.0,5.0,3.0,9.0,2.0
717030,663623,99.0,7.0,6.0,7.0,0.0
717033,678394,90.0,5.0,5.0,9.0,0.0
718371,660593,109.0,5.0,4.0,8.0,4.0
717003,694297,92.0,6.0,8.0,9.0,2.0
717004,664353,80.0,6.0,7.0,3.0,0.0
717005,682243,85.0,6.0,2.0,5.0,2.0
717006,656302,97.0,7.0,7.0,5.0,1.0
717007,628711,88.0,7.0,12.0,4.0,0.0
717008,657277,107.0,9.0,6.0,6.0,1.0
717009,624133,92.0,7.0,8.0,6.0,3.0
717010,621107,82.0,3.0,3.0,9.0,1.0
717011,691587,82.0,4.0,5.0,4.0,2.0
717012,547943,86.0,5.0,3.0,2.0,2.0
717013,673540,107.0,6.0,7.0,4.0,2.0
717014,676710,73.0,5.0,2.0,3.0,1.0
717015,656605,91.0,6.0,7.0,5.0,3.0
717016,592866,92.0,5.0,4.0,6.0,2.0
717027,656578,78.0,4.0,5.0,5.0,2.0
716994,663903,106.0,8.0,8.0,2.0,1.0
716995,571945,99.0,7.0,4.0,5.0,3.0
716996,506433,81.0,7.0,6.0,8.0,1.0
716997,453286,100.0,7.0,10.0,1.0,1.0
716998,623167,83.0,6.0,6.0,5.0,1.0
716999,676254,39.0,2.0,4.0,2.0,1.0
717000,666129,75.0,5.0,1.0,4.0,2.0
717001,608331,83.0,7.0,2.0,8.0,1.0
717002,471911,88.0,3.0,5.0,4.0,3.0
716978,621389,80.0,5.0,2.0,6.0,2.0
716979,676272,74.0,6.0,4.0,1.0,1.0
716980,608379,77.0,5.0,5.0,3.0,1.0
716981,543475,91.0,5.0,3.0,9.0,1.0
716983,641927,87.0,5.0,6.0,4.0,3.0
716984,641712,101.0,7.0,3.0,5.0,1.0
716985,656756,91.0,6.0,9.0,6.0,0.0
716986,543294,98.0,6.0,4.0,7.0,2.0
716987,693821,94.0,7.0,3.0,1.0,3.0
716988,656849,91.0,4.0,5.0,3.0,6.0
716989,596001,62.0,4.0,7.0,2.0,1.0
716990,579328,84.0,6.0,7.0,4.0,0.0
716991,456501,96.0,6.0,3.0,7.0,2.0
716992,668933,102.0,7.0,2.0,7.0,2.0
716993,680686,83.0,4.0,4.0,5.0,3.0
716962,477132,71.0,5.0,2.0,3.0,2.0
716963,663704,17.0,1.0,2.0,3.0,0.0
716965,605483,92.0,6.0,5.0,3.0,2.0
716967,592332,84.0,6.0,4.0,7.0,3.0
716968,665871,81.0,6.0,4.0,4.0,1.0
716969,669461,92.0,5.0,5.0,10.0,3.0
716970,450203,94.0,6.0,10.0,4.0,1.0
716971,592351,92.0,7.0,4.0,6.0,2.0
716972,666200,84.0,4.0,3.0,8.0,3.0
716973,671096,84.0,5.0,5.0,6.0,0.0
716974,656731,95.0,5.0,5.0,5.0,4.0
716975,676254,20.0,0.6699999999999999,2.0,1.0,1.0
716976,628317,87.0,5.0,6.0,7.0,1.0
716977,596295,93.0,6.0,1.0,7.0,3.0
716982,669022,85.0,7.0,7.0,1.0,2.0
716957,448179,56.0,5.0,3.0,2.0,1.0
716958,425794,93.0,6.0,2.0,4.0,3.0
716961,458681,87.0,7.0,3.0,4.0,1.0
716964,672582,84.0,4.0,6.0,5.0,2.0
716966,571578,96.0,6.0,6.0,4.0,0.0
716942,607625,104.0,6.0,9.0,5.0,3.0
716944,660906,23.0,1.0,1.0,4.0,0.0
716945,542881,81.0,5.0,3.0,6.0,2.0
716946,664062,97.0,4.0,2.0,8.0,4.0
716947,663567,85.0,7.0,5.0,4.0,1.0
716948,641585,105.0,6.0,7.0,7.0,1.0
716949,675911,97.0,7.0,10.0,1.0,1.0
716950,571760,84.0,4.0,3.0,7.0,1.0
716951,641154,99.0,6.0,7.0,6.0,2.0
716952,668868,82.0,5.0,5.0,6.0,1.0
716953,666745,46.0,3.0,1.0,9.0,0.0
716954,664028,75.0,5.0,2.0,3.0,1.0
716955,592791,91.0,6.0,3.0,6.0,0.0
716956,668909,90.0,5.0,4.0,6.0,2.0
716959,675540,81.0,6.0,6.0,5.0,2.0
716960,672851,74.0,4.0,3.0,6.0,2.0
716909,657571,22.0,1.0,0.0,2.0,0.0
716915,681217,77.0,4.0,4.0,5.0,3.0
716919,663362,96.0,5.0,5.0,5.0,3.0
716925,663776,100.0,5.0,4.0,7.0,3.0
716926,628711,100.0,7.0,5.0,5.0,0.0
716930,686610,81.0,6.0,7.0,4.0,3.0
716931,506433,104.0,6.0,7.0,9.0,1.0
716932,664285,88.0,5.0,5.0,10.0,2.0
716933,607536,95.0,5.0,6.0,8.0,1.0
716934,630023,77.0,4.0,4.0,7.0,1.0
716935,682227,101.0,6.0,6.0,9.0,1.0
716936,543243,93.0,7.0,7.0,4.0,3.0
716937,657006,99.0,6.0,7.0,6.0,0.0
716938,641540,99.0,6.0,4.0,7.0,1.0
716939,676440,91.0,5.0,6.0,5.0,1.0
716940,571945,91.0,5.0,4.0,7.0,2.0
716941,663623,94.0,6.0,7.0,5.0,2.0
716943,543037,86.0,4.0,4.0,7.0,1.0
716914,676664,68.0,4.0,4.0,9.0,2.0
716916,623167,85.0,6.0,5.0,7.0,0.0
716917,543294,90.0,7.0,3.0,5.0,1.0
716918,453286,99.0,4.0,4.0,3.0,4.0
716920,686613,82.0,3.0,5.0,8.0,2.0
716921,641712,99.0,6.0,7.0,5.0,2.0
716922,671106,99.0,6.0,5.0,4.0,2.0
716923,572971,85.0,7.0,3.0,1.0,0.0
716924,668881,90.0,4.0,4.0,10.0,3.0
716927,608331,103.0,6.0,6.0,9.0,1.0
716928,657376,97.0,6.0,8.0,4.0,2.0
716929,592866,94.0,6.0,4.0,2.0,3.0
716904,621112,82.0,6.0,6.0,4.0,1.0
716905,657053,96.0,5.0,3.0,7.0,4.0
716906,573009,5.0,0.6699999999999999,0.0,1.0,0.0
716907,608379,94.0,6.0,7.0,5.0,2.0
716908,664299,105.0,5.0,3.0,7.0,3.0
716910,642216,94.0,5.0,4.0,9.0,1.0
716911,605400,100.0,7.0,5.0,7.0,1.0
716912,641672,45.0,3.0,1.0,2.0,1.0
716913,656412,92.0,6.0,4.0,3.0,2.0
716887,605483,96.0,6.0,8.0,6.0,2.0
716888,666204,16.0,1.0,0.0,0.0,0.0
716889,668678,90.0,6.0,11.0,7.0,1.0
716891,693821,90.0,6.0,3.0,2.0,2.0
716892,608337,100.0,6.0,9.0,5.0,2.0
716893,605182,97.0,5.0,4.0,6.0,4.0
716894,489119,89.0,5.0,4.0,5.0,1.0
716895,434378,96.0,6.0,9.0,5.0,1.0
716896,681857,97.0,5.0,7.0,4.0,3.0
716897,592789,95.0,6.0,4.0,4.0,1.0
716898,641793,80.0,6.0,6.0,7.0,1.0
716899,592836,89.0,5.0,7.0,6.0,2.0
716900,607074,68.0,6.0,1.0,6.0,0.0
716901,670912,97.0,5.0,5.0,4.0,1.0
716902,680570,94.0,6.0,5.0,8.0,2.0
716874,665152,94.0,6.0,5.0,5.0,0.0
716875,675540,38.0,2.0,1.0,5.0,0.0
716876,450203,109.0,7.0,11.0,2.0,1.0
716877,622663,97.0,7.0,2.0,1.0,2.0
716878,664353,100.0,5.0,1.0,8.0,3.0
716879,547179,93.0,6.0,4.0,8.0,3.0
716880,650644,80.0,6.0,9.0,4.0,0.0
716881,656629,65.0,4.0,5.0,1.0,4.0
716882,669203,99.0,6.0,5.0,8.0,1.0
716883,607625,93.0,6.0,4.0,3.0,1.0
716884,661309,41.0,3.0,3.0,3.0,0.0
716885,669373,85.0,6.0,7.0,6.0,1.0
716886,682847,90.0,4.0,5.0,7.0,5.0
716890,660271,26.0,2.0,2.0,0.0,1.0
716903,672282,94.0,5.0,3.0,7.0,2.0
716864,669947,91.0,6.0,4.0,6.0,0.0
716865,502043,95.0,8.0,8.0,6.0,1.0
716867,641154,91.0,5.0,4.0,10.0,1.0
716868,518876,86.0,7.0,12.0,1.0,0.0
716869,542888,25.0,2.0,2.0,2.0,0.0
716870,642239,25.0,1.0,1.0,2.0,0.0
716871,668909,96.0,5.0,5.0,8.0,2.0
716872,650633,50.0,3.0,3.0,1.0,2.0
716873,641585,81.0,3.0,3.0,11.0,2.0
716850,543243,81.0,7.0,4.0,6.0,0.0
716851,694297,86.0,6.0,5.0,3.0,1.0
716852,657277,92.0,6.0,1.0,6.0,1.0
716853,682243,83.0,4.0,6.0,6.0,1.0
716854,621107,103.0,6.0,11.0,7.0,1.0
716855,673540,105.0,7.0,10.0,4.0,3.0
716856,656302,96.0,5.0,6.0,9.0,5.0
716857,605540,107.0,6.0,11.0,3.0,3.0
716858,666159,80.0,7.0,3.0,1.0,0.0
716859,608344,85.0,6.0,5.0,6.0,1.0
716860,605135,100.0,6.0,5.0,7.0,1.0
716861,650911,83.0,6.0,6.0,5.0,0.0
716862,656605,93.0,8.0,6.0,4.0,1.0
716863,666129,90.0,6.0,3.0,7.0,0.0
716866,676710,86.0,6.0,7.0,4.0,1.0
716832,669302,83.0,7.0,7.0,2.0,1.0
716833,605200,86.0,6.0,5.0,5.0,2.0
716837,680694,87.0,7.0,8.0,6.0,1.0
716838,642547,94.0,6.0,9.0,2.0,3.0
716839,657746,80.0,5.0,7.0,5.0,2.0
716840,471911,49.0,2.0,1.0,7.0,0.0
716841,657053,94.0,5.0,4.0,2.0,3.0
716842,681882,25.0,2.0,3.0,0.0,0.0
716843,593958,96.0,5.0,1.0,5.0,4.0
716844,691587,76.0,6.0,7.0,3.0,1.0
716845,607192,85.0,6.0,4.0,1.0,2.0
716846,547943,70.0,6.0,5.0,4.0,0.0
716847,554430,80.0,8.0,10.0,3.0,0.0
716848,676254,31.0,2.0,3.0,1.0,2.0
716849,572020,92.0,5.0,4.0,4.0,5.0
716819,663941,70.0,5.0,5.0,3.0,1.0
716820,622491,95.0,7.0,6.0,1.0,1.0
716821,677944,84.0,6.0,5.0,3.0,0.0
716822,605288,43.0,2.0,2.0,4.0,1.0
716824,641927,73.0,4.0,4.0,5.0,1.0
716825,579328,96.0,6.0,8.0,6.0,2.0
716826,605182,95.0,7.0,10.0,1.0,2.0
716827,608638,12.0,1.0,1.0,1.0,0.0
716828,641793,92.0,6.0,4.0,4.0,1.0
716829,656849,104.0,7.0,8.0,3.0,3.0
716830,656412,95.0,5.0,2.0,7.0,4.0
716831,656557,80.0,4.0,4.0,5.0,2.0
716834,663559,88.0,5.0,3.0,7.0,1.0
716835,605400,95.0,7.0,9.0,1.0,1.0
716836,656427,84.0,6.0,3.0,7.0,0.0
716804,693433,69.0,6.0,5.0,3.0,1.0
716805,676272,86.0,6.0,4.0,7.0,2.0
716808,681857,100.0,5.0,10.0,3.0,3.0
716809,425794,93.0,6.0,1.0,8.0,3.0
716810,592791,99.0,6.0,6.0,8.0,0.0
716811,425844,76.0,5.0,1.0,6.0,2.0
716812,596295,42.0,3.0,1.0,4.0,2.0
716813,628317,66.0,4.0,3.0,7.0,1.0
716814,519242,92.0,5.0,6.0,7.0,2.0
716815,680570,96.0,6.0,6.0,1.0,1.0
716816,592332,99.0,5.0,7.0,7.0,2.0
716817,592836,92.0,6.0,6.0,8.0,1.0
716818,656731,96.0,6.0,8.0,5.0,1.0
716823,690986,91.0,7.0,11.0,3.0,2.0
716790,596133,70.0,4.0,0.0,7.0,0.0
716791,663567,87.0,5.0,2.0,9.0,0.0
716792,477132,79.0,5.0,5.0,3.0,3.0
716793,666142,108.0,7.0,9.0,3.0,1.0
716795,669373,97.0,6.0,9.0,4.0,2.0
716796,641154,97.0,6.0,5.0,8.0,3.0
716797,668868,91.0,4.0,3.0,5.0,4.0
716798,657006,111.0,6.0,8.0,6.0,1.0
716799,500779,96.0,6.0,5.0,3.0,3.0
716800,665152,93.0,7.0,5.0,6.0,0.0
716801,621244,92.0,6.0,2.0,6.0,2.0
716802,678394,82.0,5.0,2.0,4.0,2.0
716803,502171,131.0,9.0,8.0,1.0,1.0
716806,547179,88.0,6.0,5.0,8.0,2.0
716807,645261,110.0,6.0,4.0,7.0,2.0
716773,607536,93.0,6.0,3.0,8.0,1.0
716774,686752,84.0,5.0,3.0,2.0,1.0
716778,666200,96.0,6.0,8.0,1.0,2.0
716779,543294,98.0,6.0,6.0,4.0,2.0
716780,672582,84.0,6.0,3.0,5.0,2.0
716781,686839,30.0,1.0,2.0,2.0,1.0
716782,571945,98.0,6.0,2.0,7.0,2.0
716783,660593,78.0,6.0,3.0,3.0,0.0
716784,543243,81.0,7.0,5.0,3.0,1.0
716785,605135,110.0,8.0,3.0,3.0,1.0
716786,502043,89.0,5.0,2.0,9.0,0.0
716787,650911,62.0,5.0,5.0,7.0,0.0
716788,682243,94.0,6.0,5.0,7.0,0.0
716789,657277,94.0,6.0,6.0,7.0,0.0
716794,676710,46.0,3.0,1.0,7.0,1.0
716768,458681,104.0,5.0,1.0,7.0,2.0
716775,666159,81.0,6.0,4.0,2.0,2.0
716776,672851,84.0,5.0,3.0,9.0,1.0
716777,658648,77.0,3.0,5.0,6.0,2.0
716756,605200,85.0,6.0,6.0,4.0,1.0
716757,628711,92.0,5.0,4.0,9.0,2.0
716758,676664,89.0,6.0,3.0,4.0,2.0
716759,623167,87.0,6.0,0.0,7.0,1.0
716761,608379,108.0,6.0,6.0,6.0,2.0
716762,657053,94.0,6.0,6.0,5.0,2.0
716763,434378,88.0,6.0,3.0,8.0,1.0
716764,543475,114.0,8.0,7.0,4.0,0.0
716765,642547,94.0,6.0,10.0,2.0,0.0
716766,641712,90.0,7.0,0.0,3.0,2.0
716767,615698,86.0,6.0,2.0,2.0,3.0
716769,673540,104.0,7.0,12.0,5.0,2.0
716770,680689,91.0,5.0,4.0,2.0,5.0
716771,663623,80.0,5.0,4.0,4.0,3.0
716772,453286,88.0,6.0,7.0,1.0,2.0
718700,668933,72.0,6.0,6.0,6.0,1.0
716741,686218,76.0,4.0,6.0,3.0,3.0
716743,605483,113.0,6.0,8.0,3.0,4.0
716744,680723,84.0,5.0,1.0,5.0,3.0
716745,607067,66.0,5.0,6.0,3.0,0.0
716746,686613,94.0,5.0,5.0,5.0,4.0
716747,677944,71.0,4.0,4.0,9.0,0.0
716748,621389,93.0,6.0,2.0,9.0,3.0
716749,605182,71.0,4.0,2.0,12.0,0.0
716750,679525,60.0,3.0,1.0,7.0,2.0
716751,656849,77.0,5.0,4.0,7.0,0.0
716752,656756,68.0,4.0,0.0,7.0,2.0
716753,671096,97.0,7.0,5.0,4.0,2.0
716754,671106,94.0,5.0,5.0,7.0,0.0
716755,621112,86.0,5.0,4.0,4.0,2.0
716760,592866,82.0,4.0,3.0,12.0,0.0
716725,676272,96.0,7.0,5.0,3.0,1.0
716728,607625,89.0,6.0,4.0,3.0,1.0
716729,675540,78.0,6.0,6.0,6.0,1.0
716730,502624,66.0,4.0,3.0,4.0,2.0
716731,666205,78.0,4.0,3.0,5.0,1.0
716732,668678,99.0,6.0,4.0,8.0,1.0
716733,668868,92.0,7.0,6.0,7.0,0.0
716734,656629,44.0,2.0,2.0,1.0,5.0
716735,664299,96.0,6.0,8.0,4.0,0.0
716736,489119,89.0,7.0,4.0,4.0,3.0
716737,592351,96.0,5.0,8.0,7.0,4.0
716738,686730,87.0,4.0,7.0,5.0,2.0
716739,664199,12.0,1.0,1.0,0.0,0.0
716740,680686,86.0,4.0,2.0,4.0,4.0
716742,656731,85.0,6.0,6.0,5.0,2.0
716681,666142,92.0,6.0,7.0,1.0,0.0
716713,670046,87.0,6.0,4.0,7.0,2.0
716718,682847,84.0,6.0,4.0,5.0,3.0
716719,608337,76.0,3.0,3.0,7.0,3.0
716720,448179,47.0,2.0,3.0,7.0,2.0
716721,518876,91.0,8.0,12.0,4.0,1.0
716722,650644,98.0,6.0,12.0,2.0,3.0
716723,657006,107.0,8.0,12.0,2.0,2.0
716724,571760,88.0,5.0,1.0,5.0,4.0
716726,665622,70.0,5.0,3.0,3.0,3.0
716727,622088,26.0,2.0,3.0,0.0,0.0
716702,694297,70.0,4.0,4.0,6.0,2.0
716703,658648,91.0,7.0,1.0,2.0,6.0
716704,663903,59.0,5.0,2.0,9.0,1.0
716705,543135,35.0,2.0,1.0,5.0,1.0
716706,672282,98.0,7.0,5.0,9.0,1.0
716707,686610,90.0,6.0,3.0,4.0,3.0
716708,543294,83.0,6.0,5.0,7.0,0.0
716709,647336,60.0,3.0,6.0,4.0,1.0
716710,666200,90.0,6.0,6.0,4.0,1.0
716711,543037,104.0,6.0,7.0,8.0,0.0
716712,683175,95.0,5.0,7.0,6.0,2.0
716714,656578,83.0,5.0,2.0,3.0,5.0
716715,571578,83.0,4.0,2.0,7.0,1.0
716716,621107,89.0,6.0,7.0,5.0,1.0
716717,676440,87.0,5.0,4.0,4.0,5.0
716687,453286,60.0,3.0,4.0,6.0,2.0
716688,543475,91.0,6.0,0.0,7.0,1.0
716689,675911,65.0,3.0,5.0,6.0,3.0
716690,663776,107.0,6.0,3.0,7.0,4.0
716691,608379,94.0,4.0,6.0,7.0,3.0
716692,605200,72.0,3.0,2.0,6.0,3.0
716693,680689,95.0,5.0,3.0,7.0,4.0
716694,657376,99.0,7.0,6.0,5.0,0.0
716695,608638,25.0,1.0,2.0,0.0,1.0
716696,607192,103.0,6.0,14.0,3.0,1.0
716697,681882,35.0,1.0,2.0,1.0,3.0
716698,676664,75.0,5.0,3.0,4.0,4.0
716699,696136,87.0,7.0,1.0,9.0,0.0
716700,668909,89.0,5.0,4.0,1.0,4.0
716701,672851,80.0,5.0,6.0,6.0,1.0
716680,608331,103.0,6.0,4.0,6.0,2.0
716682,666129,91.0,4.0,4.0,3.0,3.0
716683,641793,86.0,8.0,3.0,5.0,1.0
716684,646242,30.0,2.0,0.0,2.0,1.0
716685,665871,87.0,6.0,0.0,7.0,1.0
716686,607074,73.0,4.0,4.0,8.0,0.0
716665,656756,88.0,6.0,6.0,8.0,1.0
716666,572971,75.0,5.0,6.0,3.0,2.0
716667,656288,92.0,6.0,3.0,8.0,2.0
716668,690986,90.0,6.0,5.0,5.0,2.0
716669,686613,85.0,5.0,5.0,6.0,2.0
716670,622663,70.0,5.0,5.0,4.0,1.0
716671,671737,93.0,7.0,5.0,6.0,2.0
716672,656557,79.0,6.0,5.0,8.0,2.0
716673,579328,88.0,5.0,8.0,3.0,1.0
716674,693821,95.0,7.0,9.0,4.0,1.0
716675,681857,104.0,7.0,5.0,2.0,1.0
716676,669022,89.0,4.0,4.0,6.0,2.0
716677,671096,75.0,4.0,3.0,4.0,3.0
716678,592791,77.0,6.0,9.0,1.0,1.0
716679,650911,82.0,5.0,4.0,4.0,1.0
716649,664299,82.0,4.0,5.0,4.0,3.0
716650,542881,97.0,8.0,4.0,4.0,1.0
716651,689266,75.0,5.0,2.0,7.0,3.0
716653,605400,84.0,5.0,6.0,7.0,0.0
716654,628317,83.0,6.0,2.0,5.0,1.0
716655,686730,77.0,4.0,1.0,5.0,3.0
716656,650644,81.0,5.0,3.0,4.0,3.0
716657,543135,47.0,3.0,3.0,3.0,2.0
716658,669373,95.0,5.0,9.0,2.0,1.0
716659,650633,79.0,5.0,9.0,4.0,1.0
716660,657006,95.0,7.0,6.0,6.0,0.0
716661,592332,105.0,8.0,10.0,2.0,1.0
716662,663623,88.0,6.0,4.0,3.0,2.0
716663,657277,93.0,6.0,4.0,3.0,1.0
716664,519242,80.0,4.0,5.0,6.0,2.0
716633,670046,86.0,5.0,4.0,6.0,0.0
716634,676775,80.0,6.0,9.0,5.0,0.0
716637,592351,60.0,3.0,3.0,4.0,2.0
716638,543294,82.0,6.0,4.0,7.0,1.0
716639,641154,106.0,8.0,14.0,2.0,0.0
716640,641585,97.0,6.0,5.0,4.0,5.0
716641,621244,100.0,7.0,7.0,5.0,2.0
716642,668881,109.0,6.0,9.0,1.0,4.0
716643,624133,87.0,7.0,10.0,2.0,3.0
716644,642216,86.0,7.0,8.0,6.0,0.0
716645,621107,83.0,5.0,6.0,7.0,2.0
716646,543037,106.0,7.0,9.0,3.0,0.0
716647,592866,101.0,5.0,4.0,8.0,3.0
716648,687830,73.0,6.0,5.0,4.0,0.0
716652,678394,92.0,5.0,4.0,7.0,0.0
716590,547179,96.0,6.0,3.0,5.0,2.0
716622,694813,65.0,6.0,2.0,9.0,1.0
716623,669302,93.0,7.0,5.0,6.0,1.0
716624,664285,96.0,7.0,10.0,4.0,1.0
716625,607536,82.0,6.0,2.0,8.0,0.0
716626,605540,106.0,9.0,7.0,6.0,1.0
716627,500779,90.0,5.0,4.0,5.0,2.0
716629,543243,89.0,4.0,5.0,6.0,1.0
716630,605135,101.0,6.0,3.0,9.0,3.0
716632,502171,79.0,5.0,2.0,3.0,1.0
716635,656578,63.0,4.0,1.0,4.0,2.0
716636,665152,88.0,5.0,2.0,7.0,4.0
717664,592836,103.0,6.0,5.0,6.0,3.0
716606,693433,83.0,6.0,8.0,4.0,0.0
716608,458681,111.0,7.0,3.0,5.0,2.0
716609,623167,84.0,6.0,5.0,9.0,2.0
716610,642547,95.0,7.0,9.0,2.0,0.0
716611,656302,102.0,6.0,8.0,4.0,1.0
716612,676710,93.0,5.0,7.0,3.0,3.0
716613,657746,102.0,5.0,7.0,5.0,2.0
716614,434378,94.0,7.0,7.0,8.0,0.0
716615,676130,91.0,5.0,7.0,2.0,3.0
716616,547943,82.0,6.0,5.0,5.0,1.0
716617,666214,69.0,3.0,1.0,6.0,3.0
716618,554430,96.0,5.0,4.0,7.0,3.0
716619,640455,80.0,6.0,5.0,2.0,2.0
716620,663559,67.0,6.0,4.0,4.0,1.0
716621,607644,75.0,5.0,1.0,5.0,0.0
716628,601713,90.0,6.0,10.0,4.0,1.0
716631,657053,46.0,2.0,1.0,6.0,2.0
716589,686752,90.0,6.0,5.0,6.0,0.0
716592,656730,9.0,1.0,1.0,1.0,0.0
716594,579328,89.0,5.0,3.0,5.0,2.0
716595,664192,99.0,8.0,2.0,5.0,3.0
716596,686613,78.0,5.0,7.0,0.0,2.0
716598,605182,82.0,6.0,7.0,6.0,0.0
716599,621389,80.0,5.0,4.0,9.0,1.0
716600,681882,24.0,1.0,3.0,2.0,0.0
716601,593958,94.0,6.0,5.0,4.0,5.0
716602,622491,104.0,6.0,8.0,3.0,3.0
716603,650911,96.0,8.0,10.0,8.0,1.0
716604,502043,104.0,7.0,4.0,3.0,3.0
716605,690986,82.0,4.0,3.0,7.0,1.0
716607,572971,78.0,5.0,3.0,6.0,3.0
716580,570632,90.0,7.0,8.0,7.0,0.0
716584,681857,94.0,6.0,7.0,2.0,4.0
716585,605288,82.0,5.0,5.0,5.0,0.0
716586,680694,100.0,7.0,5.0,7.0,0.0
716587,592332,109.0,5.0,5.0,6.0,6.0
716588,673540,103.0,6.0,10.0,2.0,2.0
716591,656605,92.0,8.0,7.0,2.0,1.0
716593,687798,15.0,1.0,1.0,0.0,1.0
716597,656557,105.0,6.0,7.0,4.0,3.0
716567,694297,73.0,6.0,6.0,4.0,1.0
716568,669923,81.0,6.0,7.0,5.0,2.0
716569,656794,79.0,3.0,2.0,5.0,3.0
716570,656288,109.0,6.0,7.0,8.0,1.0
716571,502624,101.0,7.0,7.0,0.0,5.0
716572,668868,89.0,5.0,4.0,5.0,2.0
716573,669947,94.0,4.0,5.0,7.0,3.0
716574,656849,95.0,6.0,10.0,6.0,2.0
716575,608337,100.0,7.0,12.0,2.0,1.0
716576,621244,90.0,7.0,8.0,5.0,0.0
716577,425844,48.0,2.0,1.0,3.0,1.0
716578,489119,92.0,6.0,3.0,5.0,2.0
716579,670912,96.0,5.0,7.0,4.0,5.0
716582,456501,70.0,4.0,2.0,7.0,0.0
716583,656427,79.0,5.0,6.0,6.0,1.0
716550,607536,41.0,3.0,1.0,4.0,1.0
716552,682243,86.0,6.0,4.0,4.0,1.0
716554,542881,107.0,5.0,7.0,4.0,5.0
716555,656731,97.0,6.0,2.0,9.0,2.0
716556,657053,74.0,5.0,8.0,3.0,1.0
716557,571945,93.0,6.0,2.0,8.0,0.0
716558,605200,81.0,5.0,5.0,5.0,2.0
716559,669203,100.0,6.0,9.0,5.0,3.0
716560,666142,100.0,7.0,7.0,6.0,2.0
716561,680570,95.0,8.0,7.0,5.0,0.0
716562,676440,84.0,6.0,4.0,5.0,0.0
716563,682847,88.0,5.0,2.0,6.0,6.0
716564,695243,33.0,1.0,2.0,2.0,3.0
716565,663773,64.0,5.0,2.0,4.0,1.0
716566,605135,110.0,7.0,5.0,4.0,3.0
716581,608718,36.0,2.0,1.0,2.0,2.0
716536,669194,75.0,4.0,3.0,4.0,3.0
716537,669302,86.0,5.0,6.0,7.0,1.0
716538,671212,58.0,3.0,4.0,1.0,2.0
716540,623167,94.0,6.0,5.0,5.0,0.0
716541,641712,66.0,5.0,3.0,5.0,3.0
716542,656302,106.0,6.0,5.0,4.0,3.0
716543,605540,106.0,6.0,6.0,3.0,0.0
716544,623474,12.0,1.0,2.0,0.0,0.0
716545,500779,94.0,7.0,2.0,8.0,1.0
716546,666200,97.0,6.0,8.0,4.0,2.0
716547,543475,95.0,6.0,6.0,6.0,1.0
716548,547943,83.0,5.0,2.0,6.0,2.0
716549,668909,97.0,6.0,7.0,4.0,1.0
716551,681882,20.0,2.0,0.0,0.0,1.0
716553,665152,86.0,6.0,5.0,2.0,2.0
716526,608379,91.0,5.0,6.0,5.0,0.0
716527,676664,89.0,6.0,6.0,6.0,4.0
716528,458681,93.0,5.0,6.0,6.0,2.0
716529,663903,77.0,6.0,4.0,8.0,2.0
716530,434378,89.0,6.0,5.0,8.0,1.0
716531,425794,93.0,7.0,3.0,4.0,2.0
716532,657140,78.0,5.0,5.0,5.0,4.0
716533,656756,95.0,7.0,8.0,5.0,0.0
716534,683175,93.0,7.0,7.0,3.0,1.0
716535,665795,77.0,6.0,4.0,4.0,1.0
716539,672851,87.0,6.0,5.0,9.0,2.0
716510,657571,17.0,1.0,3.0,1.0,0.0
716511,668678,93.0,5.0,6.0,6.0,3.0
716512,621112,93.0,5.0,4.0,4.0,1.0
716514,686613,85.0,6.0,5.0,6.0,2.0
716515,680723,62.0,4.0,3.0,6.0,2.0
716516,605483,104.0,7.0,10.0,0.0,4.0
716517,674444,39.0,2.0,2.0,1.0,4.0
716518,665871,84.0,5.0,8.0,5.0,1.0
716519,543135,82.0,5.0,3.0,4.0,3.0
716520,657376,91.0,5.0,1.0,4.0,2.0
716521,675911,91.0,7.0,11.0,4.0,0.0
716522,518585,29.0,2.0,4.0,0.0,1.0
716523,666129,91.0,6.0,7.0,5.0,0.0
716524,671737,82.0,5.0,6.0,3.0,1.0
716525,671131,78.0,7.0,2.0,6.0,1.0
716494,676272,98.0,6.0,7.0,3.0,1.0
716495,668868,92.0,5.0,4.0,5.0,1.0
716497,657006,76.0,4.0,6.0,8.0,0.0
716499,518876,104.0,7.0,5.0,3.0,3.0
716500,607625,99.0,6.0,7.0,7.0,2.0
716501,650644,74.0,3.0,7.0,7.0,0.0
716502,650633,101.0,7.0,13.0,5.0,0.0
716503,691587,69.0,3.0,2.0,3.0,3.0
716504,683155,90.0,5.0,2.0,6.0,0.0
716505,425844,57.0,4.0,5.0,5.0,0.0
716506,668881,92.0,7.0,14.0,3.0,1.0
716507,592351,39.0,3.0,1.0,4.0,1.0
716508,664299,91.0,5.0,11.0,3.0,2.0
716509,693821,72.0,4.0,0.0,3.0,5.0
716513,680686,91.0,5.0,4.0,5.0,3.0
716484,686218,93.0,5.0,9.0,0.0,4.0
716488,665622,80.0,5.0,5.0,6.0,0.0
716489,683769,56.0,3.0,1.0,1.0,2.0
716490,624133,97.0,7.0,6.0,5.0,2.0
716491,571945,97.0,6.0,4.0,9.0,1.0
716492,543037,107.0,8.0,9.0,2.0,0.0
716493,543294,95.0,6.0,5.0,7.0,2.0
716496,663623,80.0,3.0,1.0,7.0,3.0
716498,621107,92.0,5.0,10.0,6.0,1.0
716472,686610,101.0,6.0,7.0,4.0,0.0
716473,664285,92.0,6.0,10.0,4.0,3.0
716474,657571,12.0,0.6699999999999999,0.0,0.0,1.0
716475,641154,90.0,6.0,7.0,5.0,1.0
716476,663362,96.0,6.0,9.0,3.0,2.0
716477,641540,76.0,6.0,2.0,4.0,2.0
716478,519242,90.0,5.0,7.0,3.0,1.0
716479,607192,101.0,6.0,7.0,3.0,4.0
716480,596133,78.0,6.0,3.0,4.0,0.0
716481,592836,105.0,6.0,4.0,5.0,1.0
716482,608638,13.0,1.0,0.0,0.0,2.0
716483,669456,81.0,5.0,5.0,6.0,1.0
716485,571578,68.0,5.0,1.0,5.0,1.0
716486,592791,101.0,6.0,7.0,4.0,4.0
716487,671096,84.0,5.0,7.0,4.0,2.0
716455,641585,91.0,5.0,5.0,7.0,1.0
716456,477132,76.0,5.0,5.0,2.0,2.0
716457,607259,62.0,4.0,3.0,2.0,3.0
716460,666200,86.0,6.0,4.0,2.0,3.0
716461,656756,102.0,7.0,6.0,5.0,2.0
716462,683175,99.0,6.0,9.0,5.0,3.0
716463,641793,99.0,6.0,6.0,5.0,1.0
716464,615698,93.0,4.0,4.0,5.0,4.0
716465,543243,93.0,6.0,8.0,4.0,0.0
716466,554430,99.0,7.0,6.0,8.0,1.0
716468,601713,92.0,7.0,7.0,3.0,1.0
716469,573186,64.0,3.0,2.0,5.0,1.0
716470,671212,94.0,6.0,5.0,5.0,1.0
716439,458681,99.0,6.0,6.0,5.0,3.0
716442,676664,97.0,5.0,7.0,6.0,2.0
716444,608379,104.0,7.0,6.0,6.0,1.0
716445,657746,91.0,6.0,10.0,7.0,0.0
716446,543135,86.0,6.0,6.0,6.0,2.0
716447,665795,84.0,6.0,5.0,5.0,2.0
716448,686613,65.0,3.0,4.0,6.0,1.0
716449,696136,88.0,6.0,3.0,4.0,1.0
716450,663474,52.0,2.0,0.0,1.0,6.0
716451,682227,74.0,5.0,3.0,4.0,1.0
716452,671737,92.0,7.0,4.0,7.0,2.0
716453,676710,93.0,6.0,7.0,4.0,3.0
716454,650911,96.0,7.0,10.0,3.0,1.0
716458,607074,93.0,7.0,4.0,5.0,1.0
716459,671131,86.0,5.0,4.0,3.0,2.0
716467,672851,88.0,5.0,5.0,5.0,4.0
716436,622491,92.0,6.0,8.0,8.0,1.0
716440,663776,65.0,4.0,2.0,2.0,5.0
716441,657277,110.0,9.0,7.0,9.0,0.0
716471,657376,79.0,4.0,3.0,3.0,3.0
716421,641927,86.0,5.0,8.0,2.0,0.0
716422,672282,100.0,7.0,7.0,4.0,4.0
716423,605288,80.0,5.0,5.0,3.0,2.0
716424,663372,57.0,3.0,0.0,6.0,1.0
716425,669923,84.0,6.0,4.0,5.0,0.0
716427,570632,74.0,5.0,2.0,4.0,3.0
716428,656557,72.0,3.0,2.0,10.0,0.0
716429,693821,77.0,4.0,2.0,7.0,4.0
716431,592332,105.0,7.0,5.0,3.0,2.0
716432,605400,90.0,7.0,8.0,4.0,0.0
716433,681857,92.0,6.0,7.0,5.0,2.0
716434,680694,104.0,8.0,4.0,3.0,2.0
716435,608337,98.0,4.0,5.0,4.0,5.0
716437,605154,23.0,2.0,2.0,1.0,0.0
716438,502624,91.0,5.0,4.0,5.0,2.0
716406,663562,86.0,5.0,4.0,7.0,2.0
716407,682243,68.0,4.0,4.0,6.0,1.0
716408,489119,89.0,5.0,2.0,6.0,1.0
716410,641154,77.0,5.0,6.0,5.0,1.0
716411,664192,91.0,7.0,3.0,7.0,2.0
716412,670241,90.0,6.0,5.0,4.0,2.0
716413,621244,89.0,6.0,10.0,5.0,2.0
716414,669373,52.0,4.0,8.0,2.0,0.0
716415,624133,90.0,5.0,4.0,9.0,2.0
716416,680570,87.0,6.0,5.0,6.0,0.0
716417,672715,54.0,3.0,3.0,3.0,2.0
716418,669456,82.0,6.0,7.0,5.0,0.0
716419,678394,100.0,6.0,3.0,9.0,2.0
716420,656288,111.0,6.0,5.0,5.0,2.0
716426,640455,100.0,7.0,8.0,7.0,0.0
716430,673540,96.0,5.0,8.0,3.0,3.0
716396,669203,66.0,4.0,4.0,5.0,1.0
716397,669302,97.0,6.0,5.0,3.0,0.0
716399,700363,64.0,4.0,2.0,0.0,1.0
716400,543243,55.0,4.0,4.0,3.0,1.0
716401,687830,92.0,5.0,6.0,4.0,2.0
716402,665152,88.0,6.0,8.0,2.0,1.0
716403,605135,106.0,8.0,12.0,5.0,0.0
716404,656849,113.0,7.0,8.0,4.0,4.0
716405,623167,96.0,6.0,3.0,6.0,2.0
716409,554430,67.0,4.0,5.0,4.0,1.0
716443,657053,85.0,4.0,4.0,3.0,3.0
716379,693433,82.0,4.0,5.0,2.0,3.0
716382,676775,75.0,6.0,5.0,6.0,0.0
716384,668678,104.0,7.0,7.0,7.0,1.0
716385,607067,67.0,5.0,6.0,2.0,0.0
716386,681217,61.0,4.0,3.0,2.0,2.0
716387,621389,88.0,5.0,4.0,7.0,2.0
716388,663765,50.0,2.0,0.0,6.0,1.0
716389,543475,88.0,6.0,4.0,4.0,1.0
716390,607644,82.0,7.0,4.0,3.0,0.0
716391,656302,104.0,5.0,7.0,4.0,1.0
716392,579328,76.0,6.0,4.0,5.0,2.0
716394,642216,83.0,6.0,2.0,6.0,2.0
716395,666214,62.0,3.0,2.0,8.0,3.0
716398,674370,36.0,2.0,2.0,2.0,1.0
716366,622491,86.0,3.0,4.0,5.0,5.0
716368,571863,13.0,1.0,2.0,1.0,0.0
716369,675911,94.0,5.0,7.0,6.0,3.0
716370,518876,93.0,7.0,5.0,5.0,2.0
716371,681806,28.0,2.0,2.0,1.0,1.0
716372,680723,90.0,5.0,7.0,7.0,3.0
716373,641778,81.0,4.0,2.0,9.0,4.0
716374,605182,49.0,2.0,2.0,7.0,2.0
716375,674444,15.0,1.0,1.0,1.0,0.0
716376,656731,101.0,8.0,7.0,4.0,2.0
716377,502043,80.0,5.0,4.0,7.0,1.0
716378,682990,98.0,6.0,3.0,10.0,1.0
716380,676684,16.0,1.0,0.0,1.0,0.0
716381,663941,70.0,5.0,3.0,6.0,1.0
716383,547943,52.0,3.0,1.0,7.0,0.0
716393,500779,96.0,4.0,5.0,7.0,0.0
716352,425844,70.0,6.0,2.0,4.0,2.0
716353,571945,90.0,7.0,10.0,7.0,0.0
716354,689266,89.0,6.0,1.0,9.0,1.0
716355,676130,99.0,6.0,4.0,5.0,2.0
716356,570632,99.0,6.0,3.0,4.0,3.0
716357,641149,89.0,4.0,3.0,10.0,3.0
716358,669459,12.0,0.6699999999999999,1.0,2.0,1.0
716359,608718,10.0,1.0,1.0,0.0,0.0
716360,669923,75.0,6.0,7.0,3.0,0.0
716361,593958,94.0,7.0,5.0,4.0,1.0
716362,656578,49.0,4.0,2.0,1.0,1.0
716363,690986,94.0,5.0,4.0,0.0,2.0
716364,605288,72.0,5.0,5.0,3.0,2.0
716365,608334,75.0,5.0,3.0,2.0,3.0
716367,680694,32.0,2.0,5.0,0.0,1.0
