,game_pk,away_team,away_sp,np,ip,er,k,bb,h
0,718767,CLE,669456,87,6.0,0.0,3,0,6
1,718782,BAL,502043,79,5.0,4.0,3,1,6
2,718780,ATL,608331,43,3.33,1.0,2,0,4
3,718779,PHI,605400,72,3.67,5.0,4,2,4
4,718778,COL,608566,87,6.0,2.0,5,0,5
5,718777,MIL,669203,87,5.0,4.0,3,3,4
6,718776,DET,593958,88,5.33,3.0,5,2,3
7,718781,SF,657277,92,6.0,4.0,12,2,4
8,718774,NYM,453286,91,6.0,3.0,6,2,4
9,718773,PIT,656605,100,4.67,4.0,8,4,5
10,718772,TOR,666201,85,3.33,5.0,3,2,9
11,718770,AZ,668678,89,4.67,5.0,7,3,6
12,718769,LAA,660271,93,6.0,0.0,10,3,2
13,718768,CWS,656302,86,6.33,1.0,10,0,2
14,718775,MIN,641154,85,5.33,0.0,8,3,2
15,718771,NYM,656849,84,5.0,1.0,5,1,8
16,718766,COL,607536,74,6.0,0.0,1,1,3
17,718765,AZ,518876,74,3.67,0.0,4,4,3
18,718763,CLE,683769,70,3.67,4.0,4,1,5
19,718764,CWS,458681,96,5.67,2.0,6,4,3
20,718757,LAA,663776,86,5.0,1.0,2,2,2
21,718762,SF,502171,76,3.67,1.0,6,1,4
22,718761,BAL,665152,56,3.0,5.0,3,1,6
23,718760,CWS,608337,97,5.0,2.0,6,1,5
24,718759,TOR,592332,90,6.0,0.0,7,1,8
25,718758,MIL,605540,97,6.0,1.0,8,1,3
26,718756,PIT,448179,84,5.0,3.0,7,2,3
27,718746,CLE,650644,80,7.0,0.0,3,1,2
28,718754,DET,605513,63,2.33,7.0,3,3,8
29,718753,ATL,675911,96,6.0,0.0,9,3,3
30,718752,PHI,554430,94,4.33,4.0,7,1,7
31,718751,MIN,543243,83,5.0,0.0,1,4,3
32,718750,COL,570632,71,2.33,4.0,0,4,5
33,718749,AZ,518516,85,4.0,5.0,2,4,4
34,718755,NYM,656731,93,5.0,2.0,7,2,6
35,718742,DET,666214,72,5.33,3.0,3,1,4
36,718748,BAL,608344,88,4.0,6.0,4,2,8
37,718747,SF,548389,95,5.0,4.0,3,2,6
38,718745,MIN,657746,80,6.0,1.0,6,2,3
39,718744,PIT,592826,86,4.67,3.0,3,1,5
40,718743,ATL,694363,79,4.67,4.0,1,5,6
41,718741,NYM,673540,88,5.33,1.0,8,3,3
42,718733,COL,596295,79,6.0,3.0,4,1,4
43,718739,PHI,663559,72,5.33,2.0,3,0,7
44,718738,MIL,641778,89,5.33,2.0,6,2,5
45,718737,TOR,605135,57,3.33,9.0,0,0,10
46,718736,AZ,605200,83,5.0,1.0,4,2,4
47,718735,CLE,615698,89,4.67,4.0,3,2,8
48,718734,LAA,542881,93,6.0,0.0,4,2,4
49,718740,CWS,605182,98,5.0,0.0,8,3,3
50,718732,TB,656876,66,6.0,0.0,7,0,2
51,718731,NYM,471911,96,4.0,5.0,4,4,4
52,718730,SF,543101,73,6.0,0.0,4,0,3
53,718729,MIN,641816,83,5.0,1.0,7,1,5
54,718728,CHC,592767,93,4.67,6.0,3,2,9
55,718727,ATL,450203,81,5.33,3.0,1,2,9
56,718726,BAL,680694,28,1.67,0.0,2,1,1
57,718724,PIT,670912,94,4.67,4.0,4,4,6
58,718723,DET,571510,76,4.33,2.0,3,3,2
59,718722,AZ,669194,97,5.0,3.0,3,3,6
60,718721,CLE,668676,53,1.0,6.0,1,1,7
61,718720,LAA,672282,89,4.67,2.0,7,3,4
62,718719,TOR,621244,89,5.67,8.0,7,2,9
63,718718,COL,663372,92,4.67,5.0,7,5,4
64,718725,PHI,592836,87,4.33,4.0,5,3,4
65,718713,PIT,672710,78,5.67,1.0,2,1,3
66,718717,AZ,668678,86,6.0,4.0,3,1,7
67,718716,CHC,669713,87,4.67,3.0,4,2,6
68,718715,TB,676596,71,3.0,5.0,2,1,10
69,718714,MIN,628317,79,5.0,1.0,9,0,3
70,718711,ATL,689266,73,5.0,1.0,3,0,6
71,718712,NYM,453286,95,5.33,5.0,2,2,8
72,718709,BAL,502043,88,7.0,2.0,5,0,6
73,718710,PHI,621381,61,4.0,0.0,3,1,1
74,718708,TOR,579328,69,5.0,1.0,2,1,3
75,718707,CLE,669456,89,6.0,3.0,7,1,3
76,718706,LAA,660761,77,4.33,6.0,4,0,8
77,718705,DET,666159,89,5.67,2.0,4,2,6
78,718703,COL,608566,95,5.33,4.0,4,2,5
79,718704,TB,663556,94,6.0,2.0,6,4,5
80,718702,PIT,656605,107,7.0,1.0,7,2,4
81,718701,MIN,641154,88,7.0,1.0,8,1,3
82,718698,NYM,656849,92,4.0,5.0,5,5,5
83,718697,ATL,693821,79,6.0,0.0,6,3,2
84,718699,PHI,605400,87,6.0,3.0,5,1,7
85,718695,SF,657277,81,5.0,4.0,4,0,9
86,718694,BAL,680570,83,5.0,2.0,5,1,4
87,718692,TOR,666201,98,7.0,0.0,5,4,1
88,718691,LAA,660271,111,6.0,1.0,8,4,3
89,718689,CLE,683769,77,6.0,0.0,4,2,1
90,718696,DET,593958,95,4.67,4.0,1,2,6
91,718690,BOS,519242,74,5.0,3.0,7,3,4
92,718687,SF,622072,71,3.0,1.0,3,2,6
93,718686,TOR,592332,86,6.0,0.0,7,2,4
94,718683,LAD,669160,83,6.0,1.0,5,2,2
95,718681,SD,605483,88,3.67,4.0,2,4,6
96,718682,WSH,680686,102,6.0,1.0,6,1,8
97,718679,CWS,608337,77,4.0,7.0,3,0,12
98,718693,MIA,665795,85,2.67,2.0,4,7,0
99,718685,CIN,668881,93,4.67,2.0,5,3,5
100,718684,HOU,664353,95,5.33,1.0,6,1,7
101,718680,KC,641745,94,5.67,1.0,3,3,3
102,718678,OAK,686610,71,3.0,8.0,3,3,8
103,718688,NYY,657376,84,3.33,4.0,3,3,5
104,718676,SD,607259,101,4.67,4.0,4,5,4
105,718675,TEX,543135,89,5.67,2.0,6,1,5
106,718674,STL,656427,94,5.0,2.0,3,6,4
107,718673,WSH,669022,98,6.0,2.0,6,2,5
108,718671,LAD,477132,91,6.0,4.0,4,2,7
109,718670,TOR,605135,109,6.0,2.0,5,5,3
110,718677,SEA,669302,81,4.0,3.0,6,2,6
111,718669,TEX,527048,90,5.0,2.0,5,0,5
112,718668,CIN,666157,106,7.0,0.0,12,2,3
113,718667,BOS,656557,74,5.0,2.0,4,2,3
114,718666,HOU,677651,86,4.0,4.0,4,3,6
115,718665,OAK,660261,79,4.33,5.0,1,4,3
116,718664,NYY,666745,92,5.0,1.0,2,2,3
117,718663,SEA,594835,93,5.67,1.0,5,3,6
118,718672,KC,663903,79,6.0,5.0,4,0,8
119,718661,MIA,669432,92,4.67,3.0,5,2,4
120,718660,STL,656756,100,7.0,0.0,9,2,3
121,718659,SD,608379,95,6.0,0.0,10,1,2
122,718658,WSH,592866,88,5.33,2.0,4,0,5
123,718657,TOR,621244,71,4.0,4.0,5,1,6
124,718656,LAD,592789,72,4.0,6.0,2,0,8
125,718662,CWS,605182,88,5.33,4.0,1,2,8
126,718655,OAK,621076,106,4.67,7.0,6,3,7
127,718654,BOS,676710,65,5.0,1.0,6,0,5
128,718653,CWS,656629,102,6.0,1.0,5,3,2
129,718652,CIN,656818,65,4.0,4.0,4,3,6
130,718651,NYY,641482,91,5.33,2.0,5,2,4
131,718650,STL,663765,87,4.67,3.0,5,1,6
132,718649,HOU,686613,97,7.0,0.0,7,2,2
133,718647,MIA,666129,85,4.67,2.0,7,1,9
134,718646,SEA,669923,96,6.0,1.0,4,0,5
135,718645,WSH,641771,89,5.0,5.0,3,4,6
136,718644,TOR,579328,99,4.33,6.0,6,1,9
137,718643,KC,663460,76,6.0,0.0,9,0,2
138,718642,TEX,592351,100,5.67,2.0,4,3,6
139,718639,LAD,675627,66,3.33,9.0,4,1,12
140,718648,SD,607625,109,6.0,1.0,5,4,5
141,718635,OAK,676664,90,5.0,3.0,4,1,3
142,718641,LAD,628711,96,6.0,1.0,8,2,4
143,718638,BOS,601713,83,5.0,0.0,6,2,3
144,718637,NYY,593334,87,3.0,1.0,0,5,2
145,718636,CIN,668933,97,6.0,2.0,7,3,6
146,718634,SD,506433,104,6.33,5.0,5,1,6
147,718640,CWS,656302,98,5.0,1.0,6,2,3
148,718632,HOU,664285,107,7.0,2.0,5,5,3
149,718627,MIL,489119,90,5.0,3.0,3,3,5
150,718628,SEA,622491,93,6.0,2.0,5,2,6
151,718633,MIA,645261,77,4.0,9.0,4,1,10
152,718630,KC,425844,89,5.0,3.0,3,1,6
153,718629,STL,571927,92,5.67,6.0,4,2,9
154,718631,WSH,571578,86,5.0,4.0,3,3,7
155,718625,BOS,676477,85,5.0,5.0,5,0,8
156,718623,HOU,664299,96,6.0,4.0,3,1,5
157,718622,DET,666159,85,6.0,4.0,3,1,6
158,718621,SD,677960,89,5.0,1.0,3,2,3
159,718620,CIN,570666,71,3.67,5.0,1,2,7
160,718619,MIA,666200,98,6.0,3.0,5,1,8
161,718626,NYY,543037,97,7.0,2.0,3,2,5
162,718617,SEA,623167,74,2.33,8.0,1,2,10
163,718618,OAK,666205,87,4.0,6.0,3,3,7
164,718611,MIL,669203,89,8.0,0.0,8,0,3
165,718613,STL,571945,89,5.0,6.0,3,2,10
166,718624,LAD,669160,77,5.33,2.0,3,4,2
167,718615,KC,543475,92,6.33,4.0,4,2,8
168,718616,CWS,458681,98,6.0,3.0,10,0,7
169,718614,WSH,680686,103,5.67,2.0,3,2,4
170,718604,NYY,657376,72,4.0,3.0,3,1,6
171,718612,LAD,477132,100,6.0,2.0,4,2,5
172,718610,SD,605483,100,5.0,3.0,5,5,6
173,718609,MIA,665795,82,5.0,2.0,4,1,7
174,718608,HOU,664353,93,6.0,0.0,2,3,2
175,718607,STL,656427,85,5.33,1.0,6,1,5
176,718606,SEA,669302,94,6.67,1.0,7,1,4
177,718605,CWS,608337,108,6.0,1.0,7,2,5
178,718601,CIN,668881,101,6.0,3.0,10,0,7
179,718602,WSH,669022,88,3.67,2.0,6,4,4
180,718600,BOS,519242,81,4.0,5.0,6,2,7
181,718599,OAK,686610,107,6.33,3.0,4,3,5
182,718598,MIL,676083,79,4.67,4.0,2,2,7
183,718595,KC,641745,105,6.67,1.0,7,1,3
184,718603,DET,593958,96,6.0,1.0,3,1,7
185,718597,PHI,663559,94,4.67,5.0,4,1,8
186,718596,OAK,670124,81,2.33,7.0,2,1,8
187,718594,BOS,446372,76,4.67,4.0,7,1,4
188,718593,DET,605513,88,5.0,1.0,6,1,6
189,718590,MIN,657746,92,7.0,1.0,10,0,3
190,718589,MIL,607067,83,5.67,1.0,6,1,2
191,718591,PIT,592826,95,6.0,0.0,6,2,3
192,718592,CLE,615698,104,6.0,3.0,3,2,6
193,718588,MIN,686973,83,6.0,3.0,8,1,6
194,718587,TB,656876,93,4.33,5.0,4,4,8
195,718586,PHI,592836,98,6.0,1.0,4,2,4
196,718585,SF,640455,82,3.33,2.0,4,1,4
197,718583,BAL,669330,85,5.33,3.0,3,1,5
198,718582,PIT,670912,93,7.0,1.0,10,1,6
199,718584,AZ,518516,82,5.0,5.0,1,1,9
200,718580,LAA,663776,90,3.67,0.0,6,3,3
201,718579,ATL,450203,89,6.0,2.0,5,2,6
202,718578,NYM,673540,96,4.67,4.0,7,4,7
203,718577,COL,596295,86,3.67,5.0,2,4,6
204,718575,CHC,657006,101,7.0,2.0,8,1,3
205,718574,MIL,641778,94,6.0,1.0,5,2,5
206,718581,TEX,527048,90,5.0,2.0,4,4,5
207,718569,TB,676534,42,2.67,1.0,2,1,2
208,718573,CLE,668676,79,5.0,2.0,1,0,7
209,718576,LAA,542881,81,4.0,6.0,2,4,8
210,718572,MIN,641816,90,4.33,2.0,5,3,4
211,718571,SF,543101,105,6.67,2.0,5,0,6
212,718570,BAL,502043,96,5.33,4.0,1,2,7
213,718568,PIT,672710,87,6.0,2.0,6,3,6
214,718561,COL,663372,75,3.67,5.0,5,3,5
215,718566,PHI,621381,67,2.67,3.0,6,3,2
216,718565,NYM,471911,88,5.0,2.0,3,1,4
217,718564,CHC,592791,85,5.0,0.0,7,2,2
218,718563,ATL,693821,93,5.33,3.0,4,2,8
219,718562,TEX,592351,29,2.0,1.0,2,1,1
220,718560,MIL,642547,98,5.0,5.0,5,1,9
221,718567,AZ,669194,90,6.0,1.0,4,0,5
222,718559,LAA,672282,97,6.33,2.0,7,1,6
223,718557,MIN,641154,103,6.0,2.0,7,1,7
224,718556,TB,663556,98,6.0,1.0,6,2,4
225,718555,CLE,669456,87,6.0,3.0,4,1,9
226,718554,PHI,605400,98,6.0,2.0,4,3,5
227,718553,BAL,680570,93,5.0,4.0,8,2,6
228,718552,TEX,571760,88,5.0,0.0,4,3,2
229,718550,AZ,668678,97,6.67,0.0,7,0,2
230,718549,MIL,489119,89,7.0,0.0,8,0,4
231,718548,PIT,656605,91,6.0,3.0,3,2,7
232,718547,CHC,592767,81,5.67,1.0,3,2,4
233,718546,NYM,676130,83,5.0,1.0,2,4,5
234,718545,COL,663562,95,5.0,0.0,5,3,3
235,718551,ATL,657140,95,5.67,2.0,6,3,4
236,718544,SF,657277,105,6.67,4.0,6,0,8
237,718542,TB,656222,41,3.0,1.0,1,2,1
238,718540,LAA,660271,31,2.0,1.0,3,1,0
239,718539,TEX,594798,58,4.0,0.0,5,1,0
240,718537,TOR,592332,93,4.67,7.0,5,2,7
241,718538,AZ,518876,85,6.0,1.0,3,0,5
242,718535,PIT,448179,105,6.0,1.0,7,2,6
243,718534,MIL,669203,85,5.33,2.0,3,2,3
244,718533,ATL,608331,79,5.0,0.0,4,0,4
245,718532,NYM,656849,94,6.0,6.0,6,0,7
246,718536,CHC,669713,90,7.0,1.0,7,0,5
247,718527,AZ,686753,71,3.67,2.0,3,4,3
248,718543,PHI,663559,98,7.0,3.0,3,3,3
249,718541,CLE,685410,87,6.0,1.0,5,3,3
250,718531,BAL,665152,95,6.67,0.0,6,0,4
251,718530,CLE,683769,82,5.0,3.0,1,1,8
252,718529,LAA,660761,78,3.33,2.0,1,6,3
253,718528,SF,622072,33,2.33,1.0,3,1,1
254,718526,TB,671737,84,5.33,0.0,9,1,3
255,718520,TOR,605135,97,6.33,0.0,5,1,3
256,718524,MIN,543243,98,5.0,1.0,7,2,7
257,718523,CHC,573186,100,6.0,0.0,5,2,2
258,718522,TEX,543135,95,6.0,2.0,5,1,7
259,718521,PIT,592826,95,6.0,3.0,7,3,5
260,718519,ATL,675911,98,6.0,0.0,9,3,1
261,718517,MIL,607067,73,5.0,4.0,2,2,5
262,718516,NYM,656731,96,5.0,3.0,4,4,7
263,718525,PHI,554430,94,5.0,4.0,5,0,8
264,718511,SF,502171,92,5.0,1.0,8,1,7
265,718515,TB,656876,78,5.0,0.0,7,3,3
266,718514,TEX,527048,85,5.67,3.0,3,0,8
267,718513,CLE,615698,83,6.0,0.0,4,1,4
268,718512,AZ,518516,80,3.0,7.0,2,4,7
269,718518,BAL,680694,92,6.0,0.0,6,1,5
270,718510,PHI,592836,95,6.33,2.0,3,2,5
271,718506,CHC,657006,89,6.0,1.0,5,2,4
272,718508,NYM,453286,47,3.0,0.0,3,2,1
273,718507,ATL,450203,85,6.0,1.0,5,3,5
274,718505,MIN,657746,100,6.0,3.0,3,1,6
275,718504,LAA,656288,100,5.33,2.0,4,3,4
276,718502,MIL,641778,93,7.67,2.0,4,1,4
277,718501,TOR,621244,77,7.0,2.0,3,1,3
278,718509,PIT,670912,84,6.0,1.0,6,3,3
279,718503,NYM,673540,85,5.0,4.0,4,4,5
280,718500,CIN,596133,93,6.0,4.0,8,2,4
281,718499,LAD,675627,67,3.0,2.0,0,2,5
282,718498,COL,663372,84,5.67,0.0,6,3,3
283,718497,MIN,628317,28,2.0,1.0,0,1,1
284,718496,LAA,663776,93,4.0,5.0,5,6,4
285,718494,SD,608379,81,4.0,5.0,3,1,10
286,718493,COL,663562,92,4.67,1.0,5,0,6
287,718492,CIN,668933,89,5.0,2.0,4,3,3
288,718491,LAD,628711,86,3.33,5.0,4,2,7
289,718495,DET,547179,68,5.0,0.0,4,1,3
290,718490,OAK,676664,101,6.0,4.0,11,2,5
291,718489,HOU,686613,93,4.67,4.0,7,2,7
292,718487,TOR,579328,90,6.0,1.0,3,2,4
293,718483,BOS,601713,100,5.67,3.0,7,1,7
294,718485,KC,664199,22,2.0,0.0,1,0,0
295,718484,SD,607625,100,6.0,2.0,6,1,6
296,718482,WSH,592866,93,6.0,2.0,4,1,4
297,718481,STL,571927,94,5.33,4.0,7,2,4
298,718480,NYM,664192,97,7.0,0.0,9,2,4
299,718486,CWS,656629,104,5.0,5.0,9,4,6
300,718474,CIN,570666,62,4.67,2.0,4,0,6
301,718488,MIA,666129,82,5.67,1.0,3,1,5
302,718479,LAD,669160,96,5.33,2.0,6,3,2
303,718478,NYM,656849,98,5.0,7.0,8,1,7
304,718477,CWS,656302,101,4.0,3.0,5,1,6
305,718476,TOR,666201,85,7.0,0.0,5,1,2
306,718475,COL,607536,89,6.0,4.0,6,1,5
307,718473,MIA,656970,65,4.0,1.0,3,1,3
308,718464,STL,571945,93,5.33,3.0,4,2,5
309,718471,HOU,664285,90,7.0,3.0,9,0,8
310,718466,KC,425844,71,5.0,4.0,2,0,7
311,718467,SD,605397,80,5.0,3.0,6,0,7
312,718472,DET,666214,72,4.0,5.0,4,2,6
313,718469,OAK,660261,72,2.33,8.0,2,3,7
314,718470,BOS,676477,81,4.0,5.0,1,1,8
315,718468,WSH,641771,96,3.67,1.0,5,4,3
316,718463,CIN,668881,96,6.0,1.0,6,2,4
317,718462,HOU,664299,98,6.0,1.0,10,2,3
318,718461,BOS,678394,82,4.67,3.0,3,2,5
319,718460,MIA,666200,96,4.33,4.0,6,1,8
320,718459,DET,593958,95,7.0,0.0,6,0,1
321,718458,COL,570632,74,3.67,4.0,0,4,3
322,718457,CWS,608337,102,7.0,4.0,5,2,5
323,718465,TOR,592332,103,7.0,0.0,11,0,3
324,718455,NYM,656731,81,4.0,4.0,2,1,6
325,718454,WSH,571578,96,6.0,3.0,6,2,7
326,718453,OAK,666205,93,5.0,4.0,3,4,7
327,718452,KC,543475,89,6.0,4.0,5,1,4
328,718451,LAD,477132,90,6.0,1.0,6,1,3
329,718450,STL,656427,104,6.0,3.0,9,2,5
330,718456,SD,506433,102,5.67,1.0,5,5,2
331,718449,HOU,664353,73,2.67,6.0,3,2,7
332,718448,COL,596295,83,5.0,0.0,3,3,3
333,718447,BOS,519242,83,5.0,5.0,0,1,9
334,718446,STL,656756,107,6.0,0.0,6,1,5
335,718445,TEX,543135,89,6.0,3.0,7,1,6
336,718444,CWS,458681,101,5.0,4.0,4,3,5
337,718442,NYY,666745,80,2.67,3.0,1,3,3
338,718441,DET,571510,87,5.0,2.0,8,1,5
339,718438,KC,641745,95,4.0,4.0,2,6,4
340,718437,OAK,686610,81,5.33,5.0,2,1,6
341,718443,MIA,665795,96,4.33,4.0,6,4,4
342,718433,CWS,605182,100,5.0,6.0,3,3,7
343,718440,COL,663372,82,6.0,0.0,6,0,5
344,718439,STL,663765,92,5.33,2.0,4,1,5
345,718436,HOU,677651,97,6.0,0.0,7,2,3
346,718435,BOS,446372,80,6.0,1.0,3,0,5
347,718434,TEX,527048,92,6.33,0.0,5,1,6
348,718432,LAD,592789,80,4.0,7.0,2,0,9
349,718426,SD,605483,105,5.0,2.0,5,5,4
350,718430,SEA,594835,75,5.0,1.0,2,1,4
351,718429,MIA,663773,64,3.67,4.0,2,2,6
352,718428,DET,605513,75,4.0,2.0,2,3,3
353,718427,NYY,641482,98,5.0,3.0,6,1,5
354,718425,OAK,695243,86,4.0,4.0,6,1,5
355,718422,KC,663903,92,6.0,1.0,5,0,5
356,718431,WSH,680686,91,6.0,0.0,9,1,4
357,718424,TEX,592351,95,6.0,3.0,2,2,4
358,718423,STL,571927,90,4.0,2.0,3,3,6
359,718421,COL,608566,58,3.67,3.0,4,1,6
360,718420,CWS,656629,90,5.0,4.0,4,2,6
361,718419,DET,547179,100,5.0,5.0,5,2,7
362,718418,KC,642232,77,4.0,1.0,2,1,4
363,718417,NYY,593334,84,6.0,6.0,8,2,5
364,718415,SEA,669302,86,5.0,4.0,6,1,7
365,718414,HOU,686613,95,7.0,0.0,8,2,2
366,718413,LAD,664062,65,3.33,0.0,1,3,2
367,718412,WSH,669022,101,6.0,1.0,10,2,4
368,718411,MIA,645261,88,5.67,2.0,6,3,4
369,718408,OAK,665622,93,5.0,7.0,6,3,8
370,718407,SD,608379,99,5.0,3.0,5,1,4
371,718416,BOS,656557,86,5.0,3.0,2,2,7
372,718404,SEA,669923,89,8.0,1.0,7,1,4
373,718410,MIA,666129,48,3.0,0.0,3,0,1
374,718406,SD,607625,98,5.0,4.0,3,0,7
375,718405,BAL,502043,102,4.33,3.0,3,2,8
376,718403,LAD,628711,96,5.67,6.0,5,2,7
377,718409,STL,571945,95,6.33,0.0,6,2,4
378,718400,KC,425844,88,3.67,7.0,3,2,8
379,718398,WSH,592866,95,5.0,4.0,4,2,9
380,718397,NYY,543037,92,6.67,2.0,8,1,6
381,718402,OAK,676664,87,4.33,6.0,4,2,6
382,718396,TB,663556,73,5.0,2.0,5,2,5
383,718395,CLE,669456,99,7.0,2.0,4,2,5
384,718394,ATL,608331,86,5.0,0.0,7,1,3
385,718393,TB,621107,74,5.0,2.0,5,2,6
386,718392,SEA,622491,95,5.0,2.0,4,2,6
387,718391,CHC,573186,92,6.33,2.0,3,2,6
388,718390,AZ,518876,94,6.0,1.0,5,1,6
389,718380,CIN,570666,71,5.0,3.0,2,1,8
390,718388,NYY,657376,97,5.0,5.0,8,1,10
391,718387,KC,543475,94,4.0,7.0,4,4,7
392,718386,LAA,542881,109,6.67,1.0,7,3,5
393,718382,STL,656427,110,4.67,4.0,7,2,7
394,718389,PHI,605400,107,8.0,1.0,6,0,3
395,718401,BAL,680570,91,5.0,0.0,9,1,2
396,718399,PIT,592826,92,6.0,0.0,5,0,5
397,718385,CLE,668676,57,3.33,5.0,1,1,8
398,718384,SF,640455,71,2.0,4.0,3,4,5
399,718383,PIT,448179,103,6.33,2.0,5,0,8
400,718381,BAL,665152,89,5.0,5.0,6,2,11
401,718379,SEA,668834,64,6.67,0.0,2,1,1
402,718378,KC,641745,92,5.33,1.0,4,5,6
403,718376,LAA,672282,91,4.33,4.0,6,3,4
404,718375,CHC,668873,88,3.33,7.0,4,2,10
405,718374,NYY,666745,59,5.0,2.0,5,1,4
406,718373,TB,676534,39,1.33,2.0,1,2,1
407,718372,PHI,554430,104,6.0,0.0,7,1,3
408,718369,STL,656756,93,6.67,1.0,7,2,5
409,718366,AZ,674072,75,5.33,4.0,3,1,7
410,718377,CIN,668881,112,5.0,0.0,10,3,5
411,718363,SEA,594835,67,3.0,5.0,2,1,8
412,718368,SF,502171,94,5.0,3.0,7,0,7
413,718367,PIT,670912,64,2.33,7.0,1,2,9
414,718370,CLE,671106,104,5.0,2.0,8,2,4
415,718364,CHC,657006,81,6.0,2.0,3,1,7
416,718362,KC,663903,66,2.67,8.0,5,3,5
417,718365,LAA,660761,77,5.0,0.0,6,3,2
418,718359,STL,663765,90,3.67,3.0,2,3,4
419,718360,BAL,680694,78,4.67,3.0,5,1,6
420,718354,PHI,663559,77,4.33,4.0,3,3,8
421,718355,TB,656876,97,5.0,3.0,3,0,9
422,718358,AZ,669194,75,4.0,6.0,2,1,9
423,718357,CIN,666157,70,5.0,3.0,7,0,5
424,718356,NYY,641482,100,4.67,7.0,7,4,5
425,718361,ATL,450203,92,5.33,4.0,6,3,6
426,718352,ATL,675911,107,5.0,4.0,8,3,5
427,718351,CLE,615698,97,7.33,2.0,2,1,6
428,718353,TOR,621244,93,5.33,5.0,4,2,11
429,718349,CHC,592767,84,7.0,1.0,2,0,6
430,718345,CIN,596133,79,4.33,4.0,3,2,9
431,718343,PHI,592836,82,3.33,8.0,6,3,8
432,718350,SF,548389,73,5.0,2.0,5,0,5
433,718347,PIT,672710,99,5.33,4.0,3,4,6
434,718346,ATL,693821,96,7.0,0.0,6,0,3
435,718344,CHC,669713,78,6.0,1.0,2,0,5
436,718342,AZ,668678,94,5.0,3.0,6,0,7
437,718341,TOR,579328,93,4.33,5.0,2,0,9
438,718340,MIN,657746,87,6.0,0.0,7,2,1
439,718339,CLE,676440,92,5.33,2.0,5,0,4
440,718337,SF,543101,109,8.0,0.0,3,0,3
441,718336,BAL,669330,92,6.0,4.0,4,3,3
442,718335,CIN,668933,95,6.0,1.0,3,1,6
443,718332,SEA,682243,81,6.0,1.0,10,0,2
444,718331,PHI,621381,73,3.33,4.0,5,1,6
445,718338,LAA,663776,98,5.0,1.0,4,3,3
446,718334,MIL,642547,94,6.0,2.0,10,3,7
447,718326,SF,657277,102,7.67,2.0,5,2,5
448,718348,NYM,664192,46,4.0,4.0,1,0,5
449,718333,CHC,573186,92,6.0,1.0,5,3,5
450,718330,CIN,570666,71,3.33,3.0,2,3,4
451,718329,NYM,453286,75,3.33,6.0,3,1,8
452,718328,PIT,656605,100,5.0,1.0,8,1,5
453,718327,PHI,605400,98,6.33,4.0,5,0,7
454,718325,AZ,694297,87,4.67,7.0,3,1,9
455,718323,TOR,666201,103,5.0,2.0,3,1,8
456,718322,MIN,686973,87,4.67,4.0,6,2,7
457,718321,ATL,657140,55,2.0,3.0,3,1,6
458,718320,LAA,660271,97,5.0,4.0,13,1,5
459,718319,SEA,669302,89,6.0,2.0,6,2,3
460,718315,MIL,641778,84,4.67,0.0,6,4,4
461,718314,BAL,502043,74,6.67,6.0,0,0,10
462,718324,CLE,669456,93,8.0,2.0,4,1,5
463,718318,NYM,434378,79,5.0,2.0,5,1,5
464,718317,CHC,592791,42,3.0,3.0,4,0,3
465,718316,TOR,592332,88,3.33,8.0,4,1,10
466,718313,MIL,489119,90,6.0,3.0,2,2,6
467,718312,BAL,680570,77,3.67,6.0,3,1,8
468,718311,LAA,656288,88,5.0,5.0,3,3,6
469,718310,MIN,641154,101,7.0,2.0,8,1,6
470,718309,PIT,592826,54,3.0,1.0,2,1,2
471,718308,ATL,689266,85,6.0,3.0,1,3,8
472,718304,SEA,669923,98,7.0,3.0,2,1,7
473,718307,TOR,605135,105,7.0,0.0,5,4,4
474,718306,MIN,641927,91,7.0,0.0,6,1,3
475,718305,CWS,458681,103,6.67,4.0,8,0,8
476,718303,MIA,665795,95,5.0,3.0,8,1,5
477,718302,COL,622608,69,5.0,1.0,3,1,3
478,718301,BOS,519242,98,6.0,3.0,10,1,7
479,718300,NYY,666745,65,4.0,4.0,2,1,6
480,718293,MIL,669203,94,6.0,2.0,5,3,4
481,718298,BAL,665152,93,6.0,1.0,3,2,6
482,718297,HOU,664299,94,7.0,3.0,8,2,3
483,718296,WSH,680686,92,5.0,3.0,6,2,7
484,718295,LAD,477132,94,4.67,4.0,7,5,8
485,718294,TEX,641540,72,5.0,0.0,3,1,2
486,718292,DET,571510,87,6.0,1.0,6,0,4
487,718299,OAK,666205,94,5.33,5.0,1,3,8
488,718286,TOR,621244,100,6.33,2.0,7,1,5
489,718291,NYY,593334,81,5.0,2.0,5,2,4
490,718290,COL,596295,86,6.0,2.0,3,2,5
491,718289,MIA,598264,24,1.0,0.0,2,0,2
492,718288,DET,605513,92,4.67,5.0,6,1,7
493,718287,MIL,607067,89,6.0,3.0,4,1,4
494,718285,MIN,543243,90,5.0,3.0,6,3,4
495,718274,HOU,641585,84,5.0,0.0,5,1,3
496,718283,BAL,680694,86,5.0,3.0,4,2,5
497,718282,WSH,669022,95,6.0,2.0,9,1,8
498,718281,CWS,605182,97,6.0,4.0,7,1,6
499,718280,OAK,686610,114,5.0,4.0,6,6,6
500,718279,LAD,669160,99,6.0,0.0,6,1,3
501,718275,TEX,543135,107,8.0,0.0,5,2,5
502,718284,BOS,446372,91,5.0,3.0,1,0,7
503,718278,TOR,579328,93,6.33,0.0,3,2,4
504,718277,BAL,669330,96,5.0,1.0,4,1,3
505,718276,COL,663372,83,3.33,4.0,3,6,4
506,718273,MIN,657746,100,6.0,2.0,4,0,8
507,718272,DET,656412,72,4.67,2.0,1,0,3
508,718271,NYY,543037,95,5.0,5.0,6,2,8
509,718270,BOS,656557,74,5.67,3.0,4,1,5
510,718268,OAK,695243,98,6.0,2.0,5,1,5
511,718267,MIL,605288,87,4.67,2.0,5,1,7
512,718266,LAD,628711,86,5.67,2.0,3,1,8
513,718265,HOU,656232,87,4.67,2.0,0,2,10
514,718264,TEX,527048,71,3.67,7.0,2,3,8
515,718263,WSH,592866,86,4.33,5.0,5,2,7
516,718262,CWS,656629,99,6.0,4.0,2,1,8
517,718269,MIA,645261,113,8.33,2.0,9,0,9
518,718257,LAD,664062,80,6.0,0.0,6,0,3
519,718260,WSH,663623,92,6.33,0.0,5,3,4
520,718259,TB,663556,102,6.0,0.0,7,4,4
521,718258,COL,607536,100,7.0,2.0,4,3,7
522,718256,STL,571945,96,4.33,1.0,7,3,4
523,718261,DET,666214,92,5.67,2.0,5,3,3
524,718254,HOU,686613,95,4.33,4.0,3,1,9
525,718249,MIA,666129,87,5.33,4.0,6,1,7
526,718255,OAK,676664,73,5.33,5.0,4,0,6
527,718253,CWS,656302,97,5.0,7.0,6,1,9
528,718251,TEX,592351,89,7.0,1.0,8,0,4
529,718248,DET,547179,98,7.0,1.0,3,0,5
530,718247,OAK,607968,95,5.0,5.0,2,3,6
531,718246,TB,621107,80,6.0,4.0,4,1,7
532,718245,BOS,601713,90,4.0,7.0,2,3,8
533,718244,TOR,666201,94,4.67,3.0,1,4,4
534,718243,NYM,656849,87,3.33,4.0,4,2,7
535,718252,COL,657756,77,5.0,1.0,3,3,3
536,718241,LAD,592789,20,1.0,0.0,0,1,1
537,718242,SD,608379,91,6.0,1.0,4,3,3
538,718236,MIA,666200,104,6.0,1.0,5,2,7
539,718237,HOU,664285,99,8.0,1.0,12,0,3
540,718250,WSH,571578,96,6.0,2.0,3,0,8
541,718239,TEX,571760,98,6.67,3.0,7,2,4
542,718240,STL,656427,93,5.0,3.0,3,5,7
543,718238,CWS,608337,93,6.0,2.0,9,2,5
544,718235,HOU,664299,93,6.0,2.0,11,1,3
545,718234,DET,593958,99,7.0,0.0,8,2,4
546,718233,TOR,592332,99,6.0,0.0,9,0,3
547,718232,OAK,666205,87,4.0,6.0,6,3,5
548,718231,COL,622608,51,2.67,3.0,1,1,4
549,718230,WSH,680686,93,7.0,2.0,3,4,5
550,718229,TEX,641540,71,6.0,2.0,5,1,6
551,718227,TB,656222,28,2.0,0.0,2,0,1
552,718226,MIA,665795,62,3.33,4.0,5,4,2
553,718224,SD,607625,84,6.0,2.0,5,1,5
554,718222,CWS,458681,98,5.0,7.0,4,2,9
555,718221,STL,656756,88,5.0,6.0,3,3,7
556,718220,BOS,678394,100,6.0,2.0,5,1,6
557,718228,LAD,477132,92,7.0,1.0,8,0,5
558,718225,NYM,434378,104,7.0,1.0,7,2,2
559,718223,NYM,673540,95,5.0,5.0,7,1,8
560,718219,TB,656876,76,7.0,0.0,7,0,2
561,718218,CWS,605182,92,6.0,3.0,2,2,3
562,718216,SD,506433,80,6.0,2.0,7,1,4
563,718215,SF,502171,104,7.33,0.0,3,2,7
564,718217,TEX,543135,113,8.67,0.0,12,1,3
565,718214,NYM,656731,93,5.0,1.0,4,4,4
566,718213,PIT,670912,86,5.0,1.0,3,5,4
567,718212,CIN,668933,99,5.67,3.0,3,2,6
568,718211,STL,425794,86,5.0,4.0,2,2,7
569,718210,TB,665001,33,2.0,1.0,2,0,1
570,718208,SEA,594835,89,6.0,2.0,2,1,5
571,718207,HOU,641585,94,6.67,1.0,3,1,3
572,718209,CHC,592767,75,6.0,0.0,4,1,5
573,718205,LAA,542881,96,6.0,3.0,1,3,6
574,718204,KC,657031,25,1.0,0.0,2,1,1
575,718202,PHI,592836,73,6.0,3.0,3,0,7
576,718201,SD,605483,101,6.0,2.0,4,4,4
577,718200,TEX,527048,88,5.0,4.0,3,2,8
578,718199,SF,605154,21,1.0,0.0,2,1,1
579,718206,ATL,675911,110,6.67,1.0,12,1,5
580,718194,SEA,682243,82,7.0,0.0,3,0,3
581,718198,CIN,571882,19,1.33,0.0,0,1,1
582,718203,NYM,664192,31,2.0,1.0,0,1,4
583,718197,TB,663556,91,4.0,4.0,3,4,5
584,718196,STL,571927,91,5.33,3.0,4,1,8
585,718195,CHC,669713,94,5.0,7.0,5,1,7
586,718193,PIT,672710,84,7.0,2.0,1,1,5
587,718184,SF,543101,77,5.0,3.0,2,1,5
588,718191,LAA,672282,83,5.0,2.0,3,2,6
589,718190,TEX,592351,95,8.0,0.0,5,2,3
590,718189,HOU,656232,80,5.0,1.0,4,0,8
591,718188,PHI,624133,72,4.0,3.0,4,1,7
592,718185,SD,605397,97,5.67,4.0,5,4,8
593,718183,KC,425844,71,5.0,2.0,5,0,3
594,718192,ATL,693821,95,5.0,2.0,3,1,5
595,718178,CIN,596133,106,5.33,1.0,6,1,7
596,718187,STL,571945,98,6.0,1.0,0,2,4
597,718186,NYM,453286,83,5.0,1.0,6,2,2
598,718182,LAA,663776,98,7.67,2.0,5,1,5
599,718181,ATL,543521,49,1.67,0.0,2,2,6
600,718180,TB,621107,102,6.0,4.0,9,1,7
601,718177,KC,543475,60,2.33,7.0,2,3,4
602,718179,PIT,656605,93,7.0,0.0,13,0,4
603,718175,CHC,573186,64,2.67,6.0,3,2,7
604,718176,HOU,686613,98,5.67,3.0,8,1,7
605,718174,PHI,605400,102,7.0,4.0,4,1,6
606,718173,SEA,669302,94,5.67,3.0,4,1,6
607,718172,TEX,571760,93,6.0,1.0,9,2,4
608,718169,SF,657277,98,7.0,1.0,3,3,3
609,718168,SD,677960,88,5.67,4.0,3,4,3
610,718171,LAA,660271,98,7.0,5.0,5,2,4
611,718170,PHI,641401,28,0.67,0.0,1,1,2
612,718167,NYM,656849,94,5.0,6.0,5,2,9
613,718166,MIL,642547,94,5.33,6.0,4,5,6
614,718165,ATL,450203,106,6.67,0.0,10,1,7
615,718164,NYY,622772,28,2.0,0.0,0,0,0
616,718163,SEA,669923,97,6.67,1.0,6,1,8
617,718162,KC,641745,94,3.67,2.0,2,8,3
618,718161,CIN,668881,96,4.0,6.0,8,1,9
619,718160,AZ,518876,97,7.0,1.0,9,1,4
620,718159,MIN,641154,92,4.67,5.0,4,0,5
621,718158,CHC,592791,68,4.67,4.0,1,1,7
622,718157,NYY,593334,37,3.0,0.0,2,0,0
623,718156,PHI,554430,101,6.0,4.0,8,1,9
624,718155,PIT,682847,81,3.0,3.0,3,4,7
625,718154,LAA,681217,80,3.33,4.0,5,1,6
626,718153,WSH,680686,104,7.0,1.0,5,3,7
627,718152,CHC,657006,82,6.0,5.0,8,1,5
628,718151,MIL,489119,22,1.67,1.0,0,1,1
629,718144,KC,663903,101,6.0,2.0,3,2,7
630,718149,SEA,622491,91,5.0,5.0,6,2,6
631,718148,ATL,694363,66,5.0,3.0,3,2,3
632,718147,CLE,669456,88,4.67,5.0,4,0,12
633,718146,AZ,674072,83,4.67,4.0,4,3,6
634,718145,CIN,682227,72,5.67,1.0,6,2,2
635,718141,MIN,641927,102,6.0,1.0,6,1,6
636,718150,TB,656222,26,2.0,0.0,2,0,1
637,718137,LAA,656288,95,5.33,3.0,4,2,9
638,718143,PHI,592836,40,0.67,4.0,1,2,4
639,718142,PIT,448179,84,6.0,0.0,7,2,1
640,718140,KC,672578,33,2.0,0.0,4,0,2
641,718139,AZ,669194,82,5.33,0.0,6,4,1
642,718138,CIN,668933,80,5.0,7.0,3,1,10
643,718136,MIN,543243,84,4.0,2.0,4,3,5
644,718132,WSH,669022,93,5.33,4.0,7,2,5
645,718134,NYY,543037,104,6.0,0.0,6,2,7
646,718133,SEA,594835,66,1.67,8.0,1,2,8
647,718135,TB,676596,67,5.0,0.0,2,2,3
648,718131,MIL,669203,89,6.0,3.0,7,1,8
649,718129,CLE,685410,75,4.33,5.0,2,1,9
650,718127,CHC,592767,84,6.0,1.0,8,0,4
651,718126,ATL,675911,88,5.0,4.0,7,3,6
652,718130,WSH,592866,94,6.0,3.0,5,1,5
653,718128,LAA,542881,88,5.0,3.0,2,2,6
654,718125,CLE,671106,102,5.67,1.0,5,1,7
655,718124,LAD,628711,68,3.0,6.0,1,2,6
656,718122,TB,671737,86,5.0,2.0,4,2,3
657,718121,NYY,641482,91,6.0,2.0,6,1,5
658,718120,NYY,657376,81,5.0,2.0,6,2,5
659,718119,CLE,615698,96,5.67,3.0,6,0,6
660,718118,AZ,668678,78,3.67,5.0,2,4,8
661,718117,MIL,605288,84,6.0,0.0,4,1,4
662,718123,DET,571510,91,5.67,3.0,4,1,4
663,718116,CHC,573186,88,6.0,1.0,4,2,3
664,718115,BAL,502043,95,7.0,1.0,5,2,5
665,718111,KC,425844,86,5.67,2.0,4,0,5
666,718113,LAD,664062,94,5.0,0.0,3,3,1
667,718112,OAK,686610,91,5.0,3.0,3,5,5
668,718110,SEA,682243,102,6.33,3.0,4,1,4
669,718107,BOS,572020,107,6.0,1.0,5,2,5
670,718106,MIN,657746,94,6.0,2.0,9,1,7
671,718105,MIA,645261,100,5.67,4.0,5,3,5
672,718114,COL,666154,85,4.33,4.0,4,2,7
673,718101,AZ,694297,85,5.33,3.0,3,2,6
674,718109,LAD,592789,80,5.0,3.0,4,1,4
675,718108,DET,656412,72,5.0,3.0,4,0,5
676,718104,KC,543475,91,5.0,4.0,5,3,4
677,718103,MIA,666129,76,6.33,0.0,8,1,1
678,718102,BAL,680570,91,5.0,2.0,6,1,5
679,718100,COL,607536,56,2.0,5.0,0,0,9
680,718094,SEA,669302,87,6.0,2.0,9,1,4
681,718097,CHC,592791,62,2.33,6.0,1,3,6
682,718096,MIN,686973,92,5.0,2.0,4,1,6
683,718095,NYY,666745,84,4.0,4.0,6,4,4
684,718098,OAK,676664,92,6.0,2.0,7,1,5
685,718093,MIL,641778,71,3.0,6.0,2,2,6
686,718092,BOS,519242,111,7.0,2.0,8,1,3
687,718099,CLE,676440,99,6.0,2.0,3,4,7
688,718091,AZ,518876,91,5.0,2.0,4,2,3
689,718090,SEA,669923,88,7.0,3.0,6,1,6
690,718089,DET,666214,62,2.0,6.0,1,0,10
691,718088,CHC,657006,94,6.0,0.0,6,1,4
692,718087,BAL,665152,105,5.33,1.0,7,2,9
693,718086,OAK,621076,82,5.0,1.0,5,4,3
694,718085,NYY,622663,75,4.67,1.0,5,1,4
695,718084,KC,672578,27,2.0,0.0,3,0,0
696,718083,LAD,477132,95,3.67,4.0,6,3,5
697,718082,CLE,669456,106,8.0,2.0,4,2,7
698,718081,MIL,642547,95,6.0,3.0,4,3,5
699,718080,MIN,641154,101,6.0,2.0,9,3,5
700,718079,BOS,446372,64,2.33,1.0,1,3,3
701,718078,MIA,666200,92,5.0,6.0,8,1,6
702,718076,COL,657756,90,3.67,5.0,5,2,5
703,718075,TEX,641540,97,5.67,1.0,3,3,6
704,718074,LAD,694813,79,4.0,5.0,1,5,5
705,718073,AZ,674072,93,5.67,2.0,5,2,4
706,718072,CWS,669424,20,1.0,0.0,0,1,1
707,718071,STL,656756,88,4.0,4.0,4,3,7
708,718077,TOR,605135,94,6.33,2.0,4,1,7
709,718069,MIA,665795,89,6.0,3.0,6,1,5
710,718068,HOU,664299,96,6.0,1.0,5,1,4
711,718067,SF,605154,13,1.0,0.0,2,0,0
712,718066,DET,547179,85,5.67,5.0,5,2,5
713,718062,OAK,666205,97,5.0,6.0,3,2,8
714,718070,BOS,656557,83,6.0,1.0,8,2,3
715,718065,TEX,543135,104,9.0,1.0,5,1,6
716,718063,CWS,656302,88,6.0,2.0,3,2,5
717,718061,TOR,621244,91,7.0,1.0,5,2,5
718,718060,AZ,669194,82,6.0,1.0,4,0,3
719,718059,STL,425794,77,5.67,5.0,2,1,8
720,718058,BAL,680694,90,5.0,4.0,3,3,7
721,718057,LAD,676272,95,5.0,1.0,5,1,4
722,718064,SD,506433,90,6.0,3.0,4,1,6
723,718055,NYM,656731,78,3.67,4.0,5,2,6
724,718054,SF,502171,95,7.0,3.0,8,1,6
725,718053,BOS,678394,98,7.0,2.0,6,0,6
726,718051,MIA,691587,82,4.33,3.0,3,3,4
727,718050,OAK,665622,88,5.33,3.0,4,2,5
728,718049,DET,593958,90,5.0,2.0,9,2,8
729,718056,HOU,641585,97,5.67,1.0,8,1,5
730,718052,SD,677960,93,6.0,4.0,4,2,7
731,718048,CWS,656629,92,7.0,0.0,9,1,2
732,718047,SF,543101,97,5.0,4.0,6,2,6
733,718046,HOU,656232,90,6.67,4.0,3,1,5
734,718045,TEX,527048,95,7.0,2.0,3,2,6
735,718044,TOR,579328,86,5.0,5.0,5,2,8
736,718043,AZ,668678,100,5.67,2.0,3,2,5
737,718040,BAL,669330,95,5.0,5.0,8,2,5
738,718041,STL,571927,90,4.0,6.0,2,2,11
739,718039,DET,571510,86,4.67,1.0,6,2,3
740,718038,NYM,673540,106,5.0,3.0,6,5,6
741,718037,OAK,643493,17,1.0,0.0,0,0,2
742,718036,MIA,645261,90,6.0,2.0,3,3,4
743,718034,BOS,572020,59,3.0,5.0,5,3,4
744,718042,LAD,664062,88,5.67,3.0,4,2,3
745,718031,CWS,608337,89,3.67,4.0,4,7,6
746,718033,MIA,666129,82,5.0,2.0,3,3,6
747,718032,TOR,666201,87,3.0,4.0,6,5,3
748,718030,STL,571945,95,7.0,0.0,5,0,5
749,718035,SD,605483,99,5.0,1.0,6,4,4
750,718028,SF,518397,8,1.0,0.0,1,0,0
751,718026,PHI,605400,98,6.0,5.0,7,2,8
752,718025,OAK,676664,59,5.0,1.0,1,0,3
753,718024,NYM,471911,100,6.67,1.0,4,2,5
754,718029,BAL,502043,96,7.0,0.0,3,4,2
755,718027,CIN,668881,110,6.0,0.0,11,2,0
756,718023,SD,605397,88,6.33,1.0,6,0,6
757,718022,STL,669461,91,5.0,4.0,2,2,5
758,718021,CWS,458681,104,6.0,1.0,5,5,3
759,718020,TEX,592351,92,7.0,1.0,8,1,4
760,718019,PHI,592836,85,6.67,3.0,1,1,10
761,718017,SF,622072,93,5.67,1.0,5,5,3
762,718018,LAD,592789,94,6.0,6.0,3,1,8
763,718015,MIA,666200,91,5.0,1.0,7,1,7
764,718014,WSH,571578,108,6.33,6.0,6,4,7
765,718013,TOR,592332,106,5.33,1.0,8,5,4
766,718012,PIT,656605,97,6.0,6.0,8,2,7
767,718010,BOS,519242,73,5.0,1.0,3,1,4
768,718009,HOU,686613,88,7.0,2.0,10,1,4
769,718016,NYM,453286,102,7.0,1.0,8,0,6
770,718004,PIT,592826,53,2.0,4.0,3,1,7
771,718011,NYM,434378,79,5.0,6.0,2,1,9
772,718008,TOR,605135,93,4.0,7.0,5,2,9
773,718007,CIN,682227,81,4.33,4.0,3,3,6
774,718006,SD,608379,92,7.0,2.0,4,0,5
775,718005,CWS,669947,68,4.67,2.0,3,2,4
776,718003,HOU,664285,95,6.0,1.0,5,3,4
777,717991,BOS,676477,92,5.0,1.0,4,0,3
778,718001,TEX,571760,95,7.0,1.0,3,1,4
779,718000,WSH,680686,91,4.0,2.0,4,3,4
780,717999,SF,657277,107,7.0,1.0,11,1,4
781,717998,MIA,665795,94,5.67,3.0,5,4,4
782,717997,PHI,554430,106,8.0,0.0,12,1,3
783,717996,STL,656427,101,7.0,1.0,4,1,7
784,718002,LAD,477132,83,5.0,4.0,6,2,6
785,717989,CWS,656302,102,4.0,4.0,8,4,4
786,717995,SD,506433,63,2.67,7.0,2,0,7
787,717994,LAD,694813,57,2.0,7.0,3,0,10
788,717993,STL,656756,91,5.0,2.0,3,1,7
789,717992,PHI,592229,30,0.67,5.0,0,0,6
790,717990,TEX,674003,78,5.0,2.0,5,1,5
791,717988,TOR,621244,94,5.67,0.0,5,5,4
792,717986,SF,502171,95,4.0,7.0,5,4,7
793,717985,WSH,669022,106,7.0,1.0,11,1,3
794,717984,MIA,691587,79,5.0,0.0,3,4,2
795,717983,PIT,682847,99,5.0,3.0,6,4,5
796,717982,NYM,656731,81,4.0,4.0,3,2,10
797,717981,BOS,656557,76,4.0,4.0,4,0,6
798,717980,HOU,664299,88,5.0,1.0,3,3,4
799,717987,CIN,668933,92,5.0,3.0,6,3,5
800,717979,TEX,543135,95,5.0,0.0,4,3,4
801,717978,PIT,448179,94,6.0,6.0,3,1,9
802,717977,COL,666154,76,4.0,7.0,1,2,9
803,717976,TB,671737,90,5.67,0.0,8,1,3
804,717975,KC,622251,14,1.0,0.0,2,0,0
805,717974,CLE,671106,103,7.0,0.0,10,2,3
806,717973,WSH,592866,90,5.0,0.0,3,3,6
807,717971,LAA,656288,87,6.0,3.0,9,0,6
808,717970,ATL,647336,83,6.0,4.0,3,2,5
809,717969,NYY,593334,83,6.33,4.0,4,3,7
810,717968,MIN,543243,79,6.0,3.0,3,3,5
811,717972,PIT,670912,92,4.33,1.0,5,5,3
812,717967,CLE,615698,85,4.33,8.0,3,2,8
813,717966,CIN,594902,87,5.67,0.0,6,2,4
814,717965,MIL,605288,95,4.33,6.0,3,3,11
815,717964,TEX,527048,87,4.67,6.0,3,4,7
816,717963,SD,677960,96,4.0,3.0,4,3,7
817,717962,PHI,624133,99,6.67,2.0,4,2,5
818,717955,COL,607536,94,5.67,5.0,1,3,6
819,717960,KC,425844,78,5.0,0.0,6,1,2
820,717959,LAA,542881,86,4.0,6.0,3,2,6
821,717958,ATL,693821,95,7.33,1.0,5,3,5
822,717957,WSH,663623,94,5.0,4.0,3,1,8
823,717956,MIN,657746,88,4.0,5.0,6,3,4
824,717952,NYY,641482,101,5.0,2.0,6,3,5
825,717961,TB,663556,98,5.67,2.0,7,2,6
826,717949,ATL,694363,68,5.33,2.0,1,4,3
827,717950,TB,621107,90,6.0,3.0,5,1,4
828,717948,CIN,596133,97,5.67,3.0,5,0,7
829,717951,TEX,641540,98,5.0,3.0,6,1,7
830,717953,PIT,656605,101,6.0,4.0,8,1,10
831,717954,WSH,571578,88,5.0,3.0,2,4,7
832,717947,MIL,527054,79,6.0,0.0,0,0,4
833,717940,COL,659275,71,3.0,5.0,4,0,7
834,717945,SD,605483,97,6.0,0.0,7,3,3
835,717944,PHI,605400,103,6.0,4.0,5,3,4
836,717943,LAA,642545,90,5.0,1.0,6,3,4
837,717939,NYY,657376,84,5.67,0.0,7,1,3
838,717938,MIN,686973,86,7.0,0.0,5,1,4
839,717946,CLE,669456,82,4.0,7.0,4,2,8
840,717942,MIL,642547,85,6.0,3.0,3,2,6
841,717941,SD,605397,80,6.0,0.0,3,3,3
842,717937,CLE,676440,96,5.0,3.0,6,1,6
843,717936,LAA,672282,82,5.0,4.0,2,2,6
844,717934,PHI,592836,74,4.0,3.0,2,3,2
845,717933,COL,657756,92,5.33,1.0,5,2,3
846,717932,CIN,668881,109,6.0,1.0,8,3,2
847,717931,MIL,669203,100,6.0,3.0,7,4,2
848,717930,STL,656427,101,5.33,1.0,6,1,6
849,717929,TOR,605135,101,7.67,0.0,8,0,4
850,717935,PHI,554430,90,3.67,7.0,3,1,8
851,717927,OAK,660261,19,1.0,2.0,1,0,2
852,717926,LAA,660271,107,6.0,4.0,6,1,8
853,717925,DET,681857,89,5.0,2.0,6,1,2
854,717921,CHC,592791,75,5.67,1.0,3,0,3
855,717923,COL,502624,80,6.0,2.0,2,1,4
856,717922,SEA,622491,99,7.0,1.0,6,1,5
857,717920,BAL,665152,100,6.0,2.0,6,2,5
858,717919,ATL,450203,99,7.0,3.0,9,2,6
859,717917,NYY,622663,83,4.0,7.0,2,1,9
860,717924,CLE,650644,83,5.0,0.0,4,2,4
861,717918,TB,665001,35,2.33,0.0,2,0,1
862,717916,BAL,680694,79,4.0,3.0,5,1,7
863,717915,DET,547179,85,7.0,1.0,6,0,2
864,717914,PHI,621381,22,2.0,0.0,1,0,0
865,717913,CLE,671106,95,6.0,2.0,4,2,7
866,717912,SEA,693433,47,2.0,6.0,4,1,7
867,717910,TOR,621244,86,6.0,1.0,6,3,4
868,717911,OAK,665622,72,2.0,6.0,2,4,6
869,717908,LAA,663776,72,3.33,5.0,4,3,7
870,717907,STL,656756,75,5.67,1.0,5,1,4
871,717906,MIL,607067,93,5.0,3.0,5,3,6
872,717905,NYY,543037,80,6.0,1.0,5,2,4
873,717903,CHC,592767,82,5.67,3.0,4,3,7
874,717901,ATL,675911,99,6.0,2.0,7,4,3
875,717885,TB,607192,88,5.33,1.0,6,3,4
876,717909,COL,596295,74,2.67,2.0,4,3,6
877,717904,TB,671737,89,5.0,2.0,6,3,6
878,717902,PHI,624133,101,7.0,1.0,3,1,8
879,717900,TOR,579328,89,5.0,2.0,8,1,4
880,717899,LAA,656288,87,6.0,1.0,4,1,4
881,717897,MIL,605288,92,7.0,1.0,2,0,6
882,717896,OAK,621112,85,5.0,5.0,3,2,7
883,717895,CLE,663474,79,5.0,0.0,10,1,1
884,717898,STL,571945,91,5.0,2.0,2,0,10
885,717893,COL,607536,89,7.0,2.0,1,0,4
886,717892,ATL,647336,80,3.67,5.0,2,4,7
887,717891,DET,571510,82,5.0,1.0,9,0,3
888,717890,BAL,669330,102,5.33,2.0,9,2,4
889,717889,CHC,573186,84,6.0,0.0,6,3,4
890,717888,NYY,593334,99,6.67,1.0,6,1,4
891,717894,SEA,682243,61,2.33,7.0,2,2,8
892,717928,TB,663556,92,6.0,1.0,5,2,5
893,717887,KC,672578,23,2.0,0.0,3,0,0
894,717886,DET,666214,105,4.67,5.0,4,5,7
895,717884,OAK,676664,112,4.67,1.0,6,5,2
896,717883,MIL,527054,86,6.33,2.0,5,1,6
897,717879,STL,425794,106,5.33,3.0,3,2,8
898,717878,HOU,656232,106,6.67,3.0,2,1,10
899,717880,CHC,543294,84,6.0,3.0,4,0,5
900,717882,MIN,686973,90,6.0,7.0,5,4,6
901,717881,AZ,674072,81,4.33,5.0,2,3,5
902,717877,CWS,608337,100,6.0,0.0,7,3,0
903,717876,KC,425844,77,4.33,5.0,3,0,4
904,717875,DET,641302,45,3.0,1.0,3,0,1
905,717874,OAK,621076,104,6.0,1.0,1,5,4
906,717873,BOS,572020,106,7.0,2.0,9,2,6
907,717870,LAD,664062,92,5.0,3.0,5,3,5
908,717871,HOU,686613,96,6.0,3.0,5,3,3
909,717869,SF,605154,26,1.0,0.0,0,1,2
910,717868,STL,669461,85,4.0,4.0,2,2,7
911,717867,BAL,502043,96,5.0,2.0,7,2,5
912,717864,SEA,669302,97,7.0,1.0,6,2,3
913,717861,CHC,669713,73,4.67,2.0,4,1,2
914,717872,NYM,471911,86,5.0,4.0,4,2,6
915,717866,AZ,605200,97,6.67,2.0,8,1,5
916,717863,SEA,669923,86,3.67,5.0,3,0,11
917,717860,KC,543475,85,7.0,5.0,2,1,6
918,717859,MIN,641154,92,7.0,1.0,6,1,5
919,717858,BOS,676710,58,3.0,2.0,3,0,6
920,717856,HOU,669854,94,6.0,2.0,5,4,3
921,717865,OAK,663687,75,5.0,3.0,2,3,4
922,717854,STL,656427,105,6.0,0.0,8,5,3
923,717853,LAD,592789,66,3.0,6.0,3,0,7
924,717852,SF,657277,99,5.33,4.0,3,2,8
925,717851,BAL,665152,93,5.0,6.0,5,0,9
926,717850,NYM,453286,103,5.67,5.0,10,0,11
927,717855,CHC,592791,104,5.33,4.0,5,4,5
928,717862,DET,663947,13,1.0,0.0,1,1,0
929,717857,CWS,605182,101,5.67,3.0,2,1,6
930,717849,BAL,680694,98,5.0,3.0,10,1,6
931,717848,CWS,458681,98,5.0,5.0,4,3,8
932,717846,SF,502171,83,5.0,4.0,7,1,8
933,717845,MIN,641927,88,5.33,3.0,7,2,3
934,717843,HOU,664285,98,5.0,3.0,5,4,4
935,717842,BOS,571616,76,4.0,3.0,1,1,4
936,717840,NYM,434378,82,3.0,4.0,3,4,7
937,717838,CHC,592767,103,6.0,2.0,4,3,7
938,717844,LAD,477132,98,7.0,0.0,9,2,5
939,717834,AZ,518876,92,6.33,3.0,5,2,7
940,717841,BOS,676477,88,6.33,1.0,6,1,7
941,717839,KC,663738,88,6.0,3.0,4,1,8
942,717837,LAD,624647,14,0.67,0.0,0,1,0
943,717836,NYM,656731,79,3.67,7.0,1,3,8
944,717835,MIN,543243,76,5.0,1.0,5,2,5
945,717833,HOU,664299,90,5.0,4.0,2,3,7
946,717827,TEX,571760,88,5.0,3.0,5,2,4
947,717831,OAK,594580,23,1.0,0.0,3,0,1
948,717830,SD,506433,100,5.33,4.0,6,4,5
949,717829,WSH,680686,96,5.0,1.0,6,4,2
950,717828,MIA,691587,82,5.0,1.0,6,2,5
951,717824,SEA,622491,109,6.0,3.0,10,1,6
952,717823,CHC,573186,91,6.67,2.0,5,4,6
953,717832,CIN,594902,92,6.67,7.0,8,1,10
954,717826,CHC,543294,94,8.0,0.0,3,1,1
955,717825,BOS,656557,93,6.0,2.0,6,1,3
956,717822,MIN,657746,84,6.0,3.0,4,1,6
957,717821,AZ,669194,90,5.67,0.0,4,2,4
958,717820,MIA,645261,86,7.0,1.0,4,2,3
959,717819,SD,677960,43,3.0,1.0,2,0,3
960,717818,KC,663903,97,4.33,4.0,4,3,6
961,717817,CIN,671096,105,5.67,0.0,4,3,5
962,717815,HOU,641585,105,6.67,3.0,6,6,7
963,717814,OAK,621112,95,6.0,0.0,5,1,4
964,717813,TEX,543135,102,6.33,4.0,6,3,7
965,717812,NYM,673540,96,7.0,0.0,6,4,2
966,717811,LAD,676272,104,6.0,0.0,7,3,3
967,717809,SEA,693433,81,4.67,2.0,7,1,4
968,717816,WSH,669022,82,5.0,5.0,3,1,4
969,717803,NYM,471911,81,4.67,2.0,1,3,6
970,717810,BOS,678394,98,7.0,2.0,3,2,3
971,717808,KC,672578,28,1.0,3.0,0,1,3
972,717807,WSH,592866,84,5.0,2.0,6,1,7
973,717805,MIN,686973,89,4.67,4.0,6,2,6
974,717804,AZ,668678,94,5.67,5.0,5,2,10
975,717802,HOU,656232,87,5.0,5.0,4,2,9
976,717806,LAD,657571,22,1.0,1.0,2,0,3
977,717800,OAK,676664,88,5.0,2.0,5,0,6
978,717795,MIA,666129,82,5.33,0.0,9,1,3
979,717796,CHC,669713,59,3.0,5.0,4,1,4
980,717797,CIN,668881,88,5.33,3.0,9,2,6
981,717801,TEX,527048,75,3.33,7.0,2,3,10
982,717798,SD,605483,85,7.0,1.0,12,0,3
983,717799,SEA,669302,58,3.0,6.0,2,0,8
984,717794,COL,657756,88,6.0,1.0,6,1,6
985,717792,LAA,542881,105,6.0,5.0,7,2,8
986,717791,SF,657277,88,7.0,3.0,6,0,7
987,717793,CIN,596133,93,4.67,3.0,3,4,5
988,717789,TB,621107,94,4.67,4.0,6,2,5
989,717786,MIA,666200,81,4.0,5.0,3,1,6
990,717785,PHI,621381,50,2.67,3.0,1,1,4
991,717790,ATL,450203,104,5.67,0.0,8,3,4
992,717780,LAA,642545,93,4.33,3.0,2,1,7
993,717788,COL,502624,89,4.33,3.0,6,1,5
994,717787,TOR,605135,77,3.0,8.0,5,1,11
995,717783,MIL,669203,99,6.0,3.0,8,1,7
996,717782,PIT,682847,92,5.33,4.0,4,2,6
997,717781,SF,502171,79,4.0,2.0,5,2,5
998,717779,NYY,622663,104,4.67,5.0,4,3,7
999,717777,CIN,682227,78,5.0,3.0,1,0,7
1000,717776,CWS,458681,105,5.0,4.0,6,2,6
1001,717775,PHI,554430,101,6.0,1.0,7,1,4
1002,717773,MIA,665795,85,4.0,5.0,4,3,4
1003,717772,CLE,676440,75,4.0,6.0,3,2,8
1004,717778,WSH,571578,91,5.0,2.0,5,5,4
1005,717774,TB,656222,30,1.67,0.0,3,1,2
1006,717784,ATL,689266,79,4.0,5.0,2,3,6
1007,717766,NYY,543037,95,6.0,1.0,8,0,4
1008,717771,MIL,607067,90,5.0,4.0,4,3,5
1009,717770,ATL,675911,94,5.0,5.0,6,2,7
1010,717769,TOR,621244,90,7.67,0.0,5,1,3
1011,717768,COL,596295,91,6.0,3.0,5,1,6
1012,717767,SF,543101,78,3.0,5.0,7,1,7
1013,717765,LAA,672282,96,6.0,1.0,8,3,3
1014,717763,PIT,674370,91,4.0,1.0,6,3,4
1015,717762,WSH,680686,95,7.0,4.0,5,0,6
1016,717761,TB,607192,94,5.33,3.0,6,4,6
1017,717760,CWS,605182,77,4.67,0.0,5,2,3
1018,717759,MIA,691587,93,6.0,0.0,6,1,2
1019,717758,CLE,650644,95,3.67,2.0,7,4,5
1020,717757,PHI,624133,105,7.0,0.0,7,2,4
1021,717764,CIN,594902,95,5.67,2.0,4,0,10
1022,717756,TB,671737,88,4.33,2.0,11,3,4
1023,717755,PHI,605400,104,6.67,4.0,9,1,6
1024,717754,COL,607536,86,4.33,7.0,1,3,9
1025,717753,TOR,579328,94,4.67,2.0,7,2,6
1026,717752,DET,571510,84,6.0,4.0,8,1,7
1027,717751,LAA,660271,99,6.0,2.0,3,1,6
1028,717750,CLE,671106,77,3.0,5.0,2,4,4
1029,717748,CWS,656302,102,5.33,2.0,10,3,4
1030,717747,PIT,670912,100,4.33,4.0,8,1,8
1031,717746,WSH,669022,95,5.67,0.0,4,3,4
1032,717745,COL,659275,89,4.0,8.0,5,5,5
1033,717749,MIA,645261,93,5.33,5.0,1,0,10
1034,717744,BAL,608344,68,4.0,3.0,4,1,5
1035,717743,STL,571945,87,6.0,6.0,1,1,8
1036,717742,NYY,593334,56,2.0,7.0,1,2,7
1037,717741,TOR,592332,94,6.0,1.0,4,2,4
1038,717740,PIT,448179,98,5.0,3.0,5,6,3
1039,717732,TB,663556,94,6.67,1.0,5,3,3
1040,717738,DET,676684,11,1.0,0.0,2,0,0
1041,717737,CIN,671096,83,6.0,0.0,2,2,4
1042,717736,LAA,663776,102,7.0,0.0,6,4,4
1043,717735,PHI,592836,100,8.0,1.0,8,0,7
1044,717733,CWS,656629,102,4.33,1.0,4,6,6
1045,717731,SF,605154,16,1.0,0.0,1,1,0
1046,717739,CLE,657053,82,3.67,2.0,2,5,3
1047,717725,PHI,650911,61,4.0,0.0,5,1,1
1048,717729,BAL,502043,93,6.0,3.0,7,2,3
1049,717734,MIA,666129,90,6.0,1.0,8,1,4
1050,717727,CIN,668881,101,6.0,2.0,3,4,5
1051,717726,LAA,656288,101,6.0,2.0,5,2,3
1052,717724,COL,657756,62,3.0,9.0,1,1,9
1053,717728,DET,666214,107,6.0,2.0,9,1,2
1054,717722,CWS,608337,105,5.0,2.0,5,3,8
1055,717717,TB,621107,90,6.0,2.0,5,2,4
1056,717718,STL,425794,93,6.33,3.0,3,2,7
1057,717723,TOR,670950,65,3.0,3.0,2,1,3
1058,717720,PIT,656605,99,5.0,4.0,7,3,5
1059,717719,CLE,669456,99,7.33,5.0,5,2,7
1060,717721,SF,622072,67,5.0,0.0,4,0,3
1061,717730,NYY,657376,84,4.67,2.0,3,3,5
1062,717715,NYY,622663,81,5.0,3.0,6,3,7
1063,717714,MIA,666200,89,6.0,2.0,5,1,5
1064,717713,STL,669461,77,4.0,5.0,2,2,4
1065,717712,LAA,542881,95,5.0,2.0,6,1,6
1066,717711,DET,676684,13,0.67,0.0,0,0,2
1067,717710,PIT,682847,84,4.67,1.0,6,3,4
1068,717716,COL,502624,92,3.0,7.0,2,4,7
1069,717708,BAL,665152,92,5.0,1.0,7,2,3
1070,717707,CIN,596133,98,5.0,5.0,1,2,10
1071,717706,CLE,676440,105,5.0,3.0,6,3,7
1072,717705,PHI,554430,107,6.0,0.0,4,2,6
1073,717704,CWS,458681,114,7.0,3.0,16,2,4
1074,717703,TB,630023,90,4.67,3.0,3,2,6
1075,717702,SF,657277,103,7.0,2.0,5,2,8
1076,717709,TOR,605135,73,3.67,3.0,2,3,7
1077,717701,COL,596295,88,5.33,4.0,6,0,5
1078,717700,TOR,621244,100,4.0,5.0,4,1,8
1079,717699,STL,656427,99,6.33,6.0,5,1,10
1080,717698,CHC,592767,94,5.0,0.0,4,5,3
1081,717697,SD,608379,93,6.0,2.0,0,2,4
1082,717696,AZ,518876,88,7.0,1.0,7,1,3
1083,717694,NYM,453286,91,8.0,1.0,8,1,4
1084,717693,BOS,572020,91,6.33,3.0,7,1,3
1085,717692,KC,543475,92,6.0,3.0,3,1,6
1086,717695,TEX,571760,90,5.67,2.0,6,0,5
1087,717685,COL,663562,81,4.0,5.0,2,4,5
1088,717690,TOR,579328,87,6.0,0.0,6,0,2
1089,717689,ATL,675911,103,6.0,1.0,9,0,8
1090,717688,SD,607625,66,5.0,1.0,5,1,3
1091,717687,BAL,680694,92,5.0,2.0,8,2,4
1092,717686,CHC,573186,98,7.0,0.0,5,1,5
1093,717691,STL,656756,94,7.0,1.0,6,1,4
1094,717683,BOS,676710,77,5.0,0.0,5,0,6
1095,717682,NYM,434378,94,7.0,4.0,5,0,8
1096,717684,SEA,669923,95,7.0,3.0,4,0,8
1097,717675,TEX,543135,92,6.0,4.0,4,2,5
1098,717678,LAD,477132,103,7.0,0.0,5,2,5
1099,717681,KC,663738,78,7.0,0.0,2,2,1
1100,717680,AZ,669194,84,5.0,3.0,6,0,6
1101,717679,OAK,686610,27,1.67,0.0,2,0,2
1102,717677,BAL,669330,95,5.0,2.0,6,3,4
1103,717674,SD,506433,101,6.0,4.0,6,2,7
1104,717672,AZ,668678,91,7.0,1.0,4,1,3
1105,717671,CHC,543294,88,6.33,1.0,2,3,2
1106,717670,NYM,656731,63,2.33,4.0,2,4,4
1107,717669,COL,656234,31,2.0,0.0,1,0,2
1108,717676,TOR,592332,100,6.0,3.0,6,1,8
1109,717667,TEX,527048,100,7.0,2.0,2,2,4
1110,717668,KC,663903,97,7.0,5.0,2,1,7
1111,717662,LAD,660813,29,2.0,0.0,3,1,0
1112,717663,OAK,621112,90,5.0,4.0,7,1,9
1113,717673,STL,571945,107,7.0,2.0,3,1,8
1114,717665,BOS,676477,88,7.0,4.0,6,0,8
1115,717666,SEA,622491,103,5.0,3.0,3,4,4
1116,717652,SEA,693433,93,5.33,0.0,5,3,2
1117,717654,PIT,656605,107,7.0,1.0,5,0,5
1118,717657,ATL,693821,99,7.0,0.0,6,2,3
1119,717659,KC,621016,27,1.33,2.0,1,1,2
1120,717660,OAK,676664,106,7.0,2.0,8,1,4
1121,717661,SD,605483,97,6.0,0.0,11,0,3
1122,717847,AZ,674072,91,6.67,1.0,5,1,7
1123,717658,BOS,621057,32,1.0,3.0,2,0,4
1124,717656,NYM,673540,102,5.33,2.0,6,3,5
1125,717655,TEX,641540,87,7.0,2.0,2,2,5
1126,717653,PIT,682847,97,8.0,1.0,5,2,7
1127,717651,SEA,669302,94,7.0,1.0,5,1,2
1128,717650,ATL,700363,73,3.33,5.0,4,2,4
1129,717649,KC,425844,82,4.67,7.0,3,1,9
1130,717648,MIL,489119,67,6.0,0.0,3,0,3
1131,717646,OAK,621076,95,6.0,4.0,8,1,6
1132,717645,BOS,678394,104,6.67,1.0,5,1,6
1133,717644,LAA,663776,101,5.0,3.0,3,1,10
1134,717643,HOU,641585,93,6.0,3.0,4,2,8
1135,717642,WSH,571578,91,5.0,7.0,3,3,7
1136,717641,AZ,605200,79,4.0,6.0,2,4,6
1137,717647,MIN,628317,83,5.0,0.0,8,2,3
1138,717640,LAA,656288,99,6.0,0.0,7,0,4
1139,717639,AZ,518876,87,5.0,5.0,2,2,10
1140,717637,CHC,657006,89,6.0,1.0,8,1,5
1141,717636,TEX,592351,82,5.0,1.0,4,2,3
1142,717635,NYM,453286,107,6.0,2.0,8,1,7
1143,717634,OAK,660261,22,0.67,2.0,0,0,4
1144,717633,MIN,641154,100,6.0,3.0,10,1,7
1145,717638,WSH,680686,99,5.33,0.0,6,4,4
1146,717631,ATL,694363,73,3.67,4.0,2,0,7
1147,717630,PIT,674370,89,5.67,2.0,5,0,9
1148,717629,BOS,572020,63,4.0,1.0,3,0,2
1149,717628,SEA,682243,95,4.33,3.0,4,3,6
1150,717626,HOU,669854,99,6.0,3.0,6,2,2
1151,717625,MIL,642547,98,5.0,3.0,5,3,4
1152,717632,KC,543475,75,6.0,4.0,2,1,8
1153,717627,SEA,669923,98,6.33,2.0,4,1,6
1154,717624,NYM,471911,78,4.0,2.0,5,2,5
1155,717623,CHC,573186,64,3.33,3.0,2,1,8
1156,717622,TEX,543135,86,5.67,2.0,5,2,4
1157,717621,MIN,641927,89,6.0,3.0,8,1,5
1158,717620,PIT,670912,97,7.0,1.0,6,0,6
1159,717619,KC,663738,90,6.0,1.0,2,1,6
1160,717616,LAA,542881,88,6.0,3.0,9,2,4
1161,717617,OAK,665622,90,5.0,3.0,4,7,4
1162,717615,HOU,686613,99,6.0,1.0,7,2,3
1163,717614,BOS,676710,94,6.0,4.0,4,1,5
1164,717613,MIL,669203,99,5.67,4.0,3,2,8
1165,717612,AZ,669194,89,7.0,1.0,6,2,3
1166,717610,WSH,669022,104,5.0,1.0,9,2,5
1167,717618,ATL,450203,103,5.0,3.0,7,3,7
1168,717611,CIN,682227,67,2.0,3.0,2,4,2
1169,717609,MIN,543243,102,6.67,3.0,5,1,7
1170,717608,CWS,656302,99,6.0,1.0,10,0,5
1171,717606,DET,571510,15,0.67,1.0,2,0,1
1172,717602,WSH,592866,83,4.0,3.0,4,1,8
1173,717607,MIL,607067,86,6.33,1.0,3,1,3
1174,717605,MIA,645261,95,7.0,1.0,5,2,6
1175,717604,SF,676254,24,1.0,0.0,3,0,2
1176,717603,SD,663753,55,2.0,5.0,1,2,6
1177,717601,CIN,671096,106,6.0,1.0,8,3,2
1178,717600,MIN,657746,82,3.0,6.0,5,0,9
1179,717598,HOU,664285,94,6.0,4.0,6,3,8
1180,717597,MIL,527054,87,5.67,7.0,2,0,7
1181,717599,DET,666159,84,5.67,2.0,4,4,3
1182,717595,NYY,666745,81,5.67,2.0,2,2,4
1183,717594,LAD,477132,79,6.0,0.0,2,1,1
1184,717593,TB,671737,82,4.0,7.0,2,1,8
1185,717592,CWS,656629,102,4.0,2.0,3,7,4
1186,717591,CLE,668909,92,7.0,0.0,6,1,1
1187,717590,WSH,663623,93,5.67,3.0,4,2,5
1188,717596,PHI,624133,104,7.33,1.0,8,1,4
1189,717584,PHI,605400,97,5.0,4.0,4,3,7
1190,717588,MIN,628317,82,5.0,2.0,4,2,5
1191,717589,CIN,596133,84,4.33,4.0,2,2,6
1192,717587,WSH,571578,102,7.0,0.0,9,0,5
1193,717586,SF,657277,92,5.0,5.0,5,0,8
1194,717585,SD,605483,102,6.0,2.0,10,2,3
1195,717583,MIA,666129,66,5.0,1.0,2,1,3
1196,717576,CWS,608337,98,7.0,4.0,9,0,6
1197,717581,MIL,489119,74,4.0,2.0,3,3,3
1198,717580,DET,666214,97,4.67,4.0,5,2,9
1199,717579,NYY,593334,99,9.0,0.0,9,0,0
1200,717578,LAD,675627,78,5.0,4.0,3,2,8
1201,717577,CLE,671106,98,3.67,0.0,5,2,3
1202,717575,TB,621107,83,7.0,2.0,7,0,7
1203,717582,HOU,664299,80,4.0,6.0,1,1,8
1204,717570,DET,681857,41,1.67,1.0,2,1,3
1205,717574,NYY,657376,93,5.33,3.0,3,3,5
1206,717572,LAD,686218,88,5.0,3.0,5,0,7
1207,717571,SD,605397,93,6.0,2.0,6,1,7
1208,717569,MIA,666200,99,6.33,0.0,9,1,3
1209,717573,CLE,669456,81,6.0,0.0,8,1,2
1210,717567,PHI,592836,94,6.0,1.0,6,1,6
1211,717566,HOU,641585,97,7.0,0.0,2,2,4
1212,717565,MIL,605288,89,6.0,2.0,5,1,7
1213,717564,SF,676775,67,6.0,2.0,3,1,3
1214,717568,TB,641793,30,2.0,0.0,3,0,1
1215,717560,CWS,458681,105,6.0,5.0,7,2,8
1216,717563,WSH,680686,99,6.0,1.0,8,1,6
1217,717562,MIL,642547,108,5.33,3.0,8,2,3
1218,717561,MIN,641154,100,6.0,1.0,6,3,3
1219,717559,CLE,615698,74,3.33,6.0,1,2,8
1220,717558,MIA,663773,60,3.67,7.0,1,2,6
1221,717557,SD,607625,94,6.0,0.0,6,0,5
1222,717556,SF,502171,79,5.0,2.0,3,0,6
1223,717554,HOU,669854,88,5.0,3.0,2,4,4
1224,717553,LAD,676272,92,5.67,3.0,4,1,5
1225,717552,DET,547179,95,5.0,5.0,4,1,7
1226,717551,CWS,621383,66,4.0,4.0,3,1,5
1227,717549,AZ,674072,95,5.67,1.0,8,2,4
1228,717548,TB,663556,66,3.0,4.0,1,3,5
1229,717555,BOS,572020,110,7.67,0.0,7,2,3
1230,717542,HOU,686613,91,4.0,3.0,6,0,10
1231,717550,NYY,641656,29,1.0,1.0,2,0,3
1232,717547,BOS,676710,74,5.67,2.0,5,2,3
1233,717546,CLE,676440,96,5.67,0.0,9,2,3
1234,717545,NYY,622663,87,4.0,7.0,2,3,9
1235,717544,DET,686839,26,1.33,0.0,1,1,1
1236,717543,WSH,669022,64,2.67,7.0,3,3,6
1237,717541,MIN,641927,85,7.0,0.0,8,0,2
1238,717534,TB,607192,102,5.67,3.0,11,1,7
1239,717539,SD,608379,87,5.0,1.0,4,2,5
1240,717538,CWS,656302,87,5.33,3.0,5,3,6
1241,717537,LAD,628711,66,3.0,5.0,2,2,6
1242,717536,MIA,691587,35,0.33,6.0,0,0,7
1243,717535,SF,543101,55,3.0,3.0,3,0,3
1244,717533,AZ,669194,84,7.33,1.0,6,1,3
1245,717540,MIL,669203,99,7.0,2.0,7,2,1
1246,717527,LAD,664062,81,3.67,4.0,3,3,6
1247,717532,MIA,645261,93,5.0,4.0,6,2,5
1248,717531,MIL,607067,89,6.67,2.0,3,1,5
1249,717530,BOS,676477,18,1.0,1.0,1,0,1
1250,717529,MIN,543243,87,6.0,0.0,7,3,2
1251,717528,WSH,592866,80,5.0,3.0,1,2,6
1252,717526,SD,670970,42,3.0,0.0,1,2,2
1253,717523,DET,666159,96,5.0,4.0,4,0,5
1254,717524,NYY,543037,98,6.0,2.0,5,2,6
1255,717525,SF,548389,24,2.0,0.0,2,1,0
1256,717522,AZ,668678,100,7.0,4.0,12,1,5
1257,717521,CLE,650644,94,6.0,1.0,2,1,3
1258,717520,HOU,681869,68,4.0,1.0,3,2,3
1259,717519,TB,671737,73,3.33,5.0,3,1,9
1260,717518,CWS,657053,85,3.67,2.0,5,4,3
1261,717517,CIN,596133,85,5.0,2.0,2,1,6
1262,717516,SEA,693433,88,6.0,2.0,7,2,3
1263,717515,STL,571945,96,6.33,4.0,2,2,4
1264,717514,HOU,664299,88,4.33,8.0,4,0,9
1265,717513,BAL,669330,86,6.0,2.0,4,2,5
1266,717512,ATL,693821,92,6.67,2.0,1,2,7
1267,717511,CHC,592767,73,3.67,2.0,5,3,3
1268,717510,KC,680735,81,4.67,3.0,4,2,7
1269,717506,PIT,656605,101,5.0,4.0,7,1,8
1270,717505,LAA,642545,87,5.0,4.0,5,0,5
1271,717508,BAL,502043,104,6.0,4.0,4,4,3
1272,717507,CIN,664028,86,5.0,4.0,3,2,5
1273,717509,SEA,669302,105,9.0,0.0,7,0,5
1274,717504,COL,607536,91,6.33,4.0,3,2,9
1275,717503,CHC,543294,95,6.0,1.0,5,1,4
1276,717502,STL,425794,81,3.33,4.0,3,2,7
1277,717501,TEX,641540,89,6.0,1.0,4,1,6
1278,717495,ATL,663465,73,5.0,3.0,3,1,4
1279,717499,PHI,605400,104,7.33,1.0,12,1,5
1280,717498,NYM,453286,101,6.0,4.0,9,2,5
1281,717497,LAA,660271,86,5.0,5.0,5,4,7
1282,717496,TOR,605135,83,6.0,3.0,5,1,6
1283,717494,OAK,676664,90,7.33,0.0,4,0,5
1284,717492,PIT,682847,67,3.33,6.0,3,1,9
1285,717500,KC,425844,82,5.33,6.0,3,0,7
1286,717487,BAL,665152,103,7.0,1.0,10,1,4
1287,717493,CIN,668933,98,6.0,1.0,2,3,7
1288,717491,PHI,592836,101,7.0,4.0,8,5,5
1289,717490,SEA,543548,81,4.33,1.0,0,4,4
1290,717489,COL,502624,56,4.0,5.0,3,1,7
1291,717488,STL,669461,21,0.33,4.0,0,1,5
1292,717486,ATL,647336,99,4.67,0.0,4,3,5
1293,717477,NYM,673540,107,8.0,1.0,12,1,4
1294,717484,TEX,592351,94,6.0,3.0,2,3,9
1295,717483,CHC,657006,88,6.0,3.0,5,0,9
1296,717482,KC,679525,91,5.0,2.0,5,3,3
1297,717479,PIT,674370,81,4.0,2.0,4,4,2
1298,717478,LAA,663776,85,5.0,1.0,5,4,2
1299,717485,OAK,643493,34,3.0,0.0,1,0,0
1300,717481,CIN,682227,59,3.0,0.0,4,1,1
1301,717480,TOR,579328,76,5.0,4.0,4,0,8
1302,717476,OAK,663687,105,4.67,7.0,6,4,8
1303,717475,BAL,680694,92,6.0,0.0,5,2,3
1304,717474,CHC,573186,94,5.0,4.0,6,4,4
1305,717473,STL,656427,111,6.67,0.0,5,2,9
1306,717472,PHI,650911,75,6.0,1.0,2,0,4
1307,717471,TEX,543135,96,5.33,4.0,3,4,5
1308,717470,NYM,471911,96,8.0,0.0,4,1,3
1309,717469,KC,543475,87,5.0,1.0,5,0,6
1310,717468,TOR,621244,89,7.0,0.0,6,1,1
1311,717467,SEA,669923,93,6.67,1.0,3,1,6
1312,717462,PIT,670912,98,6.67,5.0,6,2,6
1313,717466,PHI,554430,101,6.0,3.0,7,0,7
1314,717465,TEX,674003,95,5.0,1.0,1,1,5
1315,717464,CHC,592791,102,8.0,0.0,4,2,1
1316,717463,KC,663738,73,6.0,3.0,3,1,6
1317,717461,OAK,669674,31,1.0,3.0,2,1,3
1318,717460,ATL,450203,86,6.33,1.0,6,2,4
1319,717459,CIN,671096,85,4.33,6.0,6,1,9
1320,717452,PIT,448179,95,4.0,5.0,3,4,7
1321,717457,TOR,666201,91,6.0,1.0,8,0,5
1322,717456,LAA,656288,56,2.67,4.0,0,1,5
1323,717455,STL,656756,66,4.33,1.0,5,1,3
1324,717454,NYM,434378,98,6.0,2.0,2,3,5
1325,717453,SEA,622491,89,7.0,0.0,3,0,5
1326,717448,COL,596295,82,6.0,2.0,1,0,5
1327,717458,BAL,608344,84,6.33,1.0,4,0,3
1328,717445,STL,571945,95,7.0,0.0,6,0,4
1329,717451,COL,657756,73,3.67,3.0,3,1,7
1330,717450,TEX,571760,72,3.0,7.0,4,1,8
1331,717449,OAK,643493,35,1.67,4.0,0,0,4
1332,717447,CHC,592767,85,4.0,4.0,3,4,6
1333,717446,BAL,669330,82,6.0,2.0,4,2,6
1334,717444,CIN,596133,76,3.67,5.0,1,2,6
1335,717436,NYM,656849,88,5.33,3.0,7,2,5
1336,717442,TOR,592332,96,6.0,2.0,7,2,5
1337,717441,ATL,675911,104,6.33,0.0,11,1,4
1338,717440,SEA,693433,78,6.0,1.0,4,1,3
1339,717439,PIT,656605,99,7.0,0.0,4,5,1
1340,717438,PHI,624133,92,5.67,3.0,4,4,8
1341,717437,LAA,672282,75,3.33,7.0,4,1,6
1342,717443,KC,663903,92,5.0,6.0,3,1,13
1343,717435,OAK,676664,89,5.0,1.0,4,3,2
1344,717434,KC,642232,78,6.0,1.0,5,1,6
1345,717433,CHC,543294,100,5.67,4.0,5,0,10
1346,717432,TEX,641540,88,5.67,4.0,4,2,7
1347,717431,TOR,605135,89,4.0,3.0,4,0,9
1348,717430,SEA,669302,94,7.0,1.0,6,0,3
1349,717429,ATL,693821,69,3.33,7.0,0,4,6
1350,717428,BAL,502043,94,7.0,2.0,11,1,3
1351,717426,PHI,605400,91,6.0,4.0,6,0,8
1352,717425,PIT,669387,29,1.33,0.0,1,2,0
1353,717424,STL,571927,75,5.33,0.0,9,0,2
1354,717423,NYM,453286,100,5.0,5.0,7,3,6
1355,717422,COL,607536,80,6.33,1.0,0,3,7
1356,717427,CIN,594902,75,5.67,1.0,5,2,4
1357,717420,AZ,669194,97,5.67,1.0,3,0,9
1358,717419,BOS,678394,93,6.0,3.0,5,0,8
1359,717418,SD,506433,94,6.0,1.0,9,2,5
1360,717417,MIA,645261,99,6.0,2.0,5,1,8
1361,717416,SF,548389,72,4.67,2.0,6,0,5
1362,717415,CLE,650644,79,5.0,2.0,2,1,5
1363,717414,CWS,656629,38,0.67,4.0,0,4,1
1364,717412,MIL,669203,102,6.0,0.0,13,2,2
1365,717410,NYY,607074,88,5.0,4.0,6,2,4
1366,717409,MIN,628317,80,3.0,3.0,6,4,4
1367,717407,WSH,592866,52,2.67,1.0,5,1,1
1368,717406,DET,593958,88,5.0,2.0,7,2,3
1369,717405,HOU,641585,91,4.33,2.0,2,0,9
1370,717413,LAD,628711,85,6.0,0.0,7,1,1
1371,717411,TB,607192,95,6.0,1.0,7,2,6
1372,717408,SD,605483,82,5.0,0.0,7,3,3
1373,717404,AZ,668678,94,5.0,3.0,5,3,6
1374,717403,BOS,572020,63,3.0,6.0,4,3,3
1375,717402,CLE,668909,92,5.0,2.0,4,4,4
1376,717401,MIA,666129,81,4.67,4.0,5,1,6
1377,717400,LAD,664062,54,5.0,1.0,3,1,2
1378,717399,MIN,641154,106,5.67,7.0,7,3,8
1379,717398,SF,502171,94,6.0,1.0,5,2,4
1380,717397,SD,677960,85,4.67,4.0,2,2,6
1381,717396,WSH,663623,79,3.0,4.0,3,1,6
1382,717395,CWS,458681,97,5.33,4.0,6,3,6
1383,717394,NYY,657376,92,6.0,2.0,8,1,3
1384,717393,TB,542888,25,2.0,0.0,2,0,1
1385,717392,MIL,642547,93,6.0,0.0,6,2,1
1386,717390,DET,547179,97,6.67,0.0,7,5,2
1387,717389,HOU,664285,103,6.33,5.0,13,2,7
1388,717391,CWS,656302,99,5.0,1.0,6,3,3
1389,717388,SF,622072,67,3.67,1.0,1,3,5
1390,717387,SD,607625,92,5.33,5.0,5,0,7
1391,717385,LAD,676272,77,4.67,1.0,5,1,3
1392,717384,MIA,595345,18,0.33,3.0,0,0,4
1393,717383,MIL,605288,96,5.67,3.0,5,2,6
1394,717382,TB,621107,46,3.0,5.0,0,0,7
1395,717386,AZ,674072,81,4.33,3.0,5,1,7
1396,717380,WSH,680686,95,5.0,4.0,2,1,10
1397,717379,MIN,657746,91,5.33,3.0,7,3,5
1398,717378,NYY,543037,102,6.0,1.0,11,1,2
1399,717381,HOU,664299,91,5.0,3.0,7,2,4
1400,717377,CLE,676440,98,6.0,2.0,6,1,5
1401,717376,BOS,676710,89,6.0,0.0,9,4,1
1402,717373,DET,681857,75,5.33,2.0,5,0,6
1403,717375,SF,657277,86,7.0,2.0,7,0,4
1404,717374,MIA,666200,92,4.0,2.0,2,3,5
1405,717372,LAD,686218,94,5.0,4.0,2,3,5
1406,717371,CLE,675540,39,3.0,0.0,2,1,1
1407,717370,WSH,669022,106,6.33,5.0,6,2,6
1408,717369,NYY,622663,98,6.0,1.0,3,3,6
1409,717368,DET,666159,81,5.67,1.0,3,0,4
1410,717367,TB,663556,69,6.0,2.0,6,0,3
1411,717366,BOS,657514,20,2.0,0.0,2,0,1
1412,717365,MIN,543243,101,5.67,5.0,5,4,5
1413,717363,MIL,527054,80,4.67,4.0,3,2,7
1414,717362,SD,605397,109,6.0,1.0,7,1,5
1415,717364,CLE,671106,77,5.0,0.0,8,1,1
1416,717361,LAD,675627,91,5.0,1.0,4,2,5
1417,717360,SF,543101,37,2.0,4.0,5,0,4
1418,717359,CWS,608337,100,3.67,8.0,5,5,6
1419,717358,AZ,605200,78,3.67,9.0,1,3,8
1420,717352,NYY,593334,106,6.0,5.0,9,3,4
1421,717356,DET,669373,64,4.0,7.0,3,1,8
1422,717355,HOU,686613,99,5.33,4.0,7,0,6
1423,717354,TB,671737,95,5.0,2.0,9,2,5
1424,717353,WSH,571578,99,5.33,3.0,6,1,6
1425,717350,MIN,641927,90,6.0,3.0,5,0,7
1426,717349,BOS,682175,29,1.33,3.0,1,1,4
1427,717357,MIA,665795,74,5.0,1.0,6,3,2
1428,717343,LAD,628711,93,5.0,8.0,2,2,8
1429,717348,CLE,650644,88,5.33,2.0,3,1,5
1430,717347,MIL,607067,74,5.0,2.0,3,0,5
1431,717351,MIA,645261,103,6.0,4.0,7,2,8
1432,717345,HOU,656232,92,5.67,0.0,4,3,1
1433,717344,BOS,678394,67,4.0,6.0,3,2,5
1434,717342,SF,548389,76,6.0,3.0,2,0,4
1435,717346,TB,641793,51,3.33,1.0,4,0,5
1436,717340,AZ,669194,84,7.0,2.0,5,1,3
1437,717333,DET,593958,89,7.0,2.0,7,0,4
1438,717335,MIN,628317,80,6.33,2.0,9,0,3
1439,717341,CWS,657053,107,6.0,5.0,3,4,4
1440,717338,SD,506433,100,6.0,0.0,7,3,4
1441,717339,NYY,607074,87,4.33,6.0,3,5,4
1442,717336,WSH,592866,98,5.0,2.0,1,2,7
1443,717337,AZ,668678,99,7.0,3.0,5,0,5
1444,717334,SF,502171,85,4.33,5.0,0,4,9
1445,717332,DET,547179,89,7.0,0.0,3,1,3
1446,717330,CWS,656629,89,5.67,1.0,5,4,2
1447,717331,SD,605483,106,5.0,1.0,4,7,5
1448,717328,BAL,502043,91,6.0,3.0,8,2,7
1449,717327,MIN,641154,98,5.0,2.0,7,2,6
1450,717323,HOU,641585,93,7.0,1.0,5,1,6
1451,717322,STL,571927,97,5.0,1.0,6,1,3
1452,717329,MIL,669203,100,8.0,0.0,10,1,2
1453,717319,COL,663567,77,5.0,0.0,3,1,3
1454,717325,STL,656427,104,6.0,4.0,6,1,8
1455,717324,NYM,673540,63,3.33,2.0,3,1,3
1456,717321,AZ,674072,88,4.33,3.0,2,4,4
1457,717320,BAL,680694,93,6.0,2.0,5,1,6
1458,717326,SF,622072,75,4.0,5.0,1,2,5
1459,717318,KC,679525,97,5.33,5.0,3,2,5
1460,717314,CWS,458681,100,6.67,6.0,6,3,8
1461,717316,LAD,664062,92,5.0,4.0,6,3,2
1462,717315,PHI,624133,94,5.0,4.0,5,2,8
1463,717313,ATL,647336,87,6.0,4.0,4,2,6
1464,717311,TOR,579328,78,5.33,0.0,8,1,5
1465,717310,HOU,664285,96,5.0,4.0,4,2,6
1466,717317,SD,607625,99,6.0,2.0,7,3,6
1467,717312,PIT,670912,75,4.0,5.0,4,3,3
1468,717303,AZ,694297,89,6.0,3.0,6,0,4
1469,717309,NYM,453286,93,6.0,5.0,7,2,6
1470,717308,STL,571945,102,5.0,5.0,3,1,11
1471,717307,SF,657277,51,1.33,6.0,2,1,5
1472,717306,COL,502624,93,6.0,3.0,6,1,7
1473,717305,LAD,676272,85,6.0,3.0,6,0,7
1474,717304,KC,663903,98,6.0,2.0,9,1,5
1475,717302,PHI,554430,109,7.0,1.0,8,1,5
1476,717300,BAL,680570,93,5.67,2.0,6,2,3
1477,717299,SD,680232,75,5.0,3.0,1,1,6
1478,717297,PIT,621366,21,1.67,0.0,3,0,0
1479,717296,ATL,642216,71,4.33,2.0,5,1,5
1480,717295,HOU,664299,97,5.67,2.0,5,6,1
1481,717293,CWS,656302,96,6.0,1.0,9,2,3
1482,717301,TOR,592332,87,6.0,4.0,9,0,5
1483,717298,NYM,471911,58,2.33,5.0,2,2,10
1484,717294,KC,543475,93,5.0,5.0,3,1,9
1485,717291,BAL,669330,77,4.33,3.0,5,4,1
1486,717290,SF,518397,16,0.67,2.0,0,0,2
1487,717289,AZ,614179,28,1.67,3.0,1,0,5
1488,717288,SD,605397,92,6.0,3.0,6,1,7
1489,717287,ATL,693821,105,6.0,2.0,2,2,4
1490,717292,COL,621389,41,3.0,0.0,2,0,2
1491,717285,CWS,608337,101,5.0,0.0,9,3,6
1492,717284,LAD,686218,90,3.67,8.0,4,5,8
1493,717283,PHI,605400,85,7.0,3.0,7,0,6
1494,717281,TOR,666201,91,5.33,3.0,6,4,3
1495,717279,HOU,686613,88,6.0,2.0,4,2,6
1496,717278,PIT,656605,101,5.0,6.0,7,1,9
1497,717286,STL,656756,98,6.0,5.0,4,2,6
1498,718558,SF,548389,87,6.0,3.0,3,0,10
1499,717282,COL,656234,28,2.0,0.0,0,0,1
1500,717280,BAL,665152,95,7.0,1.0,3,2,3
1501,717277,KC,642232,99,6.0,1.0,1,0,6
1502,717276,PIT,682990,89,5.33,4.0,4,3,4
1503,717275,SEA,622491,104,7.0,2.0,9,2,4
1504,717273,CIN,668933,110,5.33,2.0,8,4,5
1505,717271,TOR,621244,94,5.0,2.0,3,4,5
1506,717268,STL,425794,76,5.0,2.0,3,2,4
1507,717274,TEX,592351,82,5.0,6.0,6,3,7
1508,717272,OAK,605463,12,1.0,0.0,2,0,1
1509,717270,MIA,665795,53,2.0,3.0,0,2,4
1510,717269,COL,596295,87,6.0,0.0,4,0,6
1511,717267,BAL,502043,92,6.0,2.0,5,0,4
1512,717266,NYM,434378,98,6.0,0.0,6,4,2
1513,717265,LAA,656288,93,5.0,2.0,8,0,7
1514,717264,SEA,669923,89,4.0,5.0,9,1,7
1515,717261,ATL,450203,80,3.67,4.0,1,5,6
1516,717262,CIN,671096,113,6.0,0.0,9,1,7
1517,717260,KC,425844,71,5.0,4.0,1,0,4
1518,717259,STL,571927,93,6.0,0.0,6,1,5
1519,717258,PIT,448179,83,4.33,2.0,3,2,7
1520,717256,TOR,605135,105,5.0,2.0,6,4,4
1521,717255,TEX,666720,44,2.0,2.0,3,1,2
1522,717263,CHC,543294,87,6.33,3.0,4,1,4
1523,717257,COL,663567,78,6.0,0.0,2,1,3
1524,717254,CIN,594902,89,6.67,2.0,3,0,8
1525,717253,TOR,579328,103,6.0,1.0,8,2,7
1526,717252,MIA,645261,97,9.0,1.0,7,1,5
1527,717250,SEA,682243,92,5.67,6.0,7,0,8
1528,717249,KC,679525,75,2.67,4.0,3,4,5
1529,717251,OAK,676206,49,2.67,3.0,4,1,3
1530,717246,PIT,670912,90,6.0,1.0,5,3,3
1531,717245,BAL,680694,84,6.67,5.0,3,2,7
1532,717244,STL,656427,95,5.0,3.0,4,2,8
1533,717242,ATL,675911,91,6.33,2.0,10,1,6
1534,717240,CHC,573186,85,3.33,7.0,4,2,9
1535,717239,TEX,571760,90,5.0,3.0,3,3,4
1536,717248,NYM,500779,94,6.0,2.0,5,3,6
1537,717247,LAA,663776,97,5.0,0.0,4,2,4
1538,717243,LAA,660271,111,9.0,0.0,8,3,1
1539,717241,WSH,680686,106,6.0,0.0,4,3,2
1540,717233,CLE,676440,97,6.67,3.0,6,2,6
1541,717238,CHC,657006,92,6.0,1.0,4,3,5
1542,717230,WSH,669022,95,5.0,3.0,2,4,5
1543,717237,NYY,543037,110,7.0,0.0,5,0,3
1544,717236,DET,681857,88,6.0,4.0,2,0,8
1545,717235,LAA,608337,73,5.33,3.0,5,1,6
1546,717232,MIN,543243,80,6.0,3.0,5,0,5
1547,717231,MIL,605288,90,4.0,6.0,3,2,8
1548,717229,TB,663556,86,5.0,3.0,6,0,8
1549,717234,PHI,554430,90,6.67,1.0,11,1,3
1550,717227,OAK,676664,92,5.0,1.0,5,1,4
1551,717226,CHC,669713,35,2.0,1.0,4,1,2
1552,717225,CIN,682227,77,5.67,2.0,2,4,8
1553,717224,TEX,641540,90,5.0,3.0,4,3,5
1554,717223,SEA,669302,93,6.33,2.0,5,0,9
1555,717220,BOS,676710,86,5.67,1.0,7,1,3
1556,717228,CLE,675540,54,3.0,1.0,0,3,2
1557,717222,LAA,672282,91,4.67,2.0,5,2,3
1558,717219,NYY,657376,96,5.0,3.0,2,1,5
1559,717218,DET,689225,37,2.0,0.0,2,0,3
1560,717217,CLE,671106,90,6.0,5.0,4,3,8
1561,717216,PHI,605400,98,4.67,5.0,6,3,9
1562,717215,WSH,571578,93,5.67,4.0,2,0,6
1563,717214,TB,671737,86,3.33,5.0,4,4,3
1564,717221,BOS,572020,104,5.0,1.0,5,2,8
1565,717212,OAK,621112,106,6.0,2.0,7,0,9
1566,717211,MIL,527054,82,5.0,9.0,4,0,11
1567,717210,SEA,693433,73,5.0,3.0,0,2,7
1568,717209,TEX,527048,98,5.67,4.0,1,3,9
1569,717207,MIN,641927,90,4.0,6.0,5,0,11
1570,717205,CIN,596133,87,6.0,1.0,2,2,2
1571,717213,CHC,592791,84,6.0,1.0,4,4,2
1572,717208,PHI,650911,73,5.0,0.0,3,2,0
1573,717206,MIL,607067,80,5.0,5.0,8,2,5
1574,717204,CLE,650644,81,6.0,0.0,4,2,3
1575,717203,WSH,592866,89,4.0,5.0,2,4,7
1576,717202,DET,669373,78,4.67,4.0,4,0,6
1577,717201,LAA,542881,101,6.33,1.0,2,1,7
1578,717200,NYY,622663,80,3.33,9.0,5,2,10
1579,717198,MIN,628317,94,5.0,2.0,7,2,4
1580,717197,BOS,657514,27,1.0,1.0,2,1,1
1581,717196,TB,641793,82,5.0,2.0,4,0,8
1582,717195,CHC,543294,93,7.0,2.0,2,1,8
1583,717194,CIN,668933,85,6.0,0.0,2,0,5
1584,717193,SEA,622491,102,6.0,0.0,7,1,2
1585,717191,TEX,674003,76,3.0,1.0,5,3,4
1586,717199,OAK,665622,91,5.33,2.0,6,0,6
1587,717188,CIN,671096,76,3.33,4.0,5,3,5
1588,717192,MIL,669203,95,6.0,2.0,5,3,4
1589,717190,AZ,669194,95,6.67,2.0,1,3,5
1590,717189,PHI,592836,100,6.67,2.0,4,2,6
1591,717187,LAA,681217,63,5.0,1.0,4,0,3
1592,717179,SD,607625,104,7.0,2.0,9,3,5
1593,717185,TB,607192,94,7.0,1.0,8,2,3
1594,717184,CLE,592789,68,5.33,1.0,0,2,2
1595,717181,BOS,601713,104,7.33,3.0,10,0,5
1596,717186,BAL,502043,97,6.0,1.0,5,2,4
1597,717183,MIL,642547,94,6.0,3.0,7,2,6
1598,717182,PHI,624133,81,6.33,1.0,3,2,10
1599,717180,AZ,668678,91,6.0,3.0,6,1,7
1600,717178,DET,666159,85,6.0,4.0,6,0,8
1601,717177,BAL,680694,98,7.0,3.0,7,1,4
1602,717176,LAA,663776,90,5.0,2.0,3,4,3
1603,717174,MIN,641154,94,6.0,1.0,5,0,4
1604,717175,TB,621107,72,6.0,0.0,5,0,3
1605,717172,CLE,668909,93,5.0,2.0,6,4,4
1606,717171,OAK,686610,86,3.67,4.0,5,3,1
1607,717170,NYM,500779,89,6.67,3.0,2,2,6
1608,717169,SD,658648,88,4.0,1.0,7,3,5
1609,717168,CWS,669947,80,6.0,1.0,6,1,3
1610,717167,BOS,678394,86,6.0,4.0,7,2,8
1611,717173,CIN,594902,94,4.0,13.0,2,2,13
1612,717160,TB,663556,82,4.0,5.0,3,0,5
1613,717166,DET,593958,93,6.0,2.0,5,1,7
1614,717164,AZ,677944,59,4.67,2.0,2,1,4
1615,717163,CLE,676440,90,5.0,2.0,4,4,7
1616,717162,MIL,489119,60,4.0,1.0,5,2,3
1617,717161,BOS,676710,81,5.0,0.0,5,1,4
1618,717159,PHI,554430,98,6.0,2.0,4,1,5
1619,717165,LAA,608337,87,3.67,9.0,2,3,8
1620,717157,BAL,680570,96,5.67,3.0,6,2,2
1621,717156,NYM,673540,99,5.67,3.0,6,2,11
1622,717155,MIN,657746,103,4.0,7.0,4,1,9
1623,717154,OAK,663687,78,3.0,8.0,2,3,9
1624,717153,CIN,682227,77,4.33,5.0,7,2,4
1625,717152,CWS,656302,79,1.67,7.0,1,3,7
1626,717158,SD,607259,38,3.0,0.0,3,0,1
1627,717151,AZ,694297,84,7.0,1.0,7,1,2
1628,717150,BAL,656427,92,6.0,1.0,8,2,4
1629,717149,CWS,657053,98,5.33,4.0,9,4,5
1630,717148,NYM,471911,74,6.0,6.0,0,1,8
1631,717147,PHI,547179,101,8.0,2.0,5,1,6
1632,717146,CIN,596133,83,3.0,4.0,5,4,4
1633,717145,MIN,543243,77,7.0,2.0,8,0,5
1634,717144,SEA,693433,83,6.0,2.0,6,2,4
1635,717143,PIT,656605,90,5.0,8.0,5,3,9
1636,717142,HOU,664299,102,4.67,3.0,4,3,4
1637,717137,OAK,676664,95,5.0,2.0,5,3,6
1638,717140,KC,543475,91,5.67,5.0,2,0,8
1639,717141,ATL,608331,72,6.0,0.0,8,0,3
1640,717139,WSH,571578,83,6.33,3.0,2,1,4
1641,717138,HOU,686613,93,6.0,2.0,4,1,5
1642,717136,TOR,666201,89,6.67,3.0,5,2,6
1643,717135,TB,641793,74,6.0,0.0,1,1,3
1644,717134,NYM,656849,52,3.0,0.0,1,3,1
1645,717128,AZ,518876,93,6.0,2.0,9,1,6
1646,717132,CWS,605182,82,5.0,3.0,2,1,8
1647,717131,PIT,682990,88,4.0,3.0,3,3,5
1648,717130,SEA,622491,100,6.0,7.0,6,1,10
1649,717129,LAD,676272,82,3.67,1.0,3,1,6
1650,717127,COL,623167,72,5.0,3.0,2,0,10
1651,717133,MIA,666200,90,5.33,4.0,8,2,6
1652,717120,WSH,672851,86,6.0,3.0,7,0,3
1653,717125,TOR,621244,85,5.67,3.0,6,0,6
1654,717124,MIA,666277,59,3.0,3.0,4,3,3
1655,717123,KC,679525,66,4.0,3.0,4,2,6
1656,717122,TB,650644,90,4.33,3.0,4,0,9
1657,717121,ATL,693821,97,4.33,5.0,3,3,7
1658,717119,COL,621389,80,4.67,4.0,2,1,8
1659,717126,HOU,434378,97,7.0,2.0,4,2,7
1660,717117,SF,548389,74,5.33,1.0,7,0,3
1661,717109,SEA,669923,96,7.0,1.0,5,0,3
1662,717112,LAD,675627,20,1.33,0.0,4,0,1
1663,717118,AZ,669194,60,3.0,6.0,5,0,8
1664,717115,CWS,656629,97,5.33,2.0,3,4,3
1665,717114,NYM,656731,102,4.67,5.0,3,0,9
1666,717116,PIT,663559,63,4.0,1.0,2,1,6
1667,717113,KC,425844,59,4.0,5.0,4,0,7
1668,717111,TOR,605135,96,7.0,1.0,6,3,7
1669,717110,HOU,664353,62,3.33,5.0,1,3,3
1670,717108,CWS,669947,96,6.0,2.0,6,1,6
1671,717107,NYM,500779,92,6.0,2.0,6,2,6
1672,717105,PIT,670912,101,7.0,0.0,6,3,2
1673,717104,WSH,663623,94,4.33,3.0,6,2,5
1674,717106,AZ,668678,97,7.0,2.0,8,2,4
1675,717102,MIA,645261,105,6.0,4.0,7,0,6
1676,717101,SEA,682243,85,5.0,1.0,10,0,5
1677,717100,SF,502171,77,5.33,5.0,3,1,7
1678,717099,COL,596295,79,6.0,0.0,2,3,6
1679,717098,ATL,450203,99,4.33,5.0,4,4,4
1680,717093,LAD,458681,96,6.0,1.0,6,2,4
1681,717103,TB,541640,58,3.0,1.0,3,1,3
1682,717092,CHC,592767,97,5.0,7.0,5,2,8
1683,717097,MIA,691587,78,4.67,4.0,7,2,5
1684,717095,ATL,675911,63,2.67,6.0,3,3,5
1685,717094,LAD,664062,84,6.0,6.0,3,1,9
1686,717091,MIN,641154,96,7.0,0.0,8,0,5
1687,717081,TEX,641540,94,6.0,3.0,6,3,5
1688,717089,KC,666142,104,6.67,1.0,11,1,4
1689,717088,NYY,543037,105,7.0,4.0,3,2,5
1690,717087,TOR,547943,52,4.0,0.0,2,1,0
1691,717086,COL,663567,81,3.67,5.0,4,3,4
1692,717090,SF,657277,106,5.67,1.0,6,0,7
1693,717079,ATL,630023,87,5.0,6.0,5,2,7
1694,717085,STL,571945,80,7.0,2.0,5,0,8
1695,717084,HOU,664285,93,7.0,6.0,3,2,8
1696,717083,MIA,666129,79,6.0,2.0,3,0,6
1697,717082,WSH,592866,103,4.67,6.0,7,1,8
1698,717080,CHC,592791,96,7.0,2.0,7,0,3
1699,717096,WSH,680686,92,4.67,4.0,5,2,6
1700,717078,COL,607536,79,6.0,3.0,4,0,8
1701,717076,MIN,543243,90,6.0,2.0,10,0,7
1702,717075,NYY,657376,88,5.33,1.0,7,1,4
1703,717074,TOR,579328,95,7.0,1.0,6,1,3
1704,717073,LAD,628711,95,6.0,0.0,5,1,4
1705,717072,SD,607259,53,3.0,0.0,1,1,4
1706,717069,TEX,453286,89,7.0,1.0,6,2,3
1707,717068,SF,518397,11,0.0,3.0,0,0,3
1708,717077,KC,663903,96,6.67,3.0,4,2,5
1709,717071,SF,676254,17,1.0,0.0,3,0,1
1710,717070,MIA,456501,77,5.0,3.0,5,1,5
1711,717067,HOU,664299,105,5.0,2.0,3,3,4
1712,717066,WSH,669022,83,5.0,6.0,5,1,7
1713,717064,STL,641712,73,5.0,3.0,2,1,7
1714,717063,TEX,656756,95,6.0,2.0,5,1,7
1715,717062,CHC,543294,94,5.0,2.0,6,2,5
1716,717065,COL,623167,106,5.0,5.0,4,2,8
1717,717060,TOR,592332,90,7.0,0.0,6,0,4
1718,717059,KC,543475,102,8.0,4.0,6,1,7
1719,717058,ATL,608331,79,4.0,4.0,4,1,6
1720,717057,LAD,676272,91,6.0,0.0,4,4,4
1721,717055,SD,506433,89,6.0,0.0,4,2,6
1722,717054,NYY,641656,10,1.0,0.0,1,1,0
1723,717061,MIN,641927,93,5.0,4.0,9,1,11
1724,717056,ATL,693821,87,5.0,5.0,5,2,6
1725,717053,HOU,686613,97,6.0,5.0,7,0,8
1726,717052,TOR,666201,93,4.0,4.0,6,3,4
1727,717051,KC,680735,29,2.0,0.0,2,0,1
1728,717050,MIN,628317,89,6.0,1.0,4,1,3
1729,717048,STL,669461,101,8.0,0.0,7,0,2
1730,717045,COL,621389,83,6.0,1.0,2,2,3
1731,717049,WSH,571578,87,5.0,0.0,2,7,1
1732,717047,NYY,641656,29,2.0,2.0,2,0,3
1733,717046,CIN,671096,98,5.67,2.0,9,0,4
1734,717044,MIN,572971,49,1.67,6.0,0,2,6
1735,717043,OAK,621112,103,5.67,4.0,3,4,8
1736,717042,DET,669373,94,5.33,4.0,3,2,7
1737,717041,CHC,665871,90,7.0,1.0,2,1,4
1738,717040,ATL,450203,105,5.0,0.0,4,7,3
1739,717038,CLE,675540,70,5.0,5.0,1,2,6
1740,717037,LAA,672282,48,2.33,7.0,0,3,7
1741,717036,MIL,669203,107,5.67,5.0,5,3,8
1742,717035,SD,605483,98,6.0,2.0,7,4,2
1743,717034,BAL,502043,89,5.33,9.0,4,2,12
1744,717032,COL,596295,78,5.0,2.0,2,1,8
1745,717031,TEX,592351,87,7.0,0.0,7,0,2
1746,717039,STL,425794,39,1.0,8.0,0,0,9
1747,718371,ATL,642216,111,7.0,0.0,9,2,4
1748,717030,OAK,665622,84,4.0,1.0,4,2,4
1749,717029,TEX,571760,40,1.33,1.0,1,2,3
1750,717028,MIN,641154,92,6.0,0.0,7,1,4
1751,717026,CHC,657006,84,5.0,3.0,7,0,6
1752,717025,NYY,650633,41,2.0,2.0,3,0,4
1753,717024,CLE,668909,87,5.0,1.0,10,0,5
1754,717033,DET,666159,90,5.33,0.0,1,3,2
1755,717022,LAA,542881,82,4.67,7.0,6,3,6
1756,717021,ATL,675911,105,7.0,0.0,6,4,3
1757,717020,SD,448179,83,3.33,3.0,4,1,7
1758,717019,STL,571927,94,6.0,2.0,5,0,4
1759,717018,BAL,608344,67,5.0,0.0,6,1,2
1760,717017,COL,663567,85,6.0,3.0,4,1,7
1761,717023,MIL,605540,86,6.33,2.0,5,1,4
1762,717027,CIN,596133,77,3.67,4.0,7,1,6
1763,717016,OAK,686610,96,5.0,1.0,4,1,7
1764,717015,CIN,682227,88,5.67,1.0,6,2,2
1765,717014,DET,593958,94,5.0,6.0,8,1,10
1766,717013,ATL,630023,95,4.67,6.0,5,2,7
1767,717012,CHC,592791,89,3.0,8.0,2,2,8
1768,717011,NYY,543037,99,6.0,2.0,6,2,6
1769,717008,TEX,641540,106,7.0,1.0,12,0,7
1770,717009,MIN,543243,80,6.0,0.0,7,3,2
1771,717007,COL,607536,89,5.0,4.0,1,1,6
1772,717006,MIL,642547,103,6.0,0.0,6,3,4
1773,717005,BAL,680694,90,6.0,2.0,7,1,5
1774,717004,LAA,681217,84,5.0,0.0,5,2,4
1775,717003,SD,607625,87,5.0,2.0,4,0,6
1776,717010,CLE,676440,97,7.0,2.0,5,0,7
1777,717000,HOU,664285,95,7.67,3.0,4,1,6
1778,717001,NYY,657376,68,2.33,8.0,3,2,9
1779,717002,PIT,682990,102,5.0,6.0,3,3,7
1780,716999,TB,607192,87,6.0,1.0,7,3,3
1781,716995,OAK,676664,97,5.0,3.0,6,4,6
1782,716997,LAA,663776,83,2.67,4.0,6,6,4
1783,716996,BAL,680570,95,7.0,1.0,6,1,3
1784,716994,SEA,669302,98,4.33,4.0,5,2,7
1785,716998,AZ,518876,92,6.0,2.0,11,1,5
1786,716993,BOS,601713,86,4.33,4.0,7,3,5
1787,716991,HOU,664299,95,4.67,4.0,2,1,6
1788,716990,PHI,554430,107,7.0,1.0,5,4,3
1789,716989,TB,641793,79,5.67,2.0,5,0,3
1790,716988,PIT,663559,82,5.33,1.0,5,1,4
1791,716987,NYY,622663,83,4.0,3.0,5,2,5
1792,716986,CWS,657053,87,4.0,3.0,4,5,3
1793,716992,CLE,671106,87,6.0,0.0,7,3,4
1794,716984,OAK,657093,90,4.33,5.0,4,2,7
1795,716983,DET,656412,81,5.0,0.0,6,1,1
1796,716981,SEA,676106,76,5.0,5.0,1,0,9
1797,716980,BAL,656427,84,3.0,7.0,3,4,4
1798,716979,MIL,605288,75,5.33,3.0,6,0,5
1799,716978,AZ,573009,13,1.0,0.0,0,0,0
1800,716985,LAA,608337,110,6.0,4.0,5,2,7
1801,716982,BOS,572020,92,6.0,2.0,3,1,5
1802,716977,AZ,677944,76,4.0,2.0,4,3,4
1803,716976,DET,681857,67,2.67,4.0,3,1,8
1804,716975,TB,650644,89,6.0,0.0,5,1,5
1805,716974,PIT,670912,78,4.0,4.0,3,5,5
1806,716973,CLE,592789,97,4.33,5.0,3,2,8
1807,716972,HOU,434378,94,5.0,4.0,2,2,9
1808,716968,CWS,605182,102,7.0,0.0,7,2,3
1809,716970,NYY,681190,60,3.33,2.0,3,3,2
1810,716969,OAK,621112,86,7.0,0.0,8,1,6
1811,716967,PHI,605400,92,5.0,4.0,7,4,4
1812,716965,BAL,665152,94,6.0,3.0,4,2,5
1813,716963,SEA,622491,99,7.0,4.0,3,1,9
1814,716962,MIL,489119,83,5.0,3.0,2,2,7
1815,716971,LAA,672282,108,7.33,0.0,5,4,1
1816,716966,BOS,519242,65,4.33,2.0,3,3,2
1817,716961,MIL,669203,98,7.0,0.0,9,2,2
1818,716964,SEA,669923,73,6.0,4.0,2,0,8
1819,716957,AZ,668678,100,6.33,1.0,3,1,3
1820,716958,NYM,500779,97,6.0,2.0,5,4,3
1821,716960,PHI,547179,74,3.33,6.0,1,1,8
1822,716959,DET,666214,83,5.0,0.0,3,2,4
1823,716956,DET,669373,88,6.0,1.0,7,1,3
1824,716955,KC,666142,106,6.0,3.0,9,2,8
1825,716953,BOS,678394,98,6.0,1.0,4,1,6
1826,716952,NYM,664192,84,5.67,0.0,5,2,4
1827,716951,PIT,656578,71,4.33,2.0,6,3,4
1828,716954,TOR,621244,100,5.67,0.0,8,4,1
1829,716949,SF,502171,103,5.67,4.0,3,2,8
1830,716948,SEA,682243,82,6.33,0.0,2,1,2
1831,716947,CWS,656629,76,4.0,9.0,1,4,6
1832,716946,MIA,645261,96,6.0,3.0,6,1,7
1833,716945,TB,541640,47,3.33,5.0,3,1,5
1834,716944,BAL,502043,95,5.0,4.0,6,0,9
1835,716942,AZ,694297,107,7.0,0.0,5,3,1
1836,716950,MIL,605540,92,5.33,4.0,4,2,3
1837,716936,PIT,656605,98,6.0,2.0,12,1,7
1838,716937,KC,663903,91,3.67,4.0,3,2,9
1839,716938,MIL,642547,109,5.67,1.0,11,2,4
1840,716943,BOS,676710,82,6.0,1.0,5,2,1
1841,716940,NYM,673540,97,7.0,1.0,5,2,2
1842,716941,PHI,650911,78,6.0,2.0,5,0,7
1843,716935,TOR,605135,79,6.0,2.0,6,1,3
1844,716939,DET,666159,87,6.0,1.0,2,1,5
1845,716934,SF,657277,95,6.0,4.0,5,0,9
1846,716919,AZ,518876,102,5.33,3.0,3,4,5
1847,716932,SEA,669302,92,6.0,2.0,3,1,8
1848,716931,AZ,543518,40,2.33,0.0,2,1,1
1849,716930,BAL,608344,77,5.0,1.0,3,1,4
1850,716926,MIA,666129,81,6.0,3.0,6,0,5
1851,716925,TB,621107,74,6.0,1.0,4,1,4
1852,716915,TB,607192,89,6.0,4.0,7,0,8
1853,716909,MIA,691587,90,6.0,0.0,10,0,2
1854,716933,CWS,669947,86,3.0,5.0,2,5,5
1855,716923,PIT,621366,19,2.0,0.0,3,0,0
1856,716929,PHI,554430,99,7.0,4.0,5,1,7
1857,716928,BOS,670174,21,1.0,0.0,2,1,0
1858,716927,SF,596001,43,1.67,0.0,1,0,2
1859,716924,TOR,547943,83,5.0,0.0,7,1,4
1860,716922,DET,593958,105,6.67,1.0,6,1,4
1861,716918,MIL,605288,82,5.0,1.0,7,1,6
1862,716920,SEA,676106,31,2.0,0.0,2,0,2
1863,716921,NYM,471911,75,4.0,3.0,3,0,9
1864,716917,KC,543475,92,8.0,4.0,2,1,5
1865,716916,CWS,656302,105,4.67,4.0,6,2,7
1866,716914,BAL,680694,92,6.0,0.0,8,1,2
1867,716913,CHC,665871,91,5.33,2.0,4,2,5
1868,716912,STL,680723,90,3.67,6.0,4,4,8
1869,716911,SF,518397,19,0.67,1.0,2,0,3
1870,716908,BOS,572020,101,4.0,6.0,4,3,9
1871,716910,NYM,656849,93,4.67,4.0,4,2,7
1872,716906,TEX,656756,92,8.0,0.0,6,1,4
1873,716905,SEA,622491,95,7.0,1.0,9,0,5
1874,716904,KC,656353,14,1.0,0.0,0,1,0
1875,716907,MIA,677960,83,3.33,5.0,4,5,5
1876,716897,LAD,676272,97,6.33,4.0,5,1,6
1877,716901,STL,425794,69,4.67,6.0,3,1,7
1878,716900,WSH,680686,101,6.0,1.0,4,5,1
1879,716899,SF,690986,65,3.33,2.0,5,1,5
1880,716902,TOR,579328,82,4.67,3.0,6,1,7
1881,716898,COL,621389,89,4.0,3.0,4,3,7
1882,716896,CHC,592767,82,3.67,7.0,4,3,8
1883,716891,NYM,656731,95,4.67,3.0,5,2,8
1884,716894,MIN,641927,78,5.0,2.0,3,3,2
1885,716893,SEA,693433,65,4.0,1.0,3,1,3
1886,716892,CIN,668933,94,7.0,3.0,10,2,5
1887,716889,TEX,592351,83,4.0,5.0,5,3,7
1888,716888,KC,672582,62,3.0,5.0,4,1,5
1889,716887,MIA,666200,88,6.0,0.0,7,1,2
1890,716895,BOS,656557,69,5.0,3.0,2,3,4
1891,716883,MIA,645261,105,6.67,4.0,3,3,7
1892,716903,CIN,680689,79,4.33,3.0,3,3,4
1893,716890,CIN,671096,75,4.0,3.0,5,4,5
1894,716886,STL,668868,90,5.0,2.0,5,1,6
1895,716885,CHC,592791,99,5.67,4.0,6,1,4
1896,716884,KC,666142,99,6.0,0.0,11,0,2
1897,716882,MIN,628317,92,5.0,3.0,6,2,4
1898,716875,LAD,477132,33,2.0,1.0,4,0,1
1899,716880,COL,596295,82,6.0,3.0,4,2,7
1900,716879,SF,502171,92,5.0,2.0,4,0,5
1901,716878,BOS,519242,80,5.0,4.0,9,1,6
1902,716877,WSH,669022,80,4.0,2.0,4,1,4
1903,716876,NYM,500779,100,5.33,5.0,5,3,9
1904,716881,SEA,669923,100,5.67,3.0,9,0,8
1905,716874,TOR,592332,107,6.0,2.0,8,1,5
1906,716873,BOS,678394,103,7.0,1.0,4,3,9
1907,716872,WSH,571578,93,6.0,3.0,7,3,7
1908,716871,LAD,657571,20,1.0,0.0,0,0,1
1909,716870,CHC,657006,100,6.0,2.0,6,2,6
1910,716869,COL,663567,99,5.0,2.0,6,1,4
1911,716868,CIN,682227,98,6.0,0.0,6,1,6
1912,716867,TEX,571760,76,4.33,3.0,5,1,7
1913,716865,TOR,621244,79,6.0,5.0,4,0,9
1914,716864,OAK,686610,86,5.0,2.0,4,0,7
1915,716866,LAD,458681,94,6.0,3.0,1,1,10
1916,716863,WSH,672851,94,6.0,0.0,3,0,3
1917,716862,CHC,543294,94,5.67,2.0,4,1,6
1918,716861,STL,571945,96,6.0,5.0,3,0,8
1919,716860,CLE,676440,97,6.0,2.0,5,1,6
1920,716859,COL,607536,75,6.0,3.0,3,0,8
1921,716858,HOU,664285,114,7.0,0.0,6,5,0
1922,716852,ATL,675911,94,7.0,1.0,9,1,3
1923,716856,OAK,594943,87,5.0,2.0,2,3,5
1924,716855,LAA,663776,107,6.0,1.0,7,4,2
1925,716854,NYY,543037,100,7.67,1.0,11,0,3
1926,716853,KC,663903,87,4.0,4.0,6,1,9
1927,716851,CIN,668881,90,3.67,5.0,4,5,5
1928,716850,TEX,641540,82,4.0,4.0,6,6,5
1929,716857,SD,506433,76,4.0,5.0,3,1,6
1930,716844,WSH,663623,96,6.0,1.0,3,3,4
1931,716848,ATL,608331,98,6.0,2.0,8,2,6
1932,716847,STL,641712,105,5.67,5.0,1,5,6
1933,716849,LAD,628711,91,6.0,6.0,9,1,8
1934,716846,CLE,671106,62,4.0,5.0,2,1,6
1935,716845,NYY,657376,99,6.67,1.0,5,0,6
1936,716843,HOU,686613,91,5.0,2.0,9,2,4
1937,716837,COL,623167,90,5.0,2.0,7,1,4
1938,716841,OAK,676664,98,6.0,6.0,8,2,9
1939,716840,LAA,681217,58,3.33,2.0,3,2,2
1940,716839,TEX,453286,101,7.0,2.0,10,1,4
1941,716838,SD,658648,78,4.33,5.0,4,2,5
1942,716833,CIN,518585,23,1.33,0.0,4,0,1
1943,716832,KC,543475,81,3.0,7.0,4,3,6
1944,716842,CHC,696136,80,5.0,1.0,9,1,2
1945,716836,COL,621389,86,7.0,1.0,7,1,3
1946,716835,STL,680723,96,5.33,2.0,6,1,5
1947,716834,CHC,665871,92,7.0,1.0,7,2,3
1948,716831,LAD,657571,18,1.0,0.0,0,1,1
1949,716830,HOU,434378,98,5.0,0.0,7,2,2
1950,716829,LAA,656288,94,7.0,1.0,9,1,5
1951,716828,NYY,607074,84,4.67,2.0,7,2,4
1952,716826,OAK,621112,104,6.0,2.0,6,2,8
1953,716825,CLE,592789,94,6.0,5.0,3,3,4
1954,716824,TEX,656756,91,5.33,3.0,4,2,4
1955,716822,SD,608379,97,5.33,4.0,5,5,4
1956,716821,CIN,668933,91,6.67,2.0,5,1,7
1957,716820,KC,679525,101,5.67,3.0,9,2,5
1958,716819,ATL,694363,83,4.67,4.0,3,2,4
1959,716827,WSH,592866,104,7.0,2.0,5,2,5
1960,716814,HOU,664299,100,4.0,4.0,4,6,6
1961,716818,TEX,592351,89,6.0,3.0,9,1,4
1962,716817,LAA,608337,106,5.67,5.0,6,4,4
1963,716823,CIN,671096,85,3.33,3.0,6,3,5
1964,716815,CWS,656629,95,4.0,4.0,5,4,7
1965,716813,CLE,675540,53,2.0,6.0,2,1,6
1966,716816,WSH,680686,63,2.0,4.0,2,4,4
1967,716811,PIT,670912,112,9.0,0.0,5,2,2
1968,716804,OAK,666205,86,4.0,6.0,6,3,9
1969,716805,AZ,668678,101,5.33,6.0,3,3,9
1970,716812,ATL,693821,98,6.0,4.0,4,1,8
1971,716809,SD,605483,109,7.0,0.0,9,5,2
1972,716810,MIL,489119,82,6.0,2.0,1,0,4
1973,716808,NYY,622663,99,7.0,0.0,8,0,5
1974,716807,TB,650644,96,5.0,2.0,5,0,7
1975,716803,CIN,682227,105,6.0,3.0,5,0,6
1976,716801,WSH,669022,106,5.0,1.0,2,2,6
1977,716800,CWS,669947,91,5.33,1.0,1,0,6
1978,716799,TEX,571760,81,5.33,0.0,7,1,5
1979,716798,MIL,669203,108,7.0,1.0,7,2,8
1980,716806,LAA,542881,78,5.0,6.0,3,3,7
1981,716796,CLE,668909,30,1.0,0.0,0,1,0
1982,716797,SD,607625,88,6.0,2.0,6,1,6
1983,716790,OAK,686610,91,4.0,1.0,3,5,1
1984,716791,ATL,450203,97,6.0,1.0,8,2,3
1985,716802,HOU,641585,93,5.67,2.0,3,1,5
1986,716792,AZ,518876,87,5.0,7.0,1,3,12
1987,716793,PIT,681882,18,2.0,0.0,1,0,0
1988,716795,NYY,650633,61,4.0,0.0,5,0,3
1989,716789,CIN,668881,90,5.33,0.0,6,1,3
1990,716788,OAK,594943,83,5.0,3.0,6,2,3
1991,716787,LAA,672282,84,4.0,2.0,3,3,4
1992,716786,CWS,656302,109,6.0,5.0,7,3,6
1993,716785,WSH,571578,96,5.0,6.0,5,1,10
1994,716784,CLE,676440,90,5.0,2.0,8,3,4
1995,716783,TEX,641540,74,4.0,3.0,4,2,5
1996,716782,SD,448179,53,4.0,3.0,2,1,5
1997,716781,NYY,543037,92,6.0,2.0,7,2,4
1998,716780,PIT,656578,86,5.67,1.0,7,2,2
1999,716778,TB,621107,69,6.33,0.0,4,0,4
2000,716774,AZ,694297,90,4.0,5.0,4,2,8
2001,716773,ATL,670241,82,6.0,2.0,5,1,4
2002,716794,HOU,664285,83,6.0,2.0,5,0,5
2003,716779,MIL,605540,96,6.0,2.0,8,1,2
2004,716777,SF,596001,58,4.0,0.0,3,1,0
2005,716776,MIA,666129,73,6.0,1.0,1,1,3
2006,716768,ATL,675911,92,6.0,4.0,9,2,4
2007,716775,NYY,657376,94,4.67,3.0,7,3,6
2008,718700,CHC,696136,90,5.0,1.0,3,3,5
2009,716772,MIN,657746,74,6.0,1.0,7,0,3
2010,716771,MIA,691587,86,4.67,3.0,5,3,5
2011,716770,CHC,621016,13,0.67,0.0,1,0,1
2012,716769,SEA,669302,97,6.67,1.0,9,0,7
2013,716766,PIT,656605,98,6.0,1.0,8,3,5
2014,716765,PHI,554430,102,6.0,3.0,10,0,5
2015,716767,TB,607192,97,7.0,3.0,6,0,7
2016,716763,NYY,607074,92,5.0,2.0,4,1,3
2017,716762,DET,593958,103,6.67,1.0,7,2,6
2018,716761,SF,663941,49,2.67,6.0,0,0,9
2019,716759,TOR,547943,76,5.0,2.0,3,2,4
2020,716758,LAA,663776,79,3.67,5.0,3,3,5
2021,716757,ATL,608331,104,7.0,0.0,10,2,3
2022,716756,BAL,608344,88,5.67,4.0,4,1,8
2023,716764,BOS,572020,36,1.33,6.0,0,2,5
2024,716751,SEA,622491,89,5.0,5.0,2,2,8
2025,716755,LAA,656288,89,6.0,2.0,7,0,4
2026,716760,MIA,456501,77,5.0,3.0,4,2,5
2027,716754,TB,641793,85,4.67,4.0,1,0,9
2028,716753,CHC,665871,98,8.0,0.0,7,1,7
2029,716752,MIN,572971,57,3.33,5.0,2,1,5
2030,716750,BOS,656557,95,5.0,4.0,5,1,7
2031,716743,SF,690986,91,5.67,6.0,5,2,6
2032,716748,TOR,579328,100,4.67,2.0,6,4,6
2033,716747,BAL,680694,107,6.0,2.0,6,3,4
2034,716746,NYY,622663,104,4.0,4.0,3,1,6
2035,716745,PHI,605400,97,4.67,7.0,5,3,8
2036,716744,PIT,641672,33,2.33,3.0,1,0,3
2037,716741,ATL,693821,92,6.0,1.0,4,4,5
2038,716749,DET,681857,79,7.0,0.0,1,0,4
2039,716742,SEA,669923,73,3.0,3.0,3,0,6
2040,716740,MIA,645261,94,8.0,2.0,3,2,9
2041,716739,BOS,519242,100,5.0,0.0,5,2,2
2042,716738,CHC,592791,91,5.67,5.0,7,0,7
2043,716737,MIN,628317,80,5.0,3.0,3,2,9
2044,716736,PHI,624133,75,4.0,2.0,5,2,5
2045,716735,NYY,650633,69,5.0,1.0,4,0,5
2046,716732,BAL,656427,85,4.67,4.0,7,1,6
2047,716733,PIT,670912,97,3.67,3.0,2,6,4
2048,716731,LAA,542881,81,5.33,3.0,5,3,3
2049,716730,TOR,592332,67,4.0,3.0,5,3,6
2050,716729,TB,671737,86,5.0,1.0,7,5,3
2051,716728,SF,502171,58,3.0,4.0,3,0,6
2052,716725,ATL,450203,90,4.0,2.0,3,3,6
2053,716734,DET,669373,97,7.0,2.0,7,2,5
2054,716727,SEA,693433,83,5.0,5.0,0,3,4
2055,716726,TOR,621244,84,6.0,2.0,7,1,4
2056,716724,HOU,641585,87,5.0,5.0,5,3,6
2057,716723,SF,657277,94,6.67,3.0,4,1,5
2058,716722,BOS,678394,96,6.0,3.0,7,2,5
2059,716721,COL,663567,94,6.0,4.0,5,1,6
2060,716720,PHI,592836,103,5.0,4.0,4,3,5
2061,716719,MIN,641154,89,6.0,1.0,3,3,8
2062,716718,MIL,669203,105,6.0,4.0,7,0,7
2063,716713,BAL,680570,90,6.0,2.0,7,2,7
2064,716681,CWS,669947,83,3.67,5.0,1,1,9
2065,716717,MIN,543243,101,6.0,3.0,4,2,6
2066,716716,BOS,676710,96,3.67,5.0,5,4,3
2067,716715,NYM,500779,97,7.0,1.0,4,1,4
2068,716714,MIL,605540,97,7.0,0.0,6,2,2
2069,716712,SEA,682243,97,5.0,1.0,2,1,7
2070,716711,DET,656412,40,2.67,1.0,4,1,3
2071,716710,LAD,477132,84,5.0,3.0,3,5,5
2072,716703,PHI,547179,94,6.0,6.0,1,3,8
2073,716708,SF,676254,40,1.67,0.0,2,2,2
2074,716707,TOR,605135,97,8.0,1.0,7,0,7
2075,716706,BAL,665152,92,4.67,0.0,5,3,4
2076,716705,HOU,664285,98,7.0,1.0,4,4,6
2077,716704,CWS,656302,96,5.33,4.0,7,2,8
2078,716702,COL,607536,90,6.0,2.0,2,3,6
2079,716709,STL,571945,95,6.67,3.0,2,2,8
2080,716696,BOS,601713,85,4.67,3.0,5,2,7
2081,716700,MIN,657746,89,4.0,2.0,3,1,4
2082,716699,SF,622072,52,2.33,5.0,2,1,5
2083,716698,TOR,547943,77,5.0,2.0,5,1,5
2084,716697,MIL,642547,93,5.33,3.0,4,1,4
2085,716701,NYM,676130,81,6.33,2.0,6,1,6
2086,716695,LAD,458681,90,4.67,8.0,1,3,7
2087,716691,PHI,554430,105,6.0,0.0,7,2,1
2088,716693,SEA,669302,96,5.33,3.0,9,2,7
2089,716692,COL,623167,63,2.33,6.0,3,2,4
2090,716690,BAL,502043,87,6.0,3.0,3,2,6
2091,716689,STL,641712,88,5.0,5.0,2,3,7
2092,716688,CWS,657053,91,6.0,2.0,6,3,2
2093,716687,HOU,434378,100,7.0,1.0,6,1,4
2094,716694,DET,666159,21,1.0,0.0,1,1,1
2095,716686,DET,593958,89,6.0,3.0,4,4,4
2096,716685,AZ,669194,73,5.67,1.0,3,2,2
2097,716684,CLE,615698,82,6.0,0.0,6,2,3
2098,716683,SEA,622491,108,6.0,0.0,8,4,4
2099,716682,LAD,686752,84,7.0,0.0,3,0,1
2100,716680,STL,425794,104,5.67,6.0,4,3,8
2101,716678,AZ,668678,107,9.0,0.0,9,1,3
2102,716677,STL,680723,76,3.67,4.0,0,2,7
2103,716676,LAD,686218,73,4.33,5.0,4,1,6
2104,716675,CWS,605182,90,7.0,0.0,7,0,3
2105,716679,MIA,691587,87,5.0,2.0,4,3,4
2106,716674,PIT,656605,95,5.0,8.0,4,0,12
2107,716673,KC,676092,20,2.0,0.0,1,1,1
2108,716669,SD,605483,103,6.0,2.0,8,3,5
2109,716671,SEA,669923,102,6.33,4.0,6,2,5
2110,716670,MIL,607067,85,4.67,2.0,6,2,3
2111,716668,COL,621389,84,5.0,4.0,6,1,8
2112,716667,CLE,671106,90,5.0,1.0,6,2,3
2113,716666,NYM,673540,101,6.0,2.0,5,4,4
2114,716665,OAK,621112,87,3.0,2.0,5,3,6
2115,716672,BAL,680694,86,6.0,2.0,9,0,4
2116,716664,BAL,656427,82,3.33,4.0,3,1,8
2117,716663,COL,502624,82,3.33,6.0,3,2,6
2118,716662,LAD,676272,99,7.0,5.0,8,2,6
2119,716661,KC,663704,23,2.0,0.0,1,0,0
2120,716660,AZ,518876,104,5.67,1.0,6,5,4
2121,716659,MIL,489119,84,3.67,1.0,3,3,1
2122,716657,OAK,656794,62,4.0,0.0,5,2,1
2123,716658,CWS,570632,75,4.0,1.0,3,2,4
2124,716655,STL,668868,98,5.0,3.0,6,3,5
2125,716654,NYM,656849,96,6.0,3.0,8,1,8
2126,716653,MIA,456501,92,3.67,5.0,3,3,5
2127,716651,PIT,670912,92,3.67,3.0,4,1,9
2128,716650,CLE,608337,92,7.0,2.0,9,0,3
2129,716649,SD,607625,90,4.33,6.0,2,3,7
2130,716656,SEA,663423,36,2.0,0.0,3,1,1
2131,716648,CWS,669947,95,5.0,3.0,4,2,8
2132,716647,LAD,642232,78,4.0,2.0,5,0,5
2133,716646,MIL,669203,109,8.0,0.0,7,2,0
2134,716645,SEA,682243,93,5.0,5.0,7,1,9
2135,716644,PIT,682847,73,5.33,1.0,0,2,3
2136,716643,MIA,595345,12,0.67,2.0,1,0,3
2137,716642,STL,571945,95,5.33,5.0,2,1,7
2138,716652,BAL,680570,89,4.33,2.0,6,2,7
2139,716640,SD,663362,88,5.0,4.0,1,2,4
2140,716639,NYM,656731,93,5.0,0.0,2,4,2
2141,716638,AZ,573009,13,1.33,1.0,0,0,2
2142,716637,OAK,665622,84,4.33,5.0,3,3,6
2143,716634,COL,663567,91,5.0,6.0,2,2,8
2144,716633,CLE,676440,90,7.0,2.0,8,0,2
2145,716641,KC,666142,105,5.67,2.0,6,6,1
2146,717664,ATL,450203,104,6.0,4.0,9,4,6
2147,716636,STL,641712,80,4.33,7.0,2,3,8
2148,716635,WSH,571578,98,6.67,2.0,8,1,5
2149,716632,CLE,668909,93,6.0,3.0,2,4,5
2150,716630,TEX,641540,102,6.0,3.0,7,3,6
2151,716629,TB,607192,93,6.0,4.0,8,2,6
2152,716627,AZ,605200,78,4.0,3.0,5,3,4
2153,716625,CHC,696136,97,6.0,1.0,2,1,3
2154,716624,OAK,695243,45,2.0,0.0,3,1,1
2155,716623,LAA,672282,108,7.0,3.0,7,0,5
2156,716622,SD,658648,76,2.67,7.0,2,3,6
2157,716590,ATL,657140,62,3.0,6.0,3,2,6
2158,716626,MIA,666200,95,5.0,6.0,5,4,10
2159,716617,CIN,682227,92,4.0,5.0,4,2,7
2160,716631,KC,543475,82,5.0,7.0,3,0,7
2161,716628,NYY,681190,60,3.67,2.0,3,1,3
2162,716621,STL,425794,94,5.0,2.0,3,3,7
2163,716620,WSH,672851,93,4.0,4.0,4,6,8
2164,716619,CLE,615698,86,6.0,1.0,2,3,5
2165,716618,ATL,608331,87,5.0,1.0,6,2,4
2166,716616,TEX,453286,73,5.33,0.0,2,1,3
2167,716612,NYY,607074,93,5.0,1.0,9,4,4
2168,716614,OAK,676664,83,6.0,2.0,3,2,5
2169,716613,TB,641793,85,7.0,3.0,8,0,5
2170,716611,KC,663903,79,5.33,6.0,2,2,9
2171,716610,MIA,608638,16,1.0,0.0,0,0,1
2172,716609,CHC,665871,79,3.33,4.0,4,4,5
2173,716608,SD,608379,86,4.0,7.0,3,3,7
2174,716606,LAA,663776,92,5.0,1.0,4,0,9
2175,716615,AZ,669194,84,4.33,6.0,3,2,7
2176,716607,TB,671737,80,4.67,4.0,7,3,4
2177,716605,CLE,671106,88,5.0,1.0,5,3,5
2178,716604,STL,680723,93,5.33,0.0,7,3,2
2179,716602,LAA,681806,29,2.0,0.0,1,0,1
2180,716601,CIN,683175,82,4.0,3.0,3,4,4
2181,716600,WSH,671131,90,3.67,7.0,2,1,10
2182,716603,ATL,675911,110,7.0,1.0,9,2,4
2183,716598,KC,674444,31,2.0,0.0,4,0,2
2184,716596,OAK,621112,69,3.0,4.0,2,3,4
2185,716595,AZ,668678,90,5.0,6.0,4,2,8
2186,716594,TEX,656756,97,7.0,0.0,3,1,4
2187,716592,MIA,666129,91,6.0,0.0,7,2,4
2188,716589,SD,605483,91,6.0,0.0,8,1,1
2189,716599,CHC,592791,84,5.0,3.0,5,1,7
2190,716597,NYY,650633,87,4.67,1.0,8,1,6
2191,716593,NYY,657376,88,5.33,3.0,3,3,7
2192,716591,WSH,680686,88,6.33,2.0,10,0,5
2193,716588,AZ,518876,98,5.0,7.0,7,4,6
2194,716587,TEX,543135,73,3.33,2.0,3,3,3
2195,716585,MIA,691587,85,4.67,3.0,7,0,5
2196,716584,CIN,571882,27,1.0,1.0,1,0,2
2197,716580,MIN,628317,105,7.0,2.0,8,1,4
2198,716586,TB,650644,87,5.0,3.0,8,1,4
2199,716576,BOS,678394,101,6.0,3.0,10,1,4
2200,716582,ATL,693821,92,5.0,4.0,6,0,9
2201,716583,TB,621107,84,7.0,1.0,8,0,1
2202,716579,NYY,543037,93,5.0,2.0,4,3,6
2203,716578,WSH,663623,102,4.67,4.0,6,5,3
2204,716577,HOU,664299,81,5.0,3.0,6,1,5
2205,716575,TEX,592351,73,3.67,3.0,3,2,7
2206,716568,LAD,676272,91,5.67,3.0,7,2,6
2207,716573,MIN,641927,93,5.0,2.0,6,0,5
2208,716572,PHI,605400,97,4.67,2.0,1,1,7
2209,716571,SF,657277,104,8.0,1.0,6,0,4
2210,716570,DET,669373,91,7.0,1.0,9,0,3
2211,716569,SD,607625,95,6.0,3.0,7,1,5
2212,716567,CHC,657006,83,6.0,6.0,5,2,7
2213,716574,CIN,668881,98,5.67,3.0,6,1,4
2214,716581,SF,676775,76,4.0,3.0,5,2,3
2215,716566,BOS,519242,81,6.0,1.0,10,2,2
2216,716565,ATL,694363,56,3.0,5.0,2,2,7
2217,716564,SD,663362,85,5.33,2.0,5,1,7
2218,716563,NYY,596133,74,4.0,3.0,7,2,4
2219,716562,TEX,641540,85,5.0,0.0,5,3,6
2220,716561,TB,607192,77,4.0,6.0,4,2,8
2221,716560,HOU,641585,90,4.33,5.0,0,4,5
2222,716559,WSH,592866,70,2.0,3.0,1,2,5
2223,716558,CHC,543294,73,5.33,3.0,3,1,7
2224,716557,PHI,624133,106,6.0,1.0,5,4,4
2225,716556,MIN,641154,85,5.0,5.0,8,0,8
2226,716555,CIN,671096,91,3.67,2.0,5,3,6
2227,716554,DET,687830,82,5.0,1.0,11,3,2
2228,716552,LAD,477132,56,4.0,0.0,4,2,2
2229,716550,SF,518397,16,0.67,0.0,0,0,1
2230,716551,NYY,607074,103,6.67,3.0,10,0,6
2231,716553,TB,641793,55,4.67,1.0,3,0,4
2232,716548,BOS,601713,91,6.33,2.0,6,0,4
2233,716547,HOU,664285,92,7.0,0.0,5,1,6
2234,716546,ATL,450203,98,4.67,6.0,5,5,6
2235,716545,CIN,682227,79,4.0,3.0,2,1,6
2236,716544,DET,622766,18,1.0,0.0,1,1,1
2237,716549,TEX,674003,64,3.0,6.0,2,0,7
2238,716542,MIN,543243,81,7.0,0.0,6,0,5
2239,716541,PHI,592836,109,7.0,5.0,3,1,8
2240,716540,SF,640455,87,5.33,3.0,3,0,8
2241,716538,SD,607259,40,3.0,0.0,5,0,1
2242,716537,LAD,571946,16,1.0,0.0,1,0,1
2243,716536,CHC,696136,97,4.33,3.0,5,4,4
2244,716543,WSH,571578,88,6.0,1.0,2,2,4
2245,716539,CWS,605182,109,9.0,1.0,7,0,6
2246,716535,NYM,676130,95,6.0,1.0,6,1,4
2247,716534,MIN,657746,84,5.0,4.0,5,3,5
2248,716533,BOS,676710,84,6.0,2.0,7,0,4
2249,716532,PHI,554430,99,6.0,1.0,5,2,3
2250,716531,MIL,642547,86,6.0,1.0,6,0,4
2251,716530,BAL,607644,86,5.0,1.0,1,3,4
2252,716529,CLE,615698,96,5.67,2.0,3,0,5
2253,716528,DET,593958,70,3.0,5.0,1,1,5
2254,716527,SEA,693433,86,5.0,0.0,6,4,3
2255,716526,COL,621389,87,3.67,7.0,3,2,9
2256,716524,LAA,663776,100,5.0,2.0,7,3,5
2257,716525,CWS,570632,70,6.0,1.0,4,0,4
2258,716523,NYM,664192,88,5.67,2.0,5,2,6
2259,716522,MIN,628317,83,5.0,0.0,8,1,1
2260,716521,PHI,650911,60,4.0,3.0,2,1,7
2261,716520,TOR,579328,82,5.0,1.0,7,1,4
2262,716519,BOS,656557,89,4.0,2.0,4,4,3
2263,716511,SF,502171,52,2.0,5.0,1,1,5
2264,716517,CLE,671106,68,3.0,4.0,1,2,8
2265,716516,COL,663372,86,5.0,0.0,5,2,2
2266,716515,MIL,656730,31,1.0,2.0,2,1,3
2267,716514,BAL,502043,83,4.67,3.0,5,2,5
2268,716512,SEA,622491,99,7.0,2.0,8,3,5
2269,716510,DET,622766,27,0.67,0.0,1,1,2
2270,716518,PIT,663559,24,1.0,2.0,1,2,1
2271,716513,CWS,656629,14,1.0,0.0,1,0,1
2272,716509,PHI,605400,94,6.0,2.0,8,0,6
2273,716508,BAL,680694,100,6.0,0.0,9,2,2
2274,716507,BOS,678394,82,3.0,8.0,2,4,8
2275,716506,MIN,641927,97,5.0,2.0,3,3,3
2276,716505,CLE,608337,105,5.33,3.0,6,3,7
2277,716504,SEA,669923,85,7.0,3.0,3,0,8
2278,716501,LAA,672282,96,4.0,0.0,7,2,3
2279,716502,TOR,592332,104,6.0,0.0,10,3,3
2280,716500,COL,502624,89,6.33,2.0,3,2,5
2281,716499,SF,657277,102,6.0,3.0,4,2,9
2282,716497,PIT,656605,95,5.67,7.0,6,1,9
2283,716495,MIL,605288,84,6.0,1.0,4,2,4
2284,716494,DET,681857,94,6.0,1.0,5,2,2
2285,716503,NYM,673540,100,6.0,2.0,3,2,7
2286,716498,LAA,656288,109,5.0,2.0,7,3,3
2287,716496,ATL,608331,96,6.0,1.0,7,1,3
2288,716493,PIT,670912,93,6.0,0.0,5,5,4
2289,716492,TOR,621244,99,5.67,4.0,6,0,7
2290,716491,MIL,489119,92,6.0,0.0,7,2,3
2291,716490,NYM,656849,94,4.0,4.0,7,2,5
2292,716489,BAL,680570,99,5.0,2.0,7,3,5
2293,716488,DET,669373,87,7.0,0.0,10,1,2
2294,716484,SF,690986,75,5.33,2.0,2,1,3
2295,716487,PIT,656578,34,1.0,0.0,2,2,0
2296,716486,COL,663562,93,5.0,3.0,4,3,4
2297,716485,ATL,450203,24,1.0,0.0,1,2,0
2298,716483,BAL,665152,91,3.33,3.0,3,2,7
2299,716482,MIL,669203,97,5.0,0.0,6,2,2
2300,716481,NYM,656731,99,6.0,3.0,6,1,5
2301,716480,AZ,694297,81,4.33,5.0,8,0,8
2302,716474,SF,640455,85,7.0,0.0,2,0,3
2303,716478,CWS,657053,92,6.33,1.0,2,2,5
2304,716477,SEA,682243,75,4.33,6.0,2,1,6
2305,716476,STL,641712,84,6.0,2.0,2,1,9
2306,716475,LAA,660761,39,1.67,1.0,3,2,2
2307,716473,KC,666142,93,6.0,2.0,5,4,3
2308,716472,DET,687830,89,5.0,1.0,4,3,4
2309,716479,TOR,605135,88,6.67,2.0,8,0,6
2310,716465,LAA,670046,91,5.0,0.0,5,2,5
2311,716470,DET,622766,20,1.33,0.0,1,1,0
2312,716469,COL,623167,92,5.0,2.0,1,2,5
2313,716468,CWS,656302,108,7.0,0.0,11,0,6
2314,716466,NYM,500779,103,6.0,5.0,10,0,8
2315,716464,BAL,607644,96,7.33,1.0,4,1,1
2316,716461,SEA,669302,94,5.67,2.0,2,4,5
2317,716462,PIT,663559,57,2.0,8.0,1,1,9
2318,716460,MIL,605540,87,5.0,4.0,6,2,6
2319,716457,STL,663765,78,3.67,1.0,1,2,4
2320,716456,SF,605154,20,1.33,1.0,1,1,1
2321,716455,KC,543475,82,5.0,0.0,3,2,2
2322,716463,TOR,547943,89,4.33,5.0,2,3,7
2323,716467,ATL,675911,95,5.67,4.0,4,1,7
2324,716459,ATL,642216,89,5.0,2.0,6,2,7
2325,716458,AZ,668678,91,6.0,0.0,8,2,3
2326,716454,NYM,676130,86,4.0,4.0,5,2,4
2327,716453,CWS,605182,87,6.0,2.0,0,0,5
2328,716451,PIT,682990,92,6.0,2.0,4,5,2
2329,716450,BAL,502043,95,7.0,1.0,4,1,5
2330,716452,TOR,579328,73,4.0,3.0,7,0,9
2331,716448,KC,674444,24,1.0,1.0,0,0,3
2332,716447,MIL,642547,70,3.0,4.0,4,0,9
2333,716446,SEA,693433,81,3.33,6.0,6,2,5
2334,716445,LAA,681806,41,2.0,1.0,1,1,2
2335,716444,STL,680723,80,3.33,6.0,4,1,11
2336,716442,DET,593958,100,7.0,0.0,5,4,5
2337,716439,SF,676254,11,1.0,0.0,2,0,0
2338,716449,COL,621389,89,5.33,4.0,5,3,6
2339,716471,AZ,518876,96,5.0,2.0,5,2,4
2340,716441,SD,605483,100,6.0,0.0,7,2,4
2341,716440,TEX,592351,81,6.0,1.0,7,0,5
2342,716436,HOU,434378,96,8.0,1.0,8,1,3
2343,716431,NYY,650633,98,6.0,0.0,5,5,1
2344,716437,SD,607625,123,8.67,0.0,7,3,3
2345,716435,CIN,668881,70,3.0,7.0,3,1,8
2346,716438,LAD,657571,18,0.67,3.0,0,1,3
2347,716433,KC,425844,75,5.0,0.0,5,1,1
2348,716432,PIT,656605,92,6.0,2.0,6,2,3
2349,716429,CHC,657006,90,5.33,3.0,6,1,6
2350,716434,WSH,680686,98,6.0,1.0,7,2,5
2351,716427,AZ,605200,73,3.0,4.0,3,1,8
2352,716425,HOU,664299,91,4.67,3.0,6,3,3
2353,716424,LAD,676272,91,7.0,2.0,9,0,7
2354,716423,STL,571945,101,7.0,1.0,5,2,5
2355,716422,TEX,674003,73,4.0,6.0,3,0,7
2356,716421,OAK,621112,77,3.0,5.0,3,4,4
2357,716428,TB,621107,71,5.0,3.0,4,0,5
2358,716430,MIA,456501,73,4.33,2.0,4,1,4
2359,716426,SD,663362,82,6.0,2.0,2,2,5
2360,716419,TB,607192,70,5.0,0.0,9,1,2
2361,716418,CIN,671096,45,2.33,3.0,1,0,8
2362,716417,AZ,694297,87,5.67,0.0,8,0,5
2363,716416,WSH,571578,90,4.67,4.0,2,4,6
2364,716415,PIT,670912,91,5.0,6.0,6,2,7
2365,716420,TEX,641540,87,7.0,0.0,7,1,3
2366,716413,NYY,543037,105,9.0,0.0,5,0,2
2367,716412,CHC,592791,82,6.0,2.0,3,1,3
2368,716411,MIA,666129,77,4.0,4.0,2,2,3
2369,716410,OAK,683155,75,5.33,3.0,5,1,6
2370,716408,STL,668868,91,5.33,2.0,5,1,5
2371,716407,HOU,664285,83,4.0,3.0,7,5,5
2372,716406,LAD,686218,84,6.0,2.0,10,0,5
2373,716414,KC,680742,29,2.0,1.0,2,0,3
2374,716443,AZ,686826,38,2.67,2.0,1,1,1
2375,716409,PIT,682847,86,5.0,1.0,4,2,4
2376,716405,LAD,642232,72,4.0,9.0,2,1,11
2377,716404,MIA,666200,100,7.33,1.0,10,1,4
2378,716403,NYY,596133,77,4.0,2.0,6,1,6
2379,716401,KC,666142,96,6.33,4.0,8,4,5
2380,716400,OAK,665622,93,6.0,1.0,4,3,3
2381,716399,CHC,573186,38,2.0,2.0,2,0,4
2382,716397,TEX,656756,94,6.0,1.0,5,2,5
2383,716396,STL,641712,84,5.0,3.0,3,3,7
2384,716402,BOS,519242,69,5.0,1.0,2,1,3
2385,716398,MIA,665795,67,3.67,2.0,3,3,6
2386,716395,CLE,615698,101,5.0,4.0,3,1,8
2387,716394,WSH,592866,75,3.33,2.0,4,2,7
2388,716392,TB,650644,40,1.67,1.0,3,2,2
2389,716391,SD,607259,76,5.0,0.0,8,2,2
2390,716390,BOS,601713,87,7.0,0.0,10,1,2
2391,716389,NYY,607074,35,0.0,8.0,0,2,6
2392,716387,MIN,657746,91,5.0,6.0,6,1,8
2393,716386,OAK,686610,94,5.0,4.0,3,3,7
2394,716385,CHC,543294,73,4.33,3.0,2,3,5
2395,716384,HOU,664353,70,6.0,0.0,2,3,2
2396,716382,LAD,458681,85,6.0,2.0,4,4,2
2397,716379,TEX,543135,80,3.33,7.0,5,2,5
2398,716388,CIN,682227,82,6.0,2.0,2,2,5
2399,716393,PHI,674681,85,3.67,9.0,4,0,8
2400,716383,TB,542888,23,1.0,0.0,0,2,0
2401,716381,LAD,477132,83,5.33,2.0,5,2,5
2402,716378,MIA,608638,12,0.67,0.0,0,0,1
2403,716377,BOS,676710,76,6.0,0.0,7,0,1
2404,716376,PHI,592836,106,7.0,4.0,3,4,4
2405,716375,NYY,657376,64,4.0,2.0,3,0,8
2406,716380,CLE,663474,77,4.33,1.0,1,3,3
2407,716373,CHC,696136,44,1.67,6.0,1,1,6
2408,716372,CIN,683175,12,0.0,3.0,0,3,0
2409,716371,OAK,671212,88,7.0,3.0,6,2,2
2410,716370,HOU,434378,94,5.0,0.0,5,3,2
2411,716369,WSH,672851,88,4.0,3.0,5,2,6
2412,716368,MIN,641941,15,1.0,0.0,0,0,0
2413,716366,TEX,571760,85,4.33,0.0,2,1,5
2414,716374,SD,608379,87,7.0,0.0,7,1,3
2415,716364,CHC,592767,28,0.33,3.0,0,3,2
2416,716363,LAD,676272,57,4.0,0.0,4,1,1
2417,716362,MIA,677960,99,6.0,0.0,5,3,2
2418,716361,CLE,608337,106,5.0,5.0,4,4,7
2419,716360,TEX,641540,54,3.33,1.0,4,1,4
2420,716359,MIN,641927,96,6.67,1.0,9,0,2
2421,716355,PHI,621381,13,1.0,0.0,2,0,0
2422,716357,TB,682052,88,5.33,5.0,4,2,8
2423,716356,SD,658648,81,5.0,0.0,7,0,3
2424,716354,WSH,671131,92,5.0,5.0,4,2,5
2425,716353,CIN,668881,101,5.0,4.0,6,1,9
2426,716352,NYY,650633,71,4.0,4.0,1,0,8
2427,716365,OAK,676664,65,4.0,3.0,4,2,4
2428,716358,HOU,664299,80,6.0,0.0,4,2,3
2429,716367,BOS,656557,87,6.0,0.0,6,3,1
